"Number of Households by Type of Building, Tenure Status of the Housing Unit/Lot, and Province/Highly Urbanized City: Philippines, 2020"
"https://openstat.psa.gov.ph/PXWeb/pxweb/en/DB/DB__1A__PO/0061A6DTSH0.px/table/tableViewLayout1/?rxid=1e078637-ce19-499c-bf41-a4d1a933957b"
"Tenure Status of the Housing Unit/Lot";"Geographic Location";"All Types of Building";"Single House";"Duplex";"Apartment/ accessoria/rowhouse";"Condominium/ condotel";"Other multi-unit residential";"Commercial/ industrial/agricultural";"Institutional living quarter";"Other types of building";"Not Reported"
"Total";"PHILIPPINES /a";26376522;23086355;785663;1713666;173806;565763;45670;3644;1869;86
"Total";"..NATIONAL CAPITAL REGION (NCR)";3494685;2341016;140826;506241;162912;326385;16110;722;436;37
"Total";"....City of Manila";483508;277663;14503;41922;24097;122986;1869;209;247;12
"Total";"....City of Mandaluyong";116513;60997;3003;8720;22652;20693;417;23;8;0
"Total";"....City of Marikina";104406;82978;5092;13256;218;2481;356;23;2;0
"Total";"....City of Pasig";212866;124121;12265;41687;12054;22045;671;21;2;0
"Total";"....Quezon City";738367;554889;27601;98250;20807;32094;4495;173;37;21
"Total";"....City of San Juan";31415;16664;851;4234;3557;5897;190;7;15;0
"Total";"....City of Caloocan";404137;314759;18937;51129;1093;16535;1639;38;7;0
"Total";"....City of Malabon";94232;82935;2055;6442;68;2138;544;6;44;0
"Total";"....City of Navotas";63061;53708;1624;3849;0;3609;250;9;10;2
"Total";"....City of Valenzuela";192983;123616;9090;48998;1011;7600;2605;60;1;2
"Total";"....City of Las Piñas";156756;123735;7735;18448;1131;5063;602;37;5;0
"Total";"....City of Makati";186238;73564;5080;30757;47532;28882;381;26;16;0
"Total";"....City of Muntinlupa";138176;98562;6122;27442;1835;3969;229;5;12;0
"Total";"....City of Parañaque";182109;140583;5734;20751;5924;8228;834;46;9;0
"Total";"....Pasay City";127290;65408;3934;34291;15957;6922;753;12;13;0
"Total";"....City of Taguig";246790;135188;16169;53230;4976;36927;266;26;8;0
"Total";"....Pateros";15838;11646;1031;2835;0;316;9;1;0;0
"Total";"..CORDILLERA ADMINISTRATIVE REGION (CAR)";439149;409770;1799;24998;1103;484;874;73;47;1
"Total";"....Abra";58954;58304;468;76;0;73;21;11;0;1
"Total";"....Apayao";28861;28743;57;5;0;14;35;1;6;0
"Total";"....Benguet *";116690;108394;209;7722;0;59;260;14;32;0
"Total";"....Ifugao";48756;48437;122;97;0;75;25;0;0;0
"Total";"....Kalinga";48077;47894;79;35;0;45;20;4;0;0
"Total";"....Mountain Province";37601;37210;56;194;0;113;16;11;1;0
"Total";"....City of Baguio";100210;80788;808;16869;1103;105;497;32;8;0
"Total";"..REGION I (ILOCOS REGION)";1306220;1254980;30643;10913;10;8341;1163;117;50;3
"Total";"....Ilocos Norte";152970;145536;4426;1562;7;1218;200;15;6;0
"Total";"....Ilocos Sur";172042;167290;3097;731;0;770;137;14;3;0
"Total";"....La Union";205028;196408;4503;2816;0;1094;152;50;5;0
"Total";"....Pangasinan";776180;745746;18617;5804;3;5259;674;38;36;3
"Total";"..REGION II (CAGAYAN VALLEY)";907344;872355;21054;7407;0;5260;1192;64;10;2
"Total";"....Batanes";5546;5505;22;0;0;9;4;5;1;0
"Total";"....Cagayan";301509;290801;6854;2005;0;1453;368;28;0;0
"Total";"....Isabela";422569;405502;10616;3282;0;2754;392;21;0;2
"Total";"....Nueva Vizcaya";128175;121758;3096;2082;0;911;311;10;7;0
"Total";"....Quirino";49545;48789;466;38;0;133;117;0;2;0
"Total";"..REGION III (CENTRAL LUZON)";3039882;2585593;135355;255299;360;57562;5008;352;345;8
"Total";"....Aurora";57036;55815;641;396;0;92;72;16;4;0
"Total";"....Bataan";208879;180934;10618;14436;0;2574;285;24;6;2
"Total";"....Bulacan";920457;671305;50233;176828;229;19468;1989;156;247;2
"Total";"....Nueva Ecija";572551;539001;19223;7468;3;6023;780;46;7;0
"Total";"....Pampanga *";573763;510491;22941;25539;4;13980;750;46;10;2
"Total";"....Tarlac";359534;335164;13770;5202;39;4893;406;22;36;2
"Total";"....Zambales *";164922;151166;7334;3768;0;2480;132;25;17;0
"Total";"....City of Angeles";116318;96350;5875;9245;7;4477;339;9;16;0
"Total";"....City of Olongapo";66422;45367;4720;12417;78;3575;255;8;2;0
"Total";"..REGION IV-A (CALABARZON)";4061996;3019333;255284;708726;4640;67007;6211;333;449;13
"Total";"....Batangas";715915;610659;34470;59521;7;10046;1072;71;67;2
"Total";"....Cavite";1095917;662914;105024;300282;1702;23232;2316;96;344;7
"Total";"....Laguna";915250;616880;62945;217513;345;16554;939;51;21;2
"Total";"....Quezon *";483655;454656;14820;9796;0;3685;656;39;3;0
"Total";"....Rizal";784360;615189;35231;117454;2586;12708;1103;73;14;2
"Total";"....City of Lucena";66899;59035;2794;4160;0;782;125;3;0;0
"Total";"..MIMAROPA REGION";792789;765068;11099;11537;12;3878;1037;154;4;0
"Total";"....Marinduque";60547;59612;532;217;0;141;39;5;1;0
"Total";"....Occidental Mindoro";126627;123182;1878;851;0;631;77;7;1;0
"Total";"....Oriental Mindoro";215071;205282;3994;4851;0;581;331;31;1;0
"Total";"....Palawan *";230809;226333;1534;1809;0;711;372;50;0;0
"Total";"....Romblon";77635;75828;1044;477;0;243;31;11;1;0
"Total";"....City of Puerto Princesa";82100;74831;2117;3332;12;1571;187;50;0;0
"Total";"..REGION V (BICOL REGION)";1364824;1320904;22859;13043;11;6176;1535;243;53;0
"Total";"....Albay";311416;300866;6425;1962;11;1769;274;102;7;0
"Total";"....Camarines Norte";144139;138784;2433;2171;0;487;245;9;10;0
"Total";"....Camarines Sur";455217;434828;9502;7304;0;2890;626;46;21;0
"Total";"....Catanduanes";60336;59625;348;157;0;60;79;57;10;0
"Total";"....Masbate";206278;203737;1455;493;0;441;138;11;3;0
"Total";"....Sorsogon";187438;183064;2696;956;0;529;173;18;2;0
"Total";"..REGION VI (WESTERN VISAYAS)";1939744;1870861;25595;32451;75;8459;2009;231;63;0
"Total";"....Aklan";151373;147355;1501;1896;3;325;252;40;1;0
"Total";"....Antique";147681;145081;1566;585;1;308;123;15;2;0
"Total";"....Capiz";202026;194578;2886;3863;2;570;108;10;9;0
"Total";"....Guimaras";47474;47309;51;37;0;17;57;1;2;0
"Total";"....Iloilo *";506167;488974;5989;8671;4;2155;288;57;29;0
"Total";"....Negros Occidental *";637910;616284;7825;10803;0;2588;375;35;0;0
"Total";"....City of Bacolod";142813;135411;3209;2489;10;1250;394;44;6;0
"Total";"....City of Iloilo";104300;95869;2568;4107;55;1246;412;29;14;0
"Total";"..REGION VII (CENTRAL VISAYAS)";1965256;1836040;35145;57755;3762;30097;2120;262;73;2
"Total";"....Bohol";321983;316631;2611;1192;0;1195;270;67;17;0
"Total";"....Cebu *";799368;756020;15456;19522;5;7660;624;61;20;0
"Total";"....Negros Oriental";347927;339636;3483;2296;12;2205;239;42;12;2
"Total";"....Siquijor";25803;25667;60;28;0;10;35;2;1;0
"Total";"....City of Cebu";237797;209632;6668;11506;2345;7056;500;75;15;0
"Total";"....City of Lapu-Lapu (Opon)";129628;102457;4183;14943;277;7607;149;11;1;0
"Total";"....City of Mandaue";102750;85997;2684;8268;1123;4364;303;4;7;0
"Total";"..REGION VIII (EASTERN VISAYAS)";1081813;1036029;17681;22466;1;4612;888;97;39;0
"Total";"....Biliran";43049;41795;159;1008;0;35;49;3;0;0
"Total";"....Eastern Samar";115766;113070;1229;1049;0;362;47;5;4;0
"Total";"....Leyte *";443328;425336;7395;8082;1;2153;307;35;19;0
"Total";"....Northern Samar";139842;137901;1353;178;0;305;84;20;1;0
"Total";"....Samar (Western Samar)";181732;175217;3524;1892;0;996;84;15;4;0
"Total";"....Southern Leyte";100860;97051;2713;643;0;323;113;12;5;0
"Total";"....City of Tacloban";57236;45659;1308;9614;0;438;204;7;6;0
"Total";"..REGION IX (ZAMBOANGA PENINSULA)";895285;865994;13604;7565;0;6909;1032;145;31;5
"Total";"....Zamboanga del Norte";247968;242691;2341;2304;0;448;160;24;0;0
"Total";"....Zamboanga del Sur *";239224;236609;1072;580;0;649;250;53;11;0
"Total";"....Zamboanga Sibugay";154664;150481;2556;213;0;1047;332;34;1;0
"Total";"....City of Isabela **";26646;25772;518;101;0;232;19;1;3;0
"Total";"....City of Zamboanga";226783;210441;7117;4367;0;4533;271;33;16;5
"Total";"..REGION X (NORTHERN MINDANAO)";1197420;1144110;22094;15681;99;13492;1754;160;25;5
"Total";"....Bukidnon";357098;349505;3887;1259;1;1821;558;57;9;1
"Total";"....Camiguin";22281;22049;145;38;0;19;26;4;0;0
"Total";"....Lanao del Norte *";161392;157066;2975;311;0;834;193;13;0;0
"Total";"....Misamis Occidental";149125;144001;2462;1606;0;940;100;11;5;0
"Total";"....Misamis Oriental *";230203;222940;4088;932;0;1983;228;25;5;2
"Total";"....City of Cagayan de Oro";190099;171350;5002;7290;98;5843;470;41;5;0
"Total";"....City of Iligan";87222;77199;3535;4245;0;2052;179;9;1;2
"Total";"..REGION XI (DAVAO REGION)";1336312;1271608;27640;16363;808;17178;2275;344;90;6
"Total";"....Davao de Oro (Compostela Valley)";188900;175811;10033;900;4;1830;285;29;6;2
"Total";"....Davao del Norte";271649;258436;4553;4421;7;3767;389;68;8;0
"Total";"....Davao del Sur *";181436;177480;1447;1432;0;901;147;14;15;0
"Total";"....Davao Occidental";78182;78090;23;4;0;23;27;15;0;0
"Total";"....Davao Oriental";140059;136419;2630;176;0;716;82;33;1;2
"Total";"....City of Davao";476086;445372;8954;9430;797;9941;1345;185;60;2
"Total";"..REGION XII (SOCCSKSARGEN)";1063624;1030896;10437;17349;0;3560;1161;123;96;2
"Total";"....Cotabato (North Cotabato)";306710;301435;2625;1191;0;1022;341;23;73;0
"Total";"....Sarangani";133863;132021;1131;225;0;422;55;9;0;0
"Total";"....South Cotabato *";244981;238735;1745;3510;0;697;282;6;6;0
"Total";"....Sultan Kudarat";202730;199455;1482;881;0;602;230;77;1;2
"Total";"....City of General Santos (Dadiangas)";175340;159250;3454;11542;0;817;253;8;16;0
"Total";"..REGION XIII (CARAGA)";660813;643541;8645;4432;0;3307;731;130;27;0
"Total";"....Agusan del Norte *";90991;88306;1647;443;0;529;64;2;0;0
"Total";"....Agusan del Sur";173953;171385;1373;431;0;537;176;39;12;0
"Total";"....Dinagat Islands";29391;29137;165;8;0;55;24;2;0;0
"Total";"....Surigao del Norte";126542;123214;1565;1269;0;379;103;10;2;0
"Total";"....Surigao del Sur";150535;146793;2258;360;0;972;133;13;6;0
"Total";"....City of Butuan";89401;84706;1637;1921;0;835;231;64;7;0
"Total";"..BANGSAMORO AUTONOMOUS REGION IN MUSLIM MINDANAO (BARMM)";829366;818257;5903;1440;13;3056;570;94;31;2
"Total";"....Basilan";73419;73084;194;38;3;82;10;5;3;0
"Total";"....Lanao del Sur";181511;177392;2292;267;0;1424;92;21;23;0
"Total";"....Maguindanao";287283;283047;1734;1073;7;1004;376;37;5;0
"Total";"....Sulu";164729;162882;1385;29;0;362;45;24;0;2
"Total";"....Tawi-Tawi";74757;74547;81;33;3;49;38;6;0;0
"Total";"....Eight (8) Area Clusters ***";47667;47305;217;0;0;135;9;1;0;0
"Own or owner-like possession of the house and lot";"PHILIPPINES /a";15104248;13795066;392414;655772;44809;205117;10105;932;0;33
"Own or owner-like possession of the house and lot";"..NATIONAL CAPITAL REGION (NCR)";1449091;1145637;56673;112478;38793;93373;2002;122;0;13
"Own or owner-like possession of the house and lot";"....City of Manila";171345;119393;5653;7348;8041;30644;245;11;0;10
"Own or owner-like possession of the house and lot";"....City of Mandaluyong";41516;26520;1175;1577;6775;5421;45;3;0;0
"Own or owner-like possession of the house and lot";"....City of Marikina";60869;53304;2252;3834;121;1255;96;7;0;0
"Own or owner-like possession of the house and lot";"....City of Pasig";96751;66771;5233;11553;4489;8617;81;7;0;0
"Own or owner-like possession of the house and lot";"....Quezon City";281842;229198;10749;23948;7712;9758;453;23;0;1
"Own or owner-like possession of the house and lot";"....City of San Juan";10593;6630;383;970;870;1708;28;4;0;0
"Own or owner-like possession of the house and lot";"....City of Caloocan";221439;189731;9051;14024;474;7836;309;14;0;0
"Own or owner-like possession of the house and lot";"....City of Malabon";36359;33960;599;770;40;905;82;3;0;0
"Own or owner-like possession of the house and lot";"....City of Navotas";30916;28265;684;686;0;1251;26;2;0;2
"Own or owner-like possession of the house and lot";"....City of Valenzuela";74243;63876;2089;5987;706;1334;242;9;0;0
"Own or owner-like possession of the house and lot";"....City of Las Piñas";80396;70312;3253;4051;618;2055;95;12;0;0
"Own or owner-like possession of the house and lot";"....City of Makati";51337;34851;1966;7650;1787;5021;57;5;0;0
"Own or owner-like possession of the house and lot";"....City of Muntinlupa";53581;43825;2350;5330;862;1192;19;3;0;0
"Own or owner-like possession of the house and lot";"....City of Parañaque";80975;69905;2019;4150;2274;2500;118;9;0;0
"Own or owner-like possession of the house and lot";"....Pasay City";35128;25364;1182;5624;1509;1381;68;0;0;0
"Own or owner-like possession of the house and lot";"....City of Taguig";112706;75853;7568;14363;2515;12362;35;10;0;0
"Own or owner-like possession of the house and lot";"....Pateros";9095;7879;467;613;0;133;3;0;0;0
"Own or owner-like possession of the house and lot";"..CORDILLERA ADMINISTRATIVE REGION (CAR)";295248;290864;868;3008;174;162;160;12;0;0
"Own or owner-like possession of the house and lot";"....Abra";48586;48156;353;18;0;49;7;3;0;0
"Own or owner-like possession of the house and lot";"....Apayao";20952;20892;40;0;0;5;15;0;0;0
"Own or owner-like possession of the house and lot";"....Benguet *";73163;72206;53;840;0;15;49;0;0;0
"Own or owner-like possession of the house and lot";"....Ifugao";38701;38551;73;32;0;35;10;0;0;0
"Own or owner-like possession of the house and lot";"....Kalinga";39860;39775;53;5;0;16;10;1;0;0
"Own or owner-like possession of the house and lot";"....Mountain Province";30771;30685;29;32;0;15;9;1;0;0
"Own or owner-like possession of the house and lot";"....City of Baguio";43215;40599;267;2081;174;27;60;7;0;0
"Own or owner-like possession of the house and lot";"..REGION I (ILOCOS REGION)";934700;908886;18344;2636;7;4394;377;56;0;0
"Own or owner-like possession of the house and lot";"....Ilocos Norte";110874;107164;2696;324;5;605;75;5;0;0
"Own or owner-like possession of the house and lot";"....Ilocos Sur";135911;132792;2241;372;0;438;58;10;0;0
"Own or owner-like possession of the house and lot";"....La Union";141679;138120;2289;655;0;534;59;22;0;0
"Own or owner-like possession of the house and lot";"....Pangasinan";546236;530810;11118;1285;2;2817;185;19;0;0
"Own or owner-like possession of the house and lot";"..REGION II (CAGAYAN VALLEY)";686105;666825;13734;2083;0;2950;487;24;0;2
"Own or owner-like possession of the house and lot";"....Batanes";3734;3715;16;0;0;0;3;0;0;0
"Own or owner-like possession of the house and lot";"....Cagayan";224838;218516;4661;525;0;939;180;17;0;0
"Own or owner-like possession of the house and lot";"....Isabela";323811;314008;6986;1133;0;1523;154;5;0;2
"Own or owner-like possession of the house and lot";"....Nueva Vizcaya";94197;91523;1757;417;0;416;82;2;0;0
"Own or owner-like possession of the house and lot";"....Quirino";39525;39063;314;8;0;72;68;0;0;0
"Own or owner-like possession of the house and lot";"..REGION III (CENTRAL LUZON)";2092752;1864535;79015;114249;219;33365;1249;116;0;4
"Own or owner-like possession of the house and lot";"....Aurora";35125;34595;344;113;0;46;17;10;0;0
"Own or owner-like possession of the house and lot";"....Bataan";127163;117660;5232;2885;0;1312;63;11;0;0
"Own or owner-like possession of the house and lot";"....Bulacan";596084;469352;27389;86808;135;12054;311;35;0;0
"Own or owner-like possession of the house and lot";"....Nueva Ecija";399632;382597;11572;1761;0;3425;261;16;0;0
"Own or owner-like possession of the house and lot";"....Pampanga *";459432;420873;16090;13418;4;8780;246;19;0;2
"Own or owner-like possession of the house and lot";"....Tarlac";261160;247647;8725;1801;14;2814;148;9;0;2
"Own or owner-like possession of the house and lot";"....Zambales *";108502;101380;4338;1448;0;1268;55;13;0;0
"Own or owner-like possession of the house and lot";"....City of Angeles";72202;63814;3161;2985;4;2161;75;2;0;0
"Own or owner-like possession of the house and lot";"....City of Olongapo";33452;26617;2164;3030;62;1505;73;1;0;0
"Own or owner-like possession of the house and lot";"..REGION IV-A (CALABARZON)";2408807;1896963;130089;345911;2658;31849;1231;102;0;4
"Own or owner-like possession of the house and lot";"....Batangas";466772;424009;16848;21299;4;4367;217;28;0;0
"Own or owner-like possession of the house and lot";"....Cavite";652677;423074;55787;162665;621;10156;344;29;0;1
"Own or owner-like possession of the house and lot";"....Laguna";539821;396373;32439;101714;224;8889;165;15;0;2
"Own or owner-like possession of the house and lot";"....Quezon *";230879;219873;6160;3073;0;1542;224;7;0;0
"Own or owner-like possession of the house and lot";"....Rizal";486555;403964;17813;56123;1809;6596;227;22;0;1
"Own or owner-like possession of the house and lot";"....City of Lucena";32103;29670;1042;1037;0;299;54;1;0;0
"Own or owner-like possession of the house and lot";"..MIMAROPA REGION";463433;454205;4967;2616;0;1243;363;39;0;0
"Own or owner-like possession of the house and lot";"....Marinduque";36205;35819;269;40;0;63;12;2;0;0
"Own or owner-like possession of the house and lot";"....Occidental Mindoro";84057;82683;936;160;0;247;30;1;0;0
"Own or owner-like possession of the house and lot";"....Oriental Mindoro";119821;115882;1789;1771;0;257;109;13;0;0
"Own or owner-like possession of the house and lot";"....Palawan *";137347;136096;682;180;0;239;139;11;0;0
"Own or owner-like possession of the house and lot";"....Romblon";45987;45147;574;155;0;97;12;2;0;0
"Own or owner-like possession of the house and lot";"....City of Puerto Princesa";40016;38578;717;310;0;340;61;10;0;0
"Own or owner-like possession of the house and lot";"..REGION V (BICOL REGION)";714801;695918;11147;4367;0;2753;537;79;0;0
"Own or owner-like possession of the house and lot";"....Albay";174657;169622;3578;457;0;864;119;17;0;0
"Own or owner-like possession of the house and lot";"....Camarines Norte";71821;70006;997;553;0;181;78;6;0;0
"Own or owner-like possession of the house and lot";"....Camarines Sur";251747;242385;4773;3017;0;1355;198;19;0;0
"Own or owner-like possession of the house and lot";"....Catanduanes";37806;37458;200;49;0;38;38;23;0;0
"Own or owner-like possession of the house and lot";"....Masbate";91105;90278;541;74;0;154;54;4;0;0
"Own or owner-like possession of the house and lot";"....Sorsogon";87665;86169;1058;217;0;161;50;10;0;0
"Own or owner-like possession of the house and lot";"..REGION VI (WESTERN VISAYAS)";933427;896466;11107;21404;37;3613;721;79;0;0
"Own or owner-like possession of the house and lot";"....Aklan";95301;93036;821;1132;3;167;122;20;0;0
"Own or owner-like possession of the house and lot";"....Antique";92627;91029;1013;372;0;153;48;12;0;0
"Own or owner-like possession of the house and lot";"....Capiz";89871;85863;1214;2507;0;244;39;4;0;0
"Own or owner-like possession of the house and lot";"....Guimaras";26844;26783;17;5;0;6;33;0;0;0
"Own or owner-like possession of the house and lot";"....Iloilo *";243358;232679;3008;6354;1;1193;101;22;0;0
"Own or owner-like possession of the house and lot";"....Negros Occidental *";261337;249482;2423;8416;0;887;116;13;0;0
"Own or owner-like possession of the house and lot";"....City of Bacolod";74766;72034;1671;523;6;402;127;3;0;0
"Own or owner-like possession of the house and lot";"....City of Iloilo";49323;45560;940;2095;27;561;135;5;0;0
"Own or owner-like possession of the house and lot";"..REGION VII (CENTRAL VISAYAS)";1151054;1101114;15523;18790;2377;12597;570;82;0;1
"Own or owner-like possession of the house and lot";"....Bohol";233671;231473;1478;166;0;421;105;28;0;0
"Own or owner-like possession of the house and lot";"....Cebu *";470871;451865;6930;8441;1;3451;158;25;0;0
"Own or owner-like possession of the house and lot";"....Negros Oriental";202164;198730;1530;928;5;869;88;13;0;1
"Own or owner-like possession of the house and lot";"....Siquijor";20471;20411;41;1;0;7;11;0;0;0
"Own or owner-like possession of the house and lot";"....City of Cebu";119932;110810;2690;2373;1482;2424;142;11;0;0
"Own or owner-like possession of the house and lot";"....City of Lapu-Lapu (Opon)";64612;52911;1845;5596;183;4041;32;4;0;0
"Own or owner-like possession of the house and lot";"....City of Mandaue";39333;34914;1009;1285;706;1384;34;1;0;0
"Own or owner-like possession of the house and lot";"..REGION VIII (EASTERN VISAYAS)";545137;520107;8639;14224;1;1831;312;23;0;0
"Own or owner-like possession of the house and lot";"....Biliran";20962;20229;57;656;0;11;9;0;0;0
"Own or owner-like possession of the house and lot";"....Eastern Samar";73522;71897;690;703;0;216;14;2;0;0
"Own or owner-like possession of the house and lot";"....Leyte *";217486;207952;3563;4998;1;866;100;6;0;0
"Own or owner-like possession of the house and lot";"....Northern Samar";73862;72983;654;60;0;132;31;2;0;0
"Own or owner-like possession of the house and lot";"....Samar (Western Samar)";77431;74494;1507;1078;0;303;40;9;0;0
"Own or owner-like possession of the house and lot";"....Southern Leyte";53211;51466;1432;146;0;142;21;4;0;0
"Own or owner-like possession of the house and lot";"....City of Tacloban";28663;21086;736;6583;0;161;97;0;0;0
"Own or owner-like possession of the house and lot";"..REGION IX (ZAMBOANGA PENINSULA)";462365;452548;5920;1174;0;2285;395;40;0;3
"Own or owner-like possession of the house and lot";"....Zamboanga del Norte";133428;131686;1116;406;0;151;67;2;0;0
"Own or owner-like possession of the house and lot";"....Zamboanga del Sur *";126612;125768;465;82;0;173;97;27;0;0
"Own or owner-like possession of the house and lot";"....Zamboanga Sibugay";69848;68572;876;34;0;254;105;7;0;0
"Own or owner-like possession of the house and lot";"....City of Isabela **";16587;16215;283;0;0;78;11;0;0;0
"Own or owner-like possession of the house and lot";"....City of Zamboanga";115890;110307;3180;652;0;1629;115;4;0;3
"Own or owner-like possession of the house and lot";"..REGION X (NORTHERN MINDANAO)";659753;637431;9903;6165;50;5639;527;36;0;2
"Own or owner-like possession of the house and lot";"....Bukidnon";232825;230028;1830;223;1;566;167;10;0;0
"Own or owner-like possession of the house and lot";"....Camiguin";12713;12610;74;7;0;13;7;2;0;0
"Own or owner-like possession of the house and lot";"....Lanao del Norte *";65421;63955;1065;34;0;287;77;3;0;0
"Own or owner-like possession of the house and lot";"....Misamis Occidental";79148;77124;1142;485;0;362;32;3;0;0
"Own or owner-like possession of the house and lot";"....Misamis Oriental *";126712;123836;1969;153;0;690;57;7;0;0
"Own or owner-like possession of the house and lot";"....City of Cagayan de Oro";103758;94196;2729;3580;49;3069;125;10;0;0
"Own or owner-like possession of the house and lot";"....City of Iligan";39176;35682;1094;1683;0;652;62;1;0;2
"Own or owner-like possession of the house and lot";"..REGION XI (DAVAO REGION)";785382;761696;15350;2439;486;4901;462;46;0;2
"Own or owner-like possession of the house and lot";"....Davao de Oro (Compostela Valley)";114202;105825;7587;135;1;573;75;6;0;0
"Own or owner-like possession of the house and lot";"....Davao del Norte";163772;160259;1840;819;2;743;99;10;0;0
"Own or owner-like possession of the house and lot";"....Davao del Sur *";113284;112145;611;158;0;318;48;4;0;0
"Own or owner-like possession of the house and lot";"....Davao Occidental";40065;40043;12;1;0;4;5;0;0;0
"Own or owner-like possession of the house and lot";"....Davao Oriental";72702;70851;1522;31;0;261;31;6;0;0
"Own or owner-like possession of the house and lot";"....City of Davao";281357;272573;3778;1295;483;3002;204;20;0;2
"Own or owner-like possession of the house and lot";"..REGION XII (SOCCSKSARGEN)";661234;652738;4491;2448;0;1206;328;23;0;0
"Own or owner-like possession of the house and lot";"....Cotabato (North Cotabato)";208479;206265;1471;209;0;424;99;11;0;0
"Own or owner-like possession of the house and lot";"....Sarangani";66992;66224;505;20;0;226;15;2;0;0
"Own or owner-like possession of the house and lot";"....South Cotabato *";169895;168364;771;498;0;159;102;1;0;0
"Own or owner-like possession of the house and lot";"....Sultan Kudarat";124892;123834;606;220;0;156;69;7;0;0
"Own or owner-like possession of the house and lot";"....City of General Santos (Dadiangas)";90976;88051;1138;1501;0;241;43;2;0;0
"Own or owner-like possession of the house and lot";"..REGION XIII (CARAGA)";333717;327615;3473;1252;0;1140;210;27;0;0
"Own or owner-like possession of the house and lot";"....Agusan del Norte *";43200;42272;655;75;0;187;11;0;0;0
"Own or owner-like possession of the house and lot";"....Agusan del Sur";90047;89222;518;63;0;173;63;8;0;0
"Own or owner-like possession of the house and lot";"....Dinagat Islands";19707;19561;101;0;0;31;13;1;0;0
"Own or owner-like possession of the house and lot";"....Surigao del Norte";68182;67105;669;207;0;169;26;6;0;0
"Own or owner-like possession of the house and lot";"....Surigao del Sur";69896;68707;818;53;0;273;40;5;0;0
"Own or owner-like possession of the house and lot";"....City of Butuan";42685;40748;712;854;0;307;57;7;0;0
"Own or owner-like possession of the house and lot";"..BANGSAMORO AUTONOMOUS REGION IN MUSLIM MINDANAO (BARMM)";527242;521518;3171;528;7;1816;174;26;0;2
"Own or owner-like possession of the house and lot";"....Basilan";38939;38743;123;15;1;48;5;4;0;0
"Own or owner-like possession of the house and lot";"....Lanao del Sur";140779;137723;1756;169;0;1074;51;6;0;0
"Own or owner-like possession of the house and lot";"....Maguindanao";173952;172179;872;336;3;474;84;4;0;0
"Own or owner-like possession of the house and lot";"....Sulu";89840;89467;225;7;0;110;20;9;0;2
"Own or owner-like possession of the house and lot";"....Tawi-Tawi";51292;51193;50;1;3;29;14;2;0;0
"Own or owner-like possession of the house and lot";"....Eight (8) Area Clusters ***";32440;32213;145;0;0;81;0;1;0;0
"Own house rent lot";"PHILIPPINES /a";1028739;923858;29952;52721;0;20562;1549;91;0;6
"Own house rent lot";"..NATIONAL CAPITAL REGION (NCR)";120119;91103;5422;13023;0;10305;249;14;0;3
"Own house rent lot";"....City of Manila";16500;11396;426;867;0;3754;52;5;0;0
"Own house rent lot";"....City of Mandaluyong";1211;754;57;75;0;310;15;0;0;0
"Own house rent lot";"....City of Marikina";3234;2488;226;362;0;150;7;1;0;0
"Own house rent lot";"....City of Pasig";12496;8298;699;1941;0;1539;19;0;0;0
"Own house rent lot";"....Quezon City";18072;14311;788;1998;0;912;58;2;0;3
"Own house rent lot";"....City of San Juan";779;576;27;79;0;95;2;0;0;0
"Own house rent lot";"....City of Caloocan";19095;15480;989;1800;0;793;33;0;0;0
"Own house rent lot";"....City of Malabon";4026;3855;36;101;0;30;4;0;0;0
"Own house rent lot";"....City of Navotas";4069;3754;86;63;0;162;1;3;0;0
"Own house rent lot";"....City of Valenzuela";5930;4601;238;893;0;185;11;2;0;0
"Own house rent lot";"....City of Las Piñas";5404;4596;278;356;0;168;6;0;0;0
"Own house rent lot";"....City of Makati";2973;1773;136;716;0;341;7;0;0;0
"Own house rent lot";"....City of Muntinlupa";6595;5479;298;738;0;78;2;0;0;0
"Own house rent lot";"....City of Parañaque";6327;5114;281;509;0;415;8;0;0;0
"Own house rent lot";"....Pasay City";3661;2560;163;619;0;311;8;0;0;0
"Own house rent lot";"....City of Taguig";8556;5119;604;1783;0;1035;15;0;0;0
"Own house rent lot";"....Pateros";1191;949;90;123;0;27;1;1;0;0
"Own house rent lot";"..CORDILLERA ADMINISTRATIVE REGION (CAR)";4322;4100;20;185;0;1;16;0;0;0
"Own house rent lot";"....Abra";523;510;12;1;0;0;0;0;0;0
"Own house rent lot";"....Apayao";273;269;0;0;0;0;4;0;0;0
"Own house rent lot";"....Benguet *";1292;1198;3;90;0;0;1;0;0;0
"Own house rent lot";"....Ifugao";357;355;0;0;0;0;2;0;0;0
"Own house rent lot";"....Kalinga";593;591;0;1;0;1;0;0;0;0
"Own house rent lot";"....Mountain Province";336;336;0;0;0;0;0;0;0;0
"Own house rent lot";"....City of Baguio";948;841;5;93;0;0;9;0;0;0
"Own house rent lot";"..REGION I (ILOCOS REGION)";29274;27993;836;152;0;244;47;2;0;0
"Own house rent lot";"....Ilocos Norte";5397;5077;219;30;0;61;9;1;0;0
"Own house rent lot";"....Ilocos Sur";3479;3354;80;9;0;25;11;0;0;0
"Own house rent lot";"....La Union";4350;4178;109;36;0;21;6;0;0;0
"Own house rent lot";"....Pangasinan";16048;15384;428;77;0;137;21;1;0;0
"Own house rent lot";"..REGION II (CAGAYAN VALLEY)";24413;23289;709;167;0;219;27;2;0;0
"Own house rent lot";"....Batanes";119;119;0;0;0;0;0;0;0;0
"Own house rent lot";"....Cagayan";9669;9199;286;79;0;96;9;0;0;0
"Own house rent lot";"....Isabela";12595;12051;365;57;0;108;13;1;0;0
"Own house rent lot";"....Nueva Vizcaya";1529;1436;47;30;0;12;3;1;0;0
"Own house rent lot";"....Quirino";501;484;11;1;0;3;2;0;0;0
"Own house rent lot";"..REGION III (CENTRAL LUZON)";97399;82815;4459;7849;0;2144;124;8;0;0
"Own house rent lot";"....Aurora";809;798;4;1;0;5;1;0;0;0
"Own house rent lot";"....Bataan";4861;4380;212;209;0;55;5;0;0;0
"Own house rent lot";"....Bulacan";35264;26251;1871;6305;0;779;54;4;0;0
"Own house rent lot";"....Nueva Ecija";25386;23897;1011;172;0;280;24;2;0;0
"Own house rent lot";"....Pampanga *";13902;12183;617;414;0;666;22;0;0;0
"Own house rent lot";"....Tarlac";8536;7686;365;331;0;148;4;2;0;0
"Own house rent lot";"....Zambales *";3480;3220;149;67;0;42;2;0;0;0
"Own house rent lot";"....City of Angeles";4046;3536;176;217;0;107;10;0;0;0
"Own house rent lot";"....City of Olongapo";1115;864;54;133;0;62;2;0;0;0
"Own house rent lot";"..REGION IV-A (CALABARZON)";144394;105725;8522;26665;0;3340;134;5;0;3
"Own house rent lot";"....Batangas";15802;13316;748;1482;0;239;14;1;0;2
"Own house rent lot";"....Cavite";36067;20425;3219;10841;0;1544;35;2;0;1
"Own house rent lot";"....Laguna";35322;22934;2537;8984;0;844;22;1;0;0
"Own house rent lot";"....Quezon *";23260;21955;788;308;0;182;27;0;0;0
"Own house rent lot";"....Rizal";30235;23575;1113;4999;0;511;36;1;0;0
"Own house rent lot";"....City of Lucena";3708;3520;117;51;0;20;0;0;0;0
"Own house rent lot";"..MIMAROPA REGION";20616;20048;299;150;0;80;35;4;0;0
"Own house rent lot";"....Marinduque";767;752;14;0;0;0;1;0;0;0
"Own house rent lot";"....Occidental Mindoro";2696;2628;44;18;0;4;0;2;0;0
"Own house rent lot";"....Oriental Mindoro";4268;4067;108;72;0;14;5;2;0;0
"Own house rent lot";"....Palawan *";8428;8310;55;21;0;25;17;0;0;0
"Own house rent lot";"....Romblon";1201;1174;18;2;0;6;1;0;0;0
"Own house rent lot";"....City of Puerto Princesa";3256;3117;60;37;0;31;11;0;0;0
"Own house rent lot";"..REGION V (BICOL REGION)";56685;55056;989;259;0;284;93;4;0;0
"Own house rent lot";"....Albay";10375;10079;191;29;0;66;8;2;0;0
"Own house rent lot";"....Camarines Norte";7472;7253;129;49;0;24;17;0;0;0
"Own house rent lot";"....Camarines Sur";18870;18259;337;138;0;88;47;1;0;0
"Own house rent lot";"....Catanduanes";1082;1073;4;0;0;1;4;0;0;0
"Own house rent lot";"....Masbate";10180;10018;104;14;0;32;11;1;0;0
"Own house rent lot";"....Sorsogon";8706;8374;224;29;0;73;6;0;0;0
"Own house rent lot";"..REGION VI (WESTERN VISAYAS)";102029;99176;1527;802;0;396;124;4;0;0
"Own house rent lot";"....Aklan";8933;8741;96;44;0;34;17;1;0;0
"Own house rent lot";"....Antique";3966;3880;56;12;0;15;3;0;0;0
"Own house rent lot";"....Capiz";16132;15787;242;61;0;24;17;1;0;0
"Own house rent lot";"....Guimaras";1083;1077;2;1;0;0;3;0;0;0
"Own house rent lot";"....Iloilo *";33401;32680;404;146;0;143;27;1;0;0
"Own house rent lot";"....Negros Occidental *";26046;25536;267;164;0;65;14;0;0;0
"Own house rent lot";"....City of Bacolod";6010;5528;117;306;0;47;12;0;0;0
"Own house rent lot";"....City of Iloilo";6458;5947;343;68;0;68;31;1;0;0
"Own house rent lot";"..REGION VII (CENTRAL VISAYAS)";103259;98387;1954;1547;0;1212;147;12;0;0
"Own house rent lot";"....Bohol";7994;7842;92;18;0;32;10;0;0;0
"Own house rent lot";"....Cebu *";46292;44503;772;651;0;331;32;3;0;0
"Own house rent lot";"....Negros Oriental";16327;16030;179;51;0;42;25;0;0;0
"Own house rent lot";"....Siquijor";307;304;1;0;0;0;2;0;0;0
"Own house rent lot";"....City of Cebu";19410;18006;522;371;0;439;63;9;0;0
"Own house rent lot";"....City of Lapu-Lapu (Opon)";5286;4674;169;218;0;215;10;0;0;0
"Own house rent lot";"....City of Mandaue";7643;7028;219;238;0;153;5;0;0;0
"Own house rent lot";"..REGION VIII (EASTERN VISAYAS)";72353;70200;1081;674;0;350;41;7;0;0
"Own house rent lot";"....Biliran";1826;1817;3;4;0;0;2;0;0;0
"Own house rent lot";"....Eastern Samar";3292;3252;22;7;0;9;2;0;0;0
"Own house rent lot";"....Leyte *";27577;26358;478;489;0;238;12;2;0;0
"Own house rent lot";"....Northern Samar";9728;9626;73;11;0;11;4;3;0;0
"Own house rent lot";"....Samar (Western Samar)";18401;17944;363;32;0;57;3;2;0;0
"Own house rent lot";"....Southern Leyte";7762;7600;106;19;0;21;16;0;0;0
"Own house rent lot";"....City of Tacloban";3767;3603;36;112;0;14;2;0;0;0
"Own house rent lot";"..REGION IX (ZAMBOANGA PENINSULA)";47992;46488;856;214;0;373;58;3;0;0
"Own house rent lot";"....Zamboanga del Norte";10398;10242;91;37;0;18;9;1;0;0
"Own house rent lot";"....Zamboanga del Sur *";14437;14330;61;5;0;34;7;0;0;0
"Own house rent lot";"....Zamboanga Sibugay";5690;5583;62;0;0;17;28;0;0;0
"Own house rent lot";"....City of Isabela **";2525;2393;90;2;0;39;1;0;0;0
"Own house rent lot";"....City of Zamboanga";14942;13940;552;170;0;265;13;2;0;0
"Own house rent lot";"..REGION X (NORTHERN MINDANAO)";47294;45250;1007;353;0;579;100;5;0;0
"Own house rent lot";"....Bukidnon";10044;9806;123;18;0;51;43;3;0;0
"Own house rent lot";"....Camiguin";295;294;1;0;0;0;0;0;0;0
"Own house rent lot";"....Lanao del Norte *";7761;7602;120;4;0;20;14;1;0;0
"Own house rent lot";"....Misamis Occidental";6239;6046;100;44;0;47;2;0;0;0
"Own house rent lot";"....Misamis Oriental *";7590;7321;144;40;0;67;18;0;0;0
"Own house rent lot";"....City of Cagayan de Oro";7353;6883;169;105;0;186;9;1;0;0
"Own house rent lot";"....City of Iligan";8012;7298;350;142;0;208;14;0;0;0
"Own house rent lot";"..REGION XI (DAVAO REGION)";55623;53421;1088;312;0;602;196;4;0;0
"Own house rent lot";"....Davao de Oro (Compostela Valley)";8240;7801;287;15;0;92;45;0;0;0
"Own house rent lot";"....Davao del Norte";13196;12638;288;78;0;163;28;1;0;0
"Own house rent lot";"....Davao del Sur *";5551;5405;61;42;0;32;11;0;0;0
"Own house rent lot";"....Davao Occidental";3190;3183;5;1;0;0;1;0;0;0
"Own house rent lot";"....Davao Oriental";9211;8970;179;6;0;54;2;0;0;0
"Own house rent lot";"....City of Davao";16235;15424;268;170;0;261;109;3;0;0
"Own house rent lot";"..REGION XII (SOCCSKSARGEN)";29536;28875;282;213;0;77;86;3;0;0
"Own house rent lot";"....Cotabato (North Cotabato)";8074;7935;69;15;0;16;38;1;0;0
"Own house rent lot";"....Sarangani";3769;3729;32;1;0;3;4;0;0;0
"Own house rent lot";"....South Cotabato *";6642;6504;50;54;0;15;19;0;0;0
"Own house rent lot";"....Sultan Kudarat";6173;6027;75;24;0;25;20;2;0;0
"Own house rent lot";"....City of General Santos (Dadiangas)";4878;4680;56;119;0;18;5;0;0;0
"Own house rent lot";"..REGION XIII (CARAGA)";40009;38930;710;121;0;198;46;4;0;0
"Own house rent lot";"....Agusan del Norte *";5437;5303;103;16;0;14;0;1;0;0
"Own house rent lot";"....Agusan del Sur";6790;6697;50;14;0;20;9;0;0;0
"Own house rent lot";"....Dinagat Islands";782;776;5;0;0;0;1;0;0;0
"Own house rent lot";"....Surigao del Norte";5561;5429;82;34;0;11;5;0;0;0
"Own house rent lot";"....Surigao del Sur";15969;15400;404;10;0;134;19;2;0;0
"Own house rent lot";"....City of Butuan";5470;5325;66;47;0;19;12;1;0;0
"Own house rent lot";"..BANGSAMORO AUTONOMOUS REGION IN MUSLIM MINDANAO (BARMM)";33422;33002;191;35;0;158;26;10;0;0
"Own house rent lot";"....Basilan";2602;2588;10;0;0;4;0;0;0;0
"Own house rent lot";"....Lanao del Sur";3238;3173;37;4;0;24;0;0;0;0
"Own house rent lot";"....Maguindanao";13930;13641;114;31;0;119;23;2;0;0
"Own house rent lot";"....Sulu";10518;10475;26;0;0;7;3;7;0;0
"Own house rent lot";"....Tawi-Tawi";2278;2277;0;0;0;0;0;1;0;0
"Own house rent lot";"....Eight (8) Area Clusters ***";856;848;4;0;0;4;0;0;0;0
"Own house rent-free lot with consent of owner";"PHILIPPINES /a";4901882;4721391;87555;51556;0;39116;2017;236;0;11
"Own house rent-free lot with consent of owner";"..NATIONAL CAPITAL REGION (NCR)";192545;156596;6361;14884;0;14313;358;32;0;1
"Own house rent-free lot with consent of owner";"....City of Manila";24599;17054;652;1218;0;5617;47;11;0;0
"Own house rent-free lot with consent of owner";"....City of Mandaluyong";7082;5475;296;181;0;1115;15;0;0;0
"Own house rent-free lot with consent of owner";"....City of Marikina";2593;2036;132;348;0;72;5;0;0;0
"Own house rent-free lot with consent of owner";"....City of Pasig";6791;4519;448;1082;0;734;6;2;0;0
"Own house rent-free lot with consent of owner";"....Quezon City";64710;57671;1489;3509;0;1942;89;9;0;1
"Own house rent-free lot with consent of owner";"....City of San Juan";886;664;23;56;0;139;4;0;0;0
"Own house rent-free lot with consent of owner";"....City of Caloocan";17736;14963;836;1371;0;549;15;2;0;0
"Own house rent-free lot with consent of owner";"....City of Malabon";7590;7281;95;141;0;50;22;1;0;0
"Own house rent-free lot with consent of owner";"....City of Navotas";4354;3854;77;122;0;255;46;0;0;0
"Own house rent-free lot with consent of owner";"....City of Valenzuela";7010;6031;206;575;0;153;45;0;0;0
"Own house rent-free lot with consent of owner";"....City of Las Piñas";7467;6467;280;451;0;253;16;0;0;0
"Own house rent-free lot with consent of owner";"....City of Makati";3716;2039;162;853;0;642;17;3;0;0
"Own house rent-free lot with consent of owner";"....City of Muntinlupa";10411;8560;356;1252;0;242;1;0;0;0
"Own house rent-free lot with consent of owner";"....City of Parañaque";10820;9200;327;755;0;520;18;0;0;0
"Own house rent-free lot with consent of owner";"....Pasay City";5534;3865;278;1013;0;374;4;0;0;0
"Own house rent-free lot with consent of owner";"....City of Taguig";10991;6716;691;1923;0;1649;8;4;0;0
"Own house rent-free lot with consent of owner";"....Pateros";255;201;13;34;0;7;0;0;0;0
"Own house rent-free lot with consent of owner";"..CORDILLERA ADMINISTRATIVE REGION (CAR)";23821;23506;78;188;0;34;15;0;0;0
"Own house rent-free lot with consent of owner";"....Abra";4982;4940;32;2;0;8;0;0;0;0
"Own house rent-free lot with consent of owner";"....Apayao";5812;5793;9;2;0;4;4;0;0;0
"Own house rent-free lot with consent of owner";"....Benguet *";4139;4086;11;41;0;0;1;0;0;0
"Own house rent-free lot with consent of owner";"....Ifugao";2679;2675;4;0;0;0;0;0;0;0
"Own house rent-free lot with consent of owner";"....Kalinga";2977;2967;7;1;0;2;0;0;0;0
"Own house rent-free lot with consent of owner";"....Mountain Province";650;646;1;2;0;1;0;0;0;0
"Own house rent-free lot with consent of owner";"....City of Baguio";2582;2399;14;140;0;19;10;0;0;0
"Own house rent-free lot with consent of owner";"..REGION I (ILOCOS REGION)";208378;201332;5167;518;0;1272;80;7;0;2
"Own house rent-free lot with consent of owner";"....Ilocos Norte";17715;16951;585;55;0;110;14;0;0;0
"Own house rent-free lot with consent of owner";"....Ilocos Sur";20685;20167;401;38;0;68;11;0;0;0
"Own house rent-free lot with consent of owner";"....La Union";33961;33012;650;161;0;128;6;4;0;0
"Own house rent-free lot with consent of owner";"....Pangasinan";136017;131202;3531;264;0;966;49;3;0;2
"Own house rent-free lot with consent of owner";"..REGION II (CAGAYAN VALLEY)";118495;114517;2945;351;0;623;57;2;0;0
"Own house rent-free lot with consent of owner";"....Batanes";290;289;0;0;0;0;1;0;0;0
"Own house rent-free lot with consent of owner";"....Cagayan";47631;46475;953;79;0;111;11;2;0;0
"Own house rent-free lot with consent of owner";"....Isabela";50903;48715;1567;217;0;375;29;0;0;0
"Own house rent-free lot with consent of owner";"....Nueva Vizcaya";15336;14765;379;54;0;126;12;0;0;0
"Own house rent-free lot with consent of owner";"....Quirino";4335;4273;46;1;0;11;4;0;0;0
"Own house rent-free lot with consent of owner";"..REGION III (CENTRAL LUZON)";316328;290642;13145;7189;0;5126;204;21;0;1
"Own house rent-free lot with consent of owner";"....Aurora";13562;13372;144;30;0;12;4;0;0;0
"Own house rent-free lot with consent of owner";"....Bataan";28598;26183;1340;660;0;403;12;0;0;0
"Own house rent-free lot with consent of owner";"....Bulacan";61108;52181;3344;4164;0;1330;74;14;0;1
"Own house rent-free lot with consent of owner";"....Nueva Ecija";86857;82379;3041;358;0;1032;44;3;0;0
"Own house rent-free lot with consent of owner";"....Pampanga *";32618;29679;1380;755;0;781;19;4;0;0
"Own house rent-free lot with consent of owner";"....Tarlac";55477;51613;2453;424;0;951;36;0;0;0
"Own house rent-free lot with consent of owner";"....Zambales *";27123;25896;845;129;0;248;5;0;0;0
"Own house rent-free lot with consent of owner";"....City of Angeles";7694;6749;430;304;0;205;6;0;0;0
"Own house rent-free lot with consent of owner";"....City of Olongapo";3291;2590;168;365;0;164;4;0;0;0
"Own house rent-free lot with consent of owner";"..REGION IV-A (CALABARZON)";458271;413508;20240;19241;0;5002;256;24;0;0
"Own house rent-free lot with consent of owner";"....Batangas";96120;89177;4162;1665;0;1070;43;3;0;0
"Own house rent-free lot with consent of owner";"....Cavite";58314;44212;5421;7381;0;1233;62;5;0;0
"Own house rent-free lot with consent of owner";"....Laguna";72201;60311;4862;5967;0;1017;39;5;0;0
"Own house rent-free lot with consent of owner";"....Quezon *";158283;153881;3027;635;0;685;49;6;0;0
"Own house rent-free lot with consent of owner";"....Rizal";59468;52691;2386;3445;0;878;63;5;0;0
"Own house rent-free lot with consent of owner";"....City of Lucena";13885;13236;382;148;0;119;0;0;0;0
"Own house rent-free lot with consent of owner";"..MIMAROPA REGION";192721;190125;1718;430;0;369;71;8;0;0
"Own house rent-free lot with consent of owner";"....Marinduque";17185;17046;109;1;0;26;3;0;0;0
"Own house rent-free lot with consent of owner";"....Occidental Mindoro";23224;22852;252;39;0;71;8;2;0;0
"Own house rent-free lot with consent of owner";"....Oriental Mindoro";61653;60500;801;227;0;95;29;1;0;0
"Own house rent-free lot with consent of owner";"....Palawan *";56401;56123;149;58;0;51;16;4;0;0
"Own house rent-free lot with consent of owner";"....Romblon";23084;22771;223;44;0;40;6;0;0;0
"Own house rent-free lot with consent of owner";"....City of Puerto Princesa";11174;10833;184;61;0;86;9;1;0;0
"Own house rent-free lot with consent of owner";"..REGION V (BICOL REGION)";447395;440019;5353;721;0;1185;106;11;0;0
"Own house rent-free lot with consent of owner";"....Albay";92803;90934;1391;111;0;333;26;8;0;0
"Own house rent-free lot with consent of owner";"....Camarines Norte";45084;44391;464;117;0;110;2;0;0;0
"Own house rent-free lot with consent of owner";"....Camarines Sur";137151;134025;2222;342;0;522;39;1;0;0
"Own house rent-free lot with consent of owner";"....Catanduanes";13514;13457;45;2;0;8;1;1;0;0
"Own house rent-free lot with consent of owner";"....Masbate";85931;85412;387;37;0;80;14;1;0;0
"Own house rent-free lot with consent of owner";"....Sorsogon";72912;71800;844;112;0;132;24;0;0;0
"Own house rent-free lot with consent of owner";"..REGION VI (WESTERN VISAYAS)";748187;734310;8754;2731;0;2171;191;30;0;0
"Own house rent-free lot with consent of owner";"....Aklan";35587;35213;293;34;0;35;12;0;0;0
"Own house rent-free lot with consent of owner";"....Antique";41707;41284;316;46;0;50;10;1;0;0
"Own house rent-free lot with consent of owner";"....Capiz";86182;84355;1060;576;0;177;13;1;0;0
"Own house rent-free lot with consent of owner";"....Guimaras";16738;16707;21;0;0;2;7;1;0;0
"Own house rent-free lot with consent of owner";"....Iloilo *";203748;200442;2051;778;0;422;46;9;0;0
"Own house rent-free lot with consent of owner";"....Negros Occidental *";307366;301428;3836;942;0;1096;52;12;0;0
"Own house rent-free lot with consent of owner";"....City of Bacolod";30972;29924;641;182;0;199;23;3;0;0
"Own house rent-free lot with consent of owner";"....City of Iloilo";25887;24957;536;173;0;190;28;3;0;0
"Own house rent-free lot with consent of owner";"..REGION VII (CENTRAL VISAYAS)";395277;385802;5281;1509;0;2560;117;8;0;0
"Own house rent-free lot with consent of owner";"....Bohol";51549;51127;290;26;0;82;24;0;0;0
"Own house rent-free lot with consent of owner";"....Cebu *";187378;182624;3001;577;0;1127;43;6;0;0
"Own house rent-free lot with consent of owner";"....Negros Oriental";96894;95835;673;115;0;252;17;2;0;0
"Own house rent-free lot with consent of owner";"....Siquijor";2952;2947;5;0;0;0;0;0;0;0
"Own house rent-free lot with consent of owner";"....City of Cebu";28391;26972;607;293;0;506;13;0;0;0
"Own house rent-free lot with consent of owner";"....City of Lapu-Lapu (Opon)";17787;16453;542;378;0;406;8;0;0;0
"Own house rent-free lot with consent of owner";"....City of Mandaue";10326;9844;163;120;0;187;12;0;0;0
"Own house rent-free lot with consent of owner";"..REGION VIII (EASTERN VISAYAS)";365585;358530;4501;1531;0;959;59;5;0;0
"Own house rent-free lot with consent of owner";"....Biliran";15118;14999;32;79;0;5;3;0;0;0
"Own house rent-free lot with consent of owner";"....Eastern Samar";27610;27191;288;88;0;40;0;3;0;0
"Own house rent-free lot with consent of owner";"....Leyte *";161178;158525;1860;444;0;326;21;2;0;0
"Own house rent-free lot with consent of owner";"....Northern Samar";45073;44593;364;17;0;89;10;0;0;0
"Own house rent-free lot with consent of owner";"....Samar (Western Samar)";71987;70346;1139;161;0;333;8;0;0;0
"Own house rent-free lot with consent of owner";"....Southern Leyte";29720;29001;600;24;0;85;10;0;0;0
"Own house rent-free lot with consent of owner";"....City of Tacloban";14899;13875;218;718;0;81;7;0;0;0
"Own house rent-free lot with consent of owner";"..REGION IX (ZAMBOANGA PENINSULA)";273360;269317;2597;401;0;946;83;16;0;0
"Own house rent-free lot with consent of owner";"....Zamboanga del Norte";79280;78673;427;125;0;38;13;4;0;0
"Own house rent-free lot with consent of owner";"....Zamboanga del Sur *";72346;72019;210;20;0;78;12;7;0;0
"Own house rent-free lot with consent of owner";"....Zamboanga Sibugay";61665;60586;798;20;0;221;38;2;0;0
"Own house rent-free lot with consent of owner";"....City of Isabela **";5401;5211;69;82;0;35;4;0;0;0
"Own house rent-free lot with consent of owner";"....City of Zamboanga";54668;52828;1093;154;0;574;16;3;0;0
"Own house rent-free lot with consent of owner";"..REGION X (NORTHERN MINDANAO)";300774;293558;4467;656;0;1940;139;12;0;2
"Own house rent-free lot with consent of owner";"....Bukidnon";63754;62774;621;51;0;267;39;2;0;0
"Own house rent-free lot with consent of owner";"....Camiguin";6797;6752;38;4;0;2;1;0;0;0
"Own house rent-free lot with consent of owner";"....Lanao del Norte *";70050;68971;854;42;0;158;21;4;0;0
"Own house rent-free lot with consent of owner";"....Misamis Occidental";46726;45886;605;58;0;159;16;2;0;0
"Own house rent-free lot with consent of owner";"....Misamis Oriental *";64274;62804;947;75;0;419;25;2;0;2
"Own house rent-free lot with consent of owner";"....City of Cagayan de Oro";26881;25790;404;133;0;525;27;2;0;0
"Own house rent-free lot with consent of owner";"....City of Iligan";22292;20581;998;293;0;410;10;0;0;0
"Own house rent-free lot with consent of owner";"..REGION XI (DAVAO REGION)";237245;231953;2986;598;0;1561;107;37;0;3
"Own house rent-free lot with consent of owner";"....Davao de Oro (Compostela Valley)";42361;41191;783;71;0;281;19;15;0;1
"Own house rent-free lot with consent of owner";"....Davao del Norte";41906;40912;591;118;0;257;24;4;0;0
"Own house rent-free lot with consent of owner";"....Davao del Sur *";35917;35574;228;38;0;63;9;5;0;0
"Own house rent-free lot with consent of owner";"....Davao Occidental";30414;30402;4;2;0;1;4;1;0;0
"Own house rent-free lot with consent of owner";"....Davao Oriental";42873;42279;465;15;0;100;5;7;0;2
"Own house rent-free lot with consent of owner";"....City of Davao";43774;41595;915;354;0;859;46;5;0;0
"Own house rent-free lot with consent of owner";"..REGION XII (SOCCSKSARGEN)";217072;214857;1442;340;0;363;66;2;0;2
"Own house rent-free lot with consent of owner";"....Cotabato (North Cotabato)";58286;57701;416;27;0;119;22;1;0;0
"Own house rent-free lot with consent of owner";"....Sarangani";49993;49560;332;27;0;67;6;1;0;0
"Own house rent-free lot with consent of owner";"....South Cotabato *";33827;33560;152;62;0;39;14;0;0;0
"Own house rent-free lot with consent of owner";"....Sultan Kudarat";51686;51329;221;40;0;76;18;0;0;2
"Own house rent-free lot with consent of owner";"....City of General Santos (Dadiangas)";23280;22707;321;184;0;62;6;0;0;0
"Own house rent-free lot with consent of owner";"..REGION XIII (CARAGA)";200439;197915;1789;203;0;472;53;7;0;0
"Own house rent-free lot with consent of owner";"....Agusan del Norte *";32163;31602;419;29;0;104;9;0;0;0
"Own house rent-free lot with consent of owner";"....Agusan del Sur";55607;55096;374;27;0;95;11;4;0;0
"Own house rent-free lot with consent of owner";"....Dinagat Islands";5251;5229;18;0;0;2;2;0;0;0
"Own house rent-free lot with consent of owner";"....Surigao del Norte";34912;34549;251;58;0;49;5;0;0;0
"Own house rent-free lot with consent of owner";"....Surigao del Sur";48533;47923;439;21;0;141;9;0;0;0
"Own house rent-free lot with consent of owner";"....City of Butuan";23973;23516;288;68;0;81;17;3;0;0
"Own house rent-free lot with consent of owner";"..BANGSAMORO AUTONOMOUS REGION IN MUSLIM MINDANAO (BARMM)";205989;204904;731;65;0;220;55;14;0;0
"Own house rent-free lot with consent of owner";"....Basilan";27378;27334;30;3;0;10;1;0;0;0
"Own house rent-free lot with consent of owner";"....Lanao del Sur";22762;22528;154;15;0;58;4;3;0;0
"Own house rent-free lot with consent of owner";"....Maguindanao";81447;80932;342;43;0;82;42;6;0;0
"Own house rent-free lot with consent of owner";"....Sulu";47104;46875;177;4;0;39;5;4;0;0
"Own house rent-free lot with consent of owner";"....Tawi-Tawi";17315;17286;9;0;0;17;2;1;0;0
"Own house rent-free lot with consent of owner";"....Eight (8) Area Clusters ***";9983;9949;19;0;0;14;1;0;0;0
"Own house rent-free lot without consent of owner";"PHILIPPINES /a";542363;505598;15053;11581;0;9779;319;27;0;6
"Own house rent-free lot without consent of owner";"..NATIONAL CAPITAL REGION (NCR)";146523;131938;3708;5188;0;5590;89;6;0;4
"Own house rent-free lot without consent of owner";"....City of Manila";14047;11245;334;433;0;2023;10;0;0;2
"Own house rent-free lot without consent of owner";"....City of Mandaluyong";2744;2529;22;46;0;147;0;0;0;0
"Own house rent-free lot without consent of owner";"....City of Marikina";4542;4061;213;172;0;92;4;0;0;0
"Own house rent-free lot without consent of owner";"....City of Pasig";1097;778;75;165;0;79;0;0;0;0
"Own house rent-free lot without consent of owner";"....Quezon City";77567;72063;1642;1917;0;1919;22;2;0;2
"Own house rent-free lot without consent of owner";"....City of San Juan";970;798;17;13;0;141;1;0;0;0
"Own house rent-free lot without consent of owner";"....City of Caloocan";9862;8875;380;367;0;227;11;2;0;0
"Own house rent-free lot without consent of owner";"....City of Malabon";10102;9902;84;58;0;56;2;0;0;0
"Own house rent-free lot without consent of owner";"....City of Navotas";2055;1940;50;27;0;38;0;0;0;0
"Own house rent-free lot without consent of owner";"....City of Valenzuela";2481;2211;42;182;0;23;23;0;0;0
"Own house rent-free lot without consent of owner";"....City of Las Piñas";3997;3476;193;257;0;69;0;2;0;0
"Own house rent-free lot without consent of owner";"....City of Makati";1954;1489;72;251;0;136;6;0;0;0
"Own house rent-free lot without consent of owner";"....City of Muntinlupa";4393;3736;174;412;0;69;2;0;0;0
"Own house rent-free lot without consent of owner";"....City of Parañaque";7387;6506;202;284;0;387;8;0;0;0
"Own house rent-free lot without consent of owner";"....Pasay City";2056;1463;129;412;0;52;0;0;0;0
"Own house rent-free lot without consent of owner";"....City of Taguig";1215;821;76;190;0;128;0;0;0;0
"Own house rent-free lot without consent of owner";"....Pateros";54;45;3;2;0;4;0;0;0;0
"Own house rent-free lot without consent of owner";"..CORDILLERA ADMINISTRATIVE REGION (CAR)";2392;2362;8;19;0;0;3;0;0;0
"Own house rent-free lot without consent of owner";"....Abra";316;310;6;0;0;0;0;0;0;0
"Own house rent-free lot without consent of owner";"....Apayao";260;259;1;0;0;0;0;0;0;0
"Own house rent-free lot without consent of owner";"....Benguet *";459;453;0;5;0;0;1;0;0;0
"Own house rent-free lot without consent of owner";"....Ifugao";320;320;0;0;0;0;0;0;0;0
"Own house rent-free lot without consent of owner";"....Kalinga";510;510;0;0;0;0;0;0;0;0
"Own house rent-free lot without consent of owner";"....Mountain Province";54;54;0;0;0;0;0;0;0;0
"Own house rent-free lot without consent of owner";"....City of Baguio";473;456;1;14;0;0;2;0;0;0
"Own house rent-free lot without consent of owner";"..REGION I (ILOCOS REGION)";13059;12591;345;31;0;87;5;0;0;0
"Own house rent-free lot without consent of owner";"....Ilocos Norte";760;714;37;2;0;7;0;0;0;0
"Own house rent-free lot without consent of owner";"....Ilocos Sur";857;834;18;1;0;4;0;0;0;0
"Own house rent-free lot without consent of owner";"....La Union";2050;1967;53;13;0;17;0;0;0;0
"Own house rent-free lot without consent of owner";"....Pangasinan";9392;9076;237;15;0;59;5;0;0;0
"Own house rent-free lot without consent of owner";"..REGION II (CAGAYAN VALLEY)";8563;8296;178;32;0;51;6;0;0;0
"Own house rent-free lot without consent of owner";"....Batanes";17;17;0;0;0;0;0;0;0;0
"Own house rent-free lot without consent of owner";"....Cagayan";2502;2429;58;9;0;4;2;0;0;0
"Own house rent-free lot without consent of owner";"....Isabela";4410;4273;84;15;0;36;2;0;0;0
"Own house rent-free lot without consent of owner";"....Nueva Vizcaya";1149;1099;31;8;0;11;0;0;0;0
"Own house rent-free lot without consent of owner";"....Quirino";485;478;5;0;0;0;2;0;0;0
"Own house rent-free lot without consent of owner";"..REGION III (CENTRAL LUZON)";40880;37421;1598;1222;0;601;33;4;0;1
"Own house rent-free lot without consent of owner";"....Aurora";924;899;15;3;0;6;1;0;0;0
"Own house rent-free lot without consent of owner";"....Bataan";5229;4818;254;88;0;63;6;0;0;0
"Own house rent-free lot without consent of owner";"....Bulacan";10924;9672;375;743;0;121;10;2;0;1
"Own house rent-free lot without consent of owner";"....Nueva Ecija";6946;6535;269;50;0;87;4;1;0;0
"Own house rent-free lot without consent of owner";"....Pampanga *";6444;5908;307;73;0;150;5;1;0;0
"Own house rent-free lot without consent of owner";"....Tarlac";4895;4453;214;115;0;110;3;0;0;0
"Own house rent-free lot without consent of owner";"....Zambales *";1455;1384;45;14;0;12;0;0;0;0
"Own house rent-free lot without consent of owner";"....City of Angeles";3766;3504;104;115;0;39;4;0;0;0
"Own house rent-free lot without consent of owner";"....City of Olongapo";297;248;15;21;0;13;0;0;0;0
"Own house rent-free lot without consent of owner";"..REGION IV-A (CALABARZON)";77289;66475;5294;4130;0;1337;51;2;0;0
"Own house rent-free lot without consent of owner";"....Batangas";8616;7704;551;214;0;143;4;0;0;0
"Own house rent-free lot without consent of owner";"....Cavite";25706;20458;2584;2163;0;469;31;1;0;0
"Own house rent-free lot without consent of owner";"....Laguna";16387;13628;1164;1209;0;381;4;1;0;0
"Own house rent-free lot without consent of owner";"....Quezon *";13863;12994;601;79;0;179;10;0;0;0
"Own house rent-free lot without consent of owner";"....Rizal";10250;9311;341;447;0;149;2;0;0;0
"Own house rent-free lot without consent of owner";"....City of Lucena";2467;2380;53;18;0;16;0;0;0;0
"Own house rent-free lot without consent of owner";"..MIMAROPA REGION";15593;15182;269;53;0;74;14;1;0;0
"Own house rent-free lot without consent of owner";"....Marinduque";801;794;5;0;0;1;1;0;0;0
"Own house rent-free lot without consent of owner";"....Occidental Mindoro";2048;2027;16;1;0;4;0;0;0;0
"Own house rent-free lot without consent of owner";"....Oriental Mindoro";2978;2911;45;17;0;2;3;0;0;0
"Own house rent-free lot without consent of owner";"....Palawan *";4844;4813;19;2;0;1;8;1;0;0
"Own house rent-free lot without consent of owner";"....Romblon";614;603;9;2;0;0;0;0;0;0
"Own house rent-free lot without consent of owner";"....City of Puerto Princesa";4308;4034;175;31;0;66;2;0;0;0
"Own house rent-free lot without consent of owner";"..REGION V (BICOL REGION)";23655;22882;516;76;0;164;17;0;0;0
"Own house rent-free lot without consent of owner";"....Albay";7974;7625;215;24;0;108;2;0;0;0
"Own house rent-free lot without consent of owner";"....Camarines Norte";3069;3002;50;14;0;2;1;0;0;0
"Own house rent-free lot without consent of owner";"....Camarines Sur";6676;6454;156;30;0;27;9;0;0;0
"Own house rent-free lot without consent of owner";"....Catanduanes";602;597;3;1;0;0;1;0;0;0
"Own house rent-free lot without consent of owner";"....Masbate";2136;2122;8;1;0;4;1;0;0;0
"Own house rent-free lot without consent of owner";"....Sorsogon";3198;3082;84;6;0;23;3;0;0;0
"Own house rent-free lot without consent of owner";"..REGION VI (WESTERN VISAYAS)";43307;42454;547;84;0;192;28;2;0;0
"Own house rent-free lot without consent of owner";"....Aklan";2071;2050;11;2;0;7;1;0;0;0
"Own house rent-free lot without consent of owner";"....Antique";1634;1599;23;0;0;11;1;0;0;0
"Own house rent-free lot without consent of owner";"....Capiz";2978;2915;51;2;0;10;0;0;0;0
"Own house rent-free lot without consent of owner";"....Guimaras";1037;1037;0;0;0;0;0;0;0;0
"Own house rent-free lot without consent of owner";"....Iloilo *";5950;5861;53;14;0;21;1;0;0;0
"Own house rent-free lot without consent of owner";"....Negros Occidental *";11968;11733;152;25;0;43;15;0;0;0
"Own house rent-free lot without consent of owner";"....City of Bacolod";9751;9510;149;28;0;58;5;1;0;0
"Own house rent-free lot without consent of owner";"....City of Iloilo";7918;7749;108;13;0;42;5;1;0;0
"Own house rent-free lot without consent of owner";"..REGION VII (CENTRAL VISAYAS)";38740;37163;684;321;0;555;13;3;0;1
"Own house rent-free lot without consent of owner";"....Bohol";2581;2537;25;3;0;10;6;0;0;0
"Own house rent-free lot without consent of owner";"....Cebu *";10145;9826;178;63;0;76;2;0;0;0
"Own house rent-free lot without consent of owner";"....Negros Oriental";5043;4950;56;1;0;32;3;0;0;1
"Own house rent-free lot without consent of owner";"....Siquijor";155;155;0;0;0;0;0;0;0;0
"Own house rent-free lot without consent of owner";"....City of Cebu";10910;10209;293;95;0;308;2;3;0;0
"Own house rent-free lot without consent of owner";"....City of Lapu-Lapu (Opon)";6515;6265;89;89;0;72;0;0;0;0
"Own house rent-free lot without consent of owner";"....City of Mandaue";3391;3221;43;70;0;57;0;0;0;0
"Own house rent-free lot without consent of owner";"..REGION VIII (EASTERN VISAYAS)";16531;16189;229;47;0;61;5;0;0;0
"Own house rent-free lot without consent of owner";"....Biliran";536;534;1;1;0;0;0;0;0;0
"Own house rent-free lot without consent of owner";"....Eastern Samar";1599;1572;17;2;0;8;0;0;0;0
"Own house rent-free lot without consent of owner";"....Leyte *";5892;5762;93;16;0;19;2;0;0;0
"Own house rent-free lot without consent of owner";"....Northern Samar";1958;1926;29;0;0;3;0;0;0;0
"Own house rent-free lot without consent of owner";"....Samar (Western Samar)";3515;3425;51;14;0;25;0;0;0;0
"Own house rent-free lot without consent of owner";"....Southern Leyte";1158;1141;11;3;0;2;1;0;0;0
"Own house rent-free lot without consent of owner";"....City of Tacloban";1873;1829;27;11;0;4;2;0;0;0
"Own house rent-free lot without consent of owner";"..REGION IX (ZAMBOANGA PENINSULA)";17608;17091;294;61;0;150;11;1;0;0
"Own house rent-free lot without consent of owner";"....Zamboanga del Norte";3098;3042;29;11;0;14;1;1;0;0
"Own house rent-free lot without consent of owner";"....Zamboanga del Sur *";2868;2856;4;2;0;6;0;0;0;0
"Own house rent-free lot without consent of owner";"....Zamboanga Sibugay";4097;3977;88;1;0;22;9;0;0;0
"Own house rent-free lot without consent of owner";"....City of Isabela **";513;495;8;2;0;8;0;0;0;0
"Own house rent-free lot without consent of owner";"....City of Zamboanga";7032;6721;165;45;0;100;1;0;0;0
"Own house rent-free lot without consent of owner";"..REGION X (NORTHERN MINDANAO)";24260;23261;499;74;0;411;12;3;0;0
"Own house rent-free lot without consent of owner";"....Bukidnon";5319;5215;76;2;0;23;2;1;0;0
"Own house rent-free lot without consent of owner";"....Camiguin";165;165;0;0;0;0;0;0;0;0
"Own house rent-free lot without consent of owner";"....Lanao del Norte *";2068;2035;17;1;0;14;0;1;0;0
"Own house rent-free lot without consent of owner";"....Misamis Occidental";1725;1641;36;16;0;32;0;0;0;0
"Own house rent-free lot without consent of owner";"....Misamis Oriental *";3110;3002;76;4;0;23;5;0;0;0
"Own house rent-free lot without consent of owner";"....City of Cagayan de Oro";9743;9275;177;28;0;257;5;1;0;0
"Own house rent-free lot without consent of owner";"....City of Iligan";2130;1928;117;23;0;62;0;0;0;0
"Own house rent-free lot without consent of owner";"..REGION XI (DAVAO REGION)";26555;25694;437;110;0;298;13;3;0;0
"Own house rent-free lot without consent of owner";"....Davao de Oro (Compostela Valley)";3075;2968;77;3;0;24;2;1;0;0
"Own house rent-free lot without consent of owner";"....Davao del Norte";3949;3811;62;30;0;43;1;2;0;0
"Own house rent-free lot without consent of owner";"....Davao del Sur *";3032;2990;26;4;0;12;0;0;0;0
"Own house rent-free lot without consent of owner";"....Davao Occidental";643;643;0;0;0;0;0;0;0;0
"Own house rent-free lot without consent of owner";"....Davao Oriental";3093;2992;68;8;0;24;1;0;0;0
"Own house rent-free lot without consent of owner";"....City of Davao";12763;12290;204;65;0;195;9;0;0;0
"Own house rent-free lot without consent of owner";"..REGION XII (SOCCSKSARGEN)";17350;16976;185;108;0;72;8;1;0;0
"Own house rent-free lot without consent of owner";"....Cotabato (North Cotabato)";3956;3862;42;10;0;42;0;0;0;0
"Own house rent-free lot without consent of owner";"....Sarangani";3040;3015;17;0;0;7;1;0;0;0
"Own house rent-free lot without consent of owner";"....South Cotabato *";2557;2516;16;17;0;4;3;1;0;0
"Own house rent-free lot without consent of owner";"....Sultan Kudarat";2357;2319;27;4;0;5;2;0;0;0
"Own house rent-free lot without consent of owner";"....City of General Santos (Dadiangas)";5440;5264;83;77;0;14;2;0;0;0
"Own house rent-free lot without consent of owner";"..REGION XIII (CARAGA)";15497;15220;180;21;0;69;6;1;0;0
"Own house rent-free lot without consent of owner";"....Agusan del Norte *";1160;1125;22;6;0;7;0;0;0;0
"Own house rent-free lot without consent of owner";"....Agusan del Sur";4448;4416;27;0;0;3;2;0;0;0
"Own house rent-free lot without consent of owner";"....Dinagat Islands";343;341;2;0;0;0;0;0;0;0
"Own house rent-free lot without consent of owner";"....Surigao del Norte";2585;2555;22;4;0;3;1;0;0;0
"Own house rent-free lot without consent of owner";"....Surigao del Sur";2849;2796;41;1;0;10;0;1;0;0
"Own house rent-free lot without consent of owner";"....City of Butuan";4112;3987;66;10;0;46;3;0;0;0
"Own house rent-free lot without consent of owner";"..BANGSAMORO AUTONOMOUS REGION IN MUSLIM MINDANAO (BARMM)";14561;14403;82;4;0;67;5;0;0;0
"Own house rent-free lot without consent of owner";"....Basilan";1572;1559;5;0;0;8;0;0;0;0
"Own house rent-free lot without consent of owner";"....Lanao del Sur";921;911;8;0;0;2;0;0;0;0
"Own house rent-free lot without consent of owner";"....Maguindanao";6452;6377;38;1;0;34;2;0;0;0
"Own house rent-free lot without consent of owner";"....Sulu";1724;1713;6;0;0;5;0;0;0;0
"Own house rent-free lot without consent of owner";"....Tawi-Tawi";785;776;3;3;0;0;3;0;0;0
"Own house rent-free lot without consent of owner";"....Eight (8) Area Clusters ***";3107;3067;22;0;0;18;0;0;0;0
"Rent house/room including lot";"PHILIPPINES /a";2859106;1609023;186486;810397;34831;206221;11265;870;0;13
"Rent house/room including lot";"..NATIONAL CAPITAL REGION (NCR)";1137767;580530;55902;318947;31669;146615;3935;160;0;9
"Rent house/room including lot";"....City of Manila";188103;81572;5817;28165;7081;64772;625;71;0;0
"Rent house/room including lot";"....City of Mandaluyong";39319;15738;1097;5789;5848;10776;68;3;0;0
"Rent house/room including lot";"....City of Marikina";25441;14816;1932;7844;66;695;87;1;0;0
"Rent house/room including lot";"....City of Pasig";74358;33910;4908;24004;3034;8335;163;4;0;0
"Rent house/room including lot";"....Quezon City";213194;127645;10356;58097;4688;11357;1019;23;0;9
"Rent house/room including lot";"....City of San Juan";11513;5006;285;2618;372;3191;40;1;0;0
"Rent house/room including lot";"....City of Caloocan";108444;64690;6302;30974;505;5576;396;1;0;0
"Rent house/room including lot";"....City of Malabon";25164;18376;1051;4875;23;670;168;1;0;0
"Rent house/room including lot";"....City of Navotas";15713;10925;627;2395;0;1735;31;0;0;0
"Rent house/room including lot";"....City of Valenzuela";83228;34814;5716;37810;220;4247;412;9;0;0
"Rent house/room including lot";"....City of Las Piñas";43569;26687;2921;11497;364;1889;201;10;0;0
"Rent house/room including lot";"....City of Makati";56675;25152;2092;18040;2767;8527;93;4;0;0
"Rent house/room including lot";"....City of Muntinlupa";48216;25535;2370;17681;698;1847;85;0;0;0
"Rent house/room including lot";"....City of Parañaque";55820;35350;2301;13099;1370;3442;234;24;0;0
"Rent house/room including lot";"....Pasay City";55588;23299;1749;23086;3495;3709;245;5;0;0
"Rent house/room including lot";"....City of Taguig";88994;34974;5965;31122;1138;15726;66;3;0;0
"Rent house/room including lot";"....Pateros";4428;2041;413;1851;0;121;2;0;0;0
"Rent house/room including lot";"..CORDILLERA ADMINISTRATIVE REGION (CAR)";58487;37960;603;18898;461;203;339;23;0;0
"Rent house/room including lot";"....Abra";907;819;23;46;0;9;4;6;0;0
"Rent house/room including lot";"....Apayao";232;213;2;3;0;5;9;0;0;0
"Rent house/room including lot";"....Benguet *";18186;11901;104;6067;0;8;97;9;0;0
"Rent house/room including lot";"....Ifugao";1222;1106;27;53;0;31;5;0;0;0
"Rent house/room including lot";"....Kalinga";1289;1230;9;22;0;22;6;0;0;0
"Rent house/room including lot";"....Mountain Province";1836;1573;18;148;0;86;4;7;0;0
"Rent house/room including lot";"....City of Baguio";34815;21118;420;12559;461;42;214;1;0;0
"Rent house/room including lot";"..REGION I (ILOCOS REGION)";37498;27231;2457;6292;1;1201;294;22;0;0
"Rent house/room including lot";"....Ilocos Norte";4940;3304;342;997;1;249;46;1;0;0
"Rent house/room including lot";"....Ilocos Sur";2814;2222;136;286;0;134;34;2;0;0
"Rent house/room including lot";"....La Union";7642;5392;523;1529;0;145;38;15;0;0
"Rent house/room including lot";"....Pangasinan";22102;16313;1456;3480;0;673;176;4;0;0
"Rent house/room including lot";"..REGION II (CAGAYAN VALLEY)";24147;17303;1685;4003;0;778;366;12;0;0
"Rent house/room including lot";"....Batanes";772;757;5;0;0;9;0;1;0;0
"Rent house/room including lot";"....Cagayan";5913;4068;396;1176;0;169;100;4;0;0
"Rent house/room including lot";"....Isabela";10357;7667;779;1443;0;377;86;5;0;0
"Rent house/room including lot";"....Nueva Vizcaya";6060;3854;477;1366;0;205;156;2;0;0
"Rent house/room including lot";"....Quirino";1045;957;28;18;0;18;24;0;0;0
"Rent house/room including lot";"..REGION III (CENTRAL LUZON)";304085;159659;26449;105670;112;10871;1299;25;0;0
"Rent house/room including lot";"....Aurora";2135;1798;74;222;0;10;30;1;0;0
"Rent house/room including lot";"....Bataan";27320;14387;2656;9688;0;500;87;2;0;0
"Rent house/room including lot";"....Bulacan";147765;65578;13266;64853;84;3462;509;13;0;0
"Rent house/room including lot";"....Nueva Ecija";19929;13394;1474;4302;2;559;195;3;0;0
"Rent house/room including lot";"....Pampanga *";37154;22199;3124;9417;0;2294;118;2;0;0
"Rent house/room including lot";"....Tarlac";13230;9368;1117;2216;20;434;75;0;0;0
"Rent house/room including lot";"....Zambales *";11521;8129;1160;1756;0;443;32;1;0;0
"Rent house/room including lot";"....City of Angeles";24125;15104;1806;5245;3;1819;146;2;0;0
"Rent house/room including lot";"....City of Olongapo";20906;9702;1772;7971;3;1350;107;1;0;0
"Rent house/room including lot";"..REGION IV-A (CALABARZON)";666228;312429;67897;265461;1273;17672;1449;46;0;1
"Rent house/room including lot";"....Batangas";77615;35455;8924;30478;3;2535;215;5;0;0
"Rent house/room including lot";"....Cavite";229776;98364;28436;94967;475;6948;562;24;0;0
"Rent house/room including lot";"....Laguna";189840;79108;17578;88765;103;4085;199;2;0;0
"Rent house/room including lot";"....Quezon *";24779;16521;2538;4937;0;621;159;3;0;0
"Rent house/room including lot";"....Rizal";135054;77512;9583;43718;692;3248;289;11;0;1
"Rent house/room including lot";"....City of Lucena";9164;5469;838;2596;0;235;25;1;0;0
"Rent house/room including lot";"..MIMAROPA REGION";39471;28556;2392;6701;11;1467;289;55;0;0
"Rent house/room including lot";"....Marinduque";1453;1157;86;160;0;39;11;0;0;0
"Rent house/room including lot";"....Occidental Mindoro";5263;4166;333;539;0;203;21;1;0;0
"Rent house/room including lot";"....Oriental Mindoro";8964;5613;787;2321;0;130;103;10;0;0
"Rent house/room including lot";"....Palawan *";8402;6772;347;884;0;287;105;7;0;0
"Rent house/room including lot";"....Romblon";1741;1339;119;223;0;48;8;4;0;0
"Rent house/room including lot";"....City of Puerto Princesa";13648;9509;720;2574;11;760;41;33;0;0
"Rent house/room including lot";"..REGION V (BICOL REGION)";43544;32352;2886;6604;11;1212;431;48;0;0
"Rent house/room including lot";"....Albay";10484;8431;592;1132;11;263;41;14;0;0
"Rent house/room including lot";"....Camarines Norte";6592;4620;510;1254;0;123;83;2;0;0
"Rent house/room including lot";"....Camarines Sur";15041;9731;1202;3280;0;620;198;10;0;0
"Rent house/room including lot";"....Catanduanes";1882;1709;59;83;0;3;14;14;0;0
"Rent house/room including lot";"....Masbate";4495;3784;240;318;0;115;36;2;0;0
"Rent house/room including lot";"....Sorsogon";5050;4077;283;537;0;88;59;6;0;0
"Rent house/room including lot";"..REGION VI (WESTERN VISAYAS)";41742;33402;1858;4769;28;1201;426;58;0;0
"Rent house/room including lot";"....Aklan";3523;2756;179;482;0;56;45;5;0;0
"Rent house/room including lot";"....Antique";1387;1141;63;95;1;46;41;0;0;0
"Rent house/room including lot";"....Capiz";2343;1540;164;534;2;78;21;4;0;0
"Rent house/room including lot";"....Guimaras";322;280;3;28;0;3;8;0;0;0
"Rent house/room including lot";"....Iloilo *";4926;3963;197;576;0;127;51;12;0;0
"Rent house/room including lot";"....Negros Occidental *";8131;7225;343;302;0;194;64;3;0;0
"Rent house/room including lot";"....City of Bacolod";12129;9866;447;1263;3;439;91;20;0;0
"Rent house/room including lot";"....City of Iloilo";8981;6631;462;1489;22;258;105;14;0;0
"Rent house/room including lot";"..REGION VII (CENTRAL VISAYAS)";171251;118710;8896;31443;1081;10708;351;62;0;0
"Rent house/room including lot";"....Bohol";7966;6134;471;842;0;449;54;16;0;0
"Rent house/room including lot";"....Cebu *";46467;32391;3435;8461;4;2087;82;7;0;0
"Rent house/room including lot";"....Negros Oriental";11321;8905;626;1044;6;689;33;18;0;0
"Rent house/room including lot";"....Siquijor";596;545;5;27;0;1;18;0;0;0
"Rent house/room including lot";"....City of Cebu";44019;30927;2069;7527;656;2726;97;17;0;0
"Rent house/room including lot";"....City of Lapu-Lapu (Opon)";28087;16553;1239;7648;52;2566;26;3;0;0
"Rent house/room including lot";"....City of Mandaue";32795;23255;1051;5894;363;2190;41;1;0;0
"Rent house/room including lot";"..REGION VIII (EASTERN VISAYAS)";24980;19178;1415;3370;0;792;200;25;0;0
"Rent house/room including lot";"....Biliran";1156;921;38;173;0;12;12;0;0;0
"Rent house/room including lot";"....Eastern Samar";2276;1926;84;207;0;43;16;0;0;0
"Rent house/room including lot";"....Leyte *";9777;7417;635;1273;0;364;77;11;0;0
"Rent house/room including lot";"....Northern Samar";2250;2046;68;71;0;41;16;8;0;0
"Rent house/room including lot";"....Samar (Western Samar)";3229;2315;231;491;0;174;16;2;0;0
"Rent house/room including lot";"....Southern Leyte";2641;2068;167;337;0;39;28;2;0;0
"Rent house/room including lot";"....City of Tacloban";3651;2485;192;818;0;119;35;2;0;0
"Rent house/room including lot";"..REGION IX (ZAMBOANGA PENINSULA)";37449;27692;2277;5055;0;2175;215;33;0;2
"Rent house/room including lot";"....Zamboanga del Norte";7854;5672;437;1527;0;184;23;11;0;0
"Rent house/room including lot";"....Zamboanga del Sur *";7476;6584;163;418;0;266;45;0;0;0
"Rent house/room including lot";"....Zamboanga Sibugay";3416;2573;265;128;0;353;79;18;0;0
"Rent house/room including lot";"....City of Isabela **";589;476;44;9;0;58;2;0;0;0
"Rent house/room including lot";"....City of Zamboanga";18114;12387;1368;2973;0;1314;66;4;0;2
"Rent house/room including lot";"..REGION X (NORTHERN MINDANAO)";67033;53680;3208;6689;32;2983;401;39;0;1
"Rent house/room including lot";"....Bukidnon";13227;11269;569;740;0;487;133;28;0;1
"Rent house/room including lot";"....Camiguin";769;735;14;8;0;0;12;0;0;0
"Rent house/room including lot";"....Lanao del Norte *";2140;1794;120;145;0;47;34;0;0;0
"Rent house/room including lot";"....Misamis Occidental";5716;4294;357;838;0;205;20;2;0;0
"Rent house/room including lot";"....Misamis Oriental *";10481;8894;505;574;0;460;46;2;0;0
"Rent house/room including lot";"....City of Cagayan de Oro";25839;20297;1072;2981;32;1341;109;7;0;0
"Rent house/room including lot";"....City of Iligan";8861;6397;571;1403;0;443;47;0;0;0
"Rent house/room including lot";"..REGION XI (DAVAO REGION)";118746;96036;4546;11198;152;6059;610;145;0;0
"Rent house/room including lot";"....Davao de Oro (Compostela Valley)";5747;4432;317;504;2;409;81;2;0;0
"Rent house/room including lot";"....Davao del Norte";21850;16688;1085;2871;4;1070;98;34;0;0
"Rent house/room including lot";"....Davao del Sur *";10002;8244;312;1047;0;367;32;0;0;0
"Rent house/room including lot";"....Davao Occidental";770;733;1;0;0;16;6;14;0;0
"Rent house/room including lot";"....Davao Oriental";3311;2839;175;94;0;165;25;13;0;0
"Rent house/room including lot";"....City of Davao";77066;63100;2656;6682;146;4032;368;82;0;0
"Rent house/room including lot";"..REGION XII (SOCCSKSARGEN)";55975;39512;2517;12364;0;1175;348;59;0;0
"Rent house/room including lot";"....Cotabato (North Cotabato)";7375;5987;318;710;0;259;98;3;0;0
"Rent house/room including lot";"....Sarangani";2391;2096;74;121;0;88;11;1;0;0
"Rent house/room including lot";"....South Cotabato *";12910;9409;519;2540;0;370;72;0;0;0
"Rent house/room including lot";"....Sultan Kudarat";4174;3144;337;422;0;136;80;55;0;0
"Rent house/room including lot";"....City of General Santos (Dadiangas)";29125;18876;1269;8571;0;322;87;0;0;0
"Rent house/room including lot";"..REGION XIII (CARAGA)";25163;20726;1195;2180;0;859;146;57;0;0
"Rent house/room including lot";"....Agusan del Norte *";2781;2212;189;234;0;129;17;0;0;0
"Rent house/room including lot";"....Agusan del Sur";4766;4128;186;251;0;149;37;15;0;0
"Rent house/room including lot";"....Dinagat Islands";814;783;10;6;0;10;4;1;0;0
"Rent house/room including lot";"....Surigao del Norte";6208;5127;293;694;0;73;21;0;0;0
"Rent house/room including lot";"....Surigao del Sur";4735;3928;265;250;0;270;22;0;0;0
"Rent house/room including lot";"....City of Butuan";5859;4548;252;745;0;228;45;41;0;0
"Rent house/room including lot";"..BANGSAMORO AUTONOMOUS REGION IN MUSLIM MINDANAO (BARMM)";5540;4067;303;753;0;250;166;1;0;0
"Rent house/room including lot";"....Basilan";315;284;16;15;0;0;0;0;0;0
"Rent house/room including lot";"....Lanao del Sur";905;772;38;48;0;43;4;0;0;0
"Rent house/room including lot";"....Maguindanao";3578;2353;235;645;0;202;142;1;0;0
"Rent house/room including lot";"....Sulu";304;265;2;18;0;4;15;0;0;0
"Rent house/room including lot";"....Tawi-Tawi";379;341;11;27;0;0;0;0;0;0
"Rent house/room including lot";"....Eight (8) Area Clusters ***";59;52;1;0;0;1;5;0;0;0
"Rent-free house and lot with consent of owner";"PHILIPPINES /a";1734387;1448569;70467;125250;7120;61862;19703;1408;0;8
"Rent-free house and lot with consent of owner";"..NATIONAL CAPITAL REGION (NCR)";305047;205753;11657;38184;6091;34064;8928;367;0;3
"Rent-free house and lot with consent of owner";"....City of Manila";53685;31441;1557;3497;1177;15030;876;107;0;0
"Rent-free house and lot with consent of owner";"....City of Mandaluyong";13353;8270;332;1020;616;2830;268;17;0;0
"Rent-free house and lot with consent of owner";"....City of Marikina";7412;6013;327;677;12;215;154;14;0;0
"Rent-free house and lot with consent of owner";"....City of Pasig";14169;8541;850;2643;247;1481;400;7;0;0
"Rent-free house and lot with consent of owner";"....Quezon City";63000;45318;2190;7758;2339;2902;2387;105;0;1
"Rent-free house and lot with consent of owner";"....City of San Juan";2991;1789;88;352;170;479;111;2;0;0
"Rent-free house and lot with consent of owner";"....City of Caloocan";26400;20067;1353;2533;49;1515;865;18;0;0
"Rent-free house and lot with consent of owner";"....City of Malabon";10600;9230;186;488;5;424;266;1;0;0
"Rent-free house and lot with consent of owner";"....City of Navotas";5738;4772;98;553;0;166;145;4;0;0
"Rent-free house and lot with consent of owner";"....City of Valenzuela";19314;11453;782;3504;42;1641;1850;40;0;2
"Rent-free house and lot with consent of owner";"....City of Las Piñas";15455;11895;782;1809;66;608;282;13;0;0
"Rent-free house and lot with consent of owner";"....City of Makati";10499;5604;384;2270;623;1405;199;14;0;0
"Rent-free house and lot with consent of owner";"....City of Muntinlupa";12696;9454;561;1971;64;532;112;2;0;0
"Rent-free house and lot with consent of owner";"....City of Parañaque";17583;13528;536;1908;222;930;446;13;0;0
"Rent-free house and lot with consent of owner";"....Pasay City";12125;6909;344;3226;383;834;422;7;0;0
"Rent-free house and lot with consent of owner";"....City of Taguig";19269;10986;1243;3771;76;3048;142;3;0;0
"Rent-free house and lot with consent of owner";"....Pateros";758;483;44;204;0;24;3;0;0;0
"Rent-free house and lot with consent of owner";"..CORDILLERA ADMINISTRATIVE REGION (CAR)";54047;50491;220;2688;187;84;340;37;0;0
"Rent-free house and lot with consent of owner";"....Abra";3563;3493;42;9;0;7;10;2;0;0
"Rent-free house and lot with consent of owner";"....Apayao";1291;1282;5;0;0;0;3;1;0;0
"Rent-free house and lot with consent of owner";"....Benguet *";19303;18438;37;677;0;36;110;5;0;0
"Rent-free house and lot with consent of owner";"....Ifugao";5412;5365;18;12;0;9;8;0;0;0
"Rent-free house and lot with consent of owner";"....Kalinga";2777;2751;10;6;0;4;4;2;0;0
"Rent-free house and lot with consent of owner";"....Mountain Province";3921;3884;8;12;0;11;3;3;0;0
"Rent-free house and lot with consent of owner";"....City of Baguio";17780;15278;100;1972;187;17;202;24;0;0
"Rent-free house and lot with consent of owner";"..REGION I (ILOCOS REGION)";81703;75463;3455;1268;0;1131;357;29;0;0
"Rent-free house and lot with consent of owner";"....Ilocos Norte";13118;12172;546;153;0;185;55;7;0;0
"Rent-free house and lot with consent of owner";"....Ilocos Sur";8150;7780;220;25;0;100;23;2;0;0
"Rent-free house and lot with consent of owner";"....La Union";15174;13580;875;420;0;247;43;9;0;0
"Rent-free house and lot with consent of owner";"....Pangasinan";45261;41931;1814;670;0;599;236;11;0;0
"Rent-free house and lot with consent of owner";"..REGION II (CAGAYAN VALLEY)";44466;41016;1783;765;0;632;247;23;0;0
"Rent-free house and lot with consent of owner";"....Batanes";606;601;1;0;0;0;0;4;0;0
"Rent-free house and lot with consent of owner";"....Cagayan";10587;9755;494;134;0;134;66;4;0;0
"Rent-free house and lot with consent of owner";"....Isabela";20028;18338;825;414;0;334;107;10;0;0
"Rent-free house and lot with consent of owner";"....Nueva Vizcaya";9736;8924;404;207;0;139;57;5;0;0
"Rent-free house and lot with consent of owner";"....Quirino";3509;3398;59;10;0;25;17;0;0;0
"Rent-free house and lot with consent of owner";"..REGION III (CENTRAL LUZON)";180267;144330;10357;18047;17;5283;2061;170;0;2
"Rent-free house and lot with consent of owner";"....Aurora";4426;4303;59;27;0;13;19;5;0;0
"Rent-free house and lot with consent of owner";"....Bataan";15081;12947;879;896;0;237;110;10;0;2
"Rent-free house and lot with consent of owner";"....Bulacan";65332;45735;3850;12987;4;1656;1015;85;0;0
"Rent-free house and lot with consent of owner";"....Nueva Ecija";32906;29397;1809;806;0;626;247;21;0;0
"Rent-free house and lot with consent of owner";"....Pampanga *";22860;18428;1375;1423;0;1286;328;20;0;0
"Rent-free house and lot with consent of owner";"....Tarlac";15488;13771;873;308;4;386;139;7;0;0
"Rent-free house and lot with consent of owner";"....Zambales *";12700;11046;789;353;0;464;37;11;0;0
"Rent-free house and lot with consent of owner";"....City of Angeles";4213;3435;179;359;0;137;98;5;0;0
"Rent-free house and lot with consent of owner";"....City of Olongapo";7261;5268;544;888;9;478;68;6;0;0
"Rent-free house and lot with consent of owner";"..REGION IV-A (CALABARZON)";294564;215114;22402;45820;493;7542;3046;145;0;2
"Rent-free house and lot with consent of owner";"....Batangas";50000;40242;3168;4331;0;1657;569;33;0;0
"Rent-free house and lot with consent of owner";"....Cavite";87453;52743;9029;21210;432;2740;1264;33;0;2
"Rent-free house and lot with consent of owner";"....Laguna";59551;42821;4231;10665;9;1299;502;24;0;0
"Rent-free house and lot with consent of owner";"....Quezon *";31969;28854;1687;758;0;463;185;22;0;0
"Rent-free house and lot with consent of owner";"....Rizal";60213;45881;3929;8548;52;1291;480;32;0;0
"Rent-free house and lot with consent of owner";"....City of Lucena";5378;4573;358;308;0;92;46;1;0;0
"Rent-free house and lot with consent of owner";"..MIMAROPA REGION";59699;55741;1436;1574;1;641;259;47;0;0
"Rent-free house and lot with consent of owner";"....Marinduque";3984;3896;48;16;0;11;10;3;0;0
"Rent-free house and lot with consent of owner";"....Occidental Mindoro";9181;8680;289;93;0;101;17;1;0;0
"Rent-free house and lot with consent of owner";"....Oriental Mindoro";17175;16106;462;437;0;83;82;5;0;0
"Rent-free house and lot with consent of owner";"....Palawan *";15065;13900;281;663;0;108;86;27;0;0
"Rent-free house and lot with consent of owner";"....Romblon";4953;4741;100;51;0;52;4;5;0;0
"Rent-free house and lot with consent of owner";"....City of Puerto Princesa";9341;8418;256;314;1;286;60;6;0;0
"Rent-free house and lot with consent of owner";"..REGION V (BICOL REGION)";76865;72919;1927;1005;0;565;348;101;0;0
"Rent-free house and lot with consent of owner";"....Albay";14669;13736;455;205;0;134;78;61;0;0
"Rent-free house and lot with consent of owner";"....Camarines Norte";9934;9363;279;180;0;47;64;1;0;0
"Rent-free house and lot with consent of owner";"....Camarines Sur";25128;23421;791;496;0;272;133;15;0;0
"Rent-free house and lot with consent of owner";"....Catanduanes";5363;5255;36;22;0;10;21;19;0;0
"Rent-free house and lot with consent of owner";"....Masbate";12074;11786;166;47;0;51;21;3;0;0
"Rent-free house and lot with consent of owner";"....Sorsogon";9697;9358;200;55;0;51;31;2;0;0
"Rent-free house and lot with consent of owner";"..REGION VI (WESTERN VISAYAS)";67856;62067;1753;2606;6;855;515;54;0;0
"Rent-free house and lot with consent of owner";"....Aklan";5860;5469;100;201;0;25;54;11;0;0
"Rent-free house and lot with consent of owner";"....Antique";6256;6048;95;60;0;31;20;2;0;0
"Rent-free house and lot with consent of owner";"....Capiz";4260;3880;147;180;0;36;17;0;0;0
"Rent-free house and lot with consent of owner";"....Guimaras";1416;1394;7;3;0;6;6;0;0;0
"Rent-free house and lot with consent of owner";"....Iloilo *";13940;12586;263;779;0;237;62;13;0;0
"Rent-free house and lot with consent of owner";"....Negros Occidental *";22093;19922;799;951;0;301;114;6;0;0
"Rent-free house and lot with consent of owner";"....City of Bacolod";8629;8034;174;169;0;99;136;17;0;0
"Rent-free house and lot with consent of owner";"....City of Iloilo";5402;4734;168;263;6;120;106;5;0;0
"Rent-free house and lot with consent of owner";"..REGION VII (CENTRAL VISAYAS)";101484;91142;2712;4080;171;2380;904;95;0;0
"Rent-free house and lot with consent of owner";"....Bohol";17628;16962;243;135;0;194;71;23;0;0
"Rent-free house and lot with consent of owner";"....Cebu *";36891;33580;1112;1311;0;576;292;20;0;0
"Rent-free house and lot with consent of owner";"....Negros Oriental";15721;14761;410;153;0;315;73;9;0;0
"Rent-free house and lot with consent of owner";"....Siquijor";1295;1279;8;0;0;2;4;2;0;0
"Rent-free house and lot with consent of owner";"....City of Cebu";14107;11859;457;827;141;606;182;35;0;0
"Rent-free house and lot with consent of owner";"....City of Lapu-Lapu (Opon)";6907;5232;286;1005;12;297;71;4;0;0
"Rent-free house and lot with consent of owner";"....City of Mandaue";8935;7469;196;649;18;390;211;2;0;0
"Rent-free house and lot with consent of owner";"..REGION VIII (EASTERN VISAYAS)";55567;50264;1796;2591;0;613;267;36;0;0
"Rent-free house and lot with consent of owner";"....Biliran";3410;3254;28;95;0;7;23;3;0;0
"Rent-free house and lot with consent of owner";"....Eastern Samar";7312;7084;126;42;0;46;14;0;0;0
"Rent-free house and lot with consent of owner";"....Leyte *";20743;18699;759;841;0;337;93;14;0;0
"Rent-free house and lot with consent of owner";"....Northern Samar";6748;6505;165;19;0;29;23;7;0;0
"Rent-free house and lot with consent of owner";"....Samar (Western Samar)";6897;6433;227;115;0;103;17;2;0;0
"Rent-free house and lot with consent of owner";"....Southern Leyte";6247;5663;394;114;0;34;37;5;0;0
"Rent-free house and lot with consent of owner";"....City of Tacloban";4210;2626;97;1365;0;57;60;5;0;0
"Rent-free house and lot with consent of owner";"..REGION IX (ZAMBOANGA PENINSULA)";55157;51581;1641;654;0;965;267;49;0;0
"Rent-free house and lot with consent of owner";"....Zamboanga del Norte";13718;13187;239;198;0;42;47;5;0;0
"Rent-free house and lot with consent of owner";"....Zamboanga del Sur *";15205;14783;169;53;0;92;89;19;0;0
"Rent-free house and lot with consent of owner";"....Zamboanga Sibugay";9808;9054;466;30;0;179;72;7;0;0
"Rent-free house and lot with consent of owner";"....City of Isabela **";963;918;24;6;0;13;1;1;0;0
"Rent-free house and lot with consent of owner";"....City of Zamboanga";15463;13639;743;367;0;639;58;17;0;0
"Rent-free house and lot with consent of owner";"..REGION X (NORTHERN MINDANAO)";95350;88134;2947;1732;13;1897;563;64;0;0
"Rent-free house and lot with consent of owner";"....Bukidnon";30912;29422;662;225;0;418;172;13;0;0
"Rent-free house and lot with consent of owner";"....Camiguin";1523;1474;18;19;0;4;6;2;0;0
"Rent-free house and lot with consent of owner";"....Lanao del Norte *";13793;12555;797;85;0;308;44;4;0;0
"Rent-free house and lot with consent of owner";"....Misamis Occidental";9326;8782;214;163;0;135;29;3;0;0
"Rent-free house and lot with consent of owner";"....Misamis Oriental *";17668;16737;439;86;0;318;74;14;0;0
"Rent-free house and lot with consent of owner";"....City of Cagayan de Oro";15541;14003;417;455;13;440;193;20;0;0
"Rent-free house and lot with consent of owner";"....City of Iligan";6587;5161;400;699;0;274;45;8;0;0
"Rent-free house and lot with consent of owner";"..REGION XI (DAVAO REGION)";109213;99547;3176;1685;141;3683;875;105;0;1
"Rent-free house and lot with consent of owner";"....Davao de Oro (Compostela Valley)";14894;13250;964;168;0;445;61;5;0;1
"Rent-free house and lot with consent of owner";"....Davao del Norte";26294;23480;677;503;0;1480;139;15;0;0
"Rent-free house and lot with consent of owner";"....Davao del Sur *";13334;12828;207;141;0;107;47;4;0;0
"Rent-free house and lot with consent of owner";"....Davao Occidental";3003;2989;1;0;0;2;11;0;0;0
"Rent-free house and lot with consent of owner";"....Davao Oriental";8658;8283;220;19;0;111;18;7;0;0
"Rent-free house and lot with consent of owner";"....City of Davao";43030;38717;1107;854;141;1538;599;74;0;0
"Rent-free house and lot with consent of owner";"..REGION XII (SOCCSKSARGEN)";80325;75975;1500;1845;0;648;322;35;0;0
"Rent-free house and lot with consent of owner";"....Cotabato (North Cotabato)";19751;18998;302;207;0;155;82;7;0;0
"Rent-free house and lot with consent of owner";"....Sarangani";7453;7178;168;56;0;28;18;5;0;0
"Rent-free house and lot with consent of owner";"....South Cotabato *";18677;17919;237;339;0;106;72;4;0;0
"Rent-free house and lot with consent of owner";"....Sultan Kudarat";13097;12458;215;169;0;202;40;13;0;0
"Rent-free house and lot with consent of owner";"....City of General Santos (Dadiangas)";21347;19422;578;1074;0;157;110;6;0;0
"Rent-free house and lot with consent of owner";"..REGION XIII (CARAGA)";44738;41957;1265;652;0;564;266;34;0;0
"Rent-free house and lot with consent of owner";"....Agusan del Norte *";6011;5567;252;82;0;84;25;1;0;0
"Rent-free house and lot with consent of owner";"....Agusan del Sur";12040;11584;217;76;0;97;54;12;0;0
"Rent-free house and lot with consent of owner";"....Dinagat Islands";2456;2409;29;2;0;12;4;0;0;0
"Rent-free house and lot with consent of owner";"....Surigao del Norte";8835;8199;243;272;0;74;43;4;0;0
"Rent-free house and lot with consent of owner";"....Surigao del Sur";8378;7881;282;24;0;143;43;5;0;0
"Rent-free house and lot with consent of owner";"....City of Butuan";7018;6317;242;196;0;154;97;12;0;0
"Rent-free house and lot with consent of owner";"..BANGSAMORO AUTONOMOUS REGION IN MUSLIM MINDANAO (BARMM)";28039;27075;440;54;0;315;138;17;0;0
"Rent-free house and lot with consent of owner";"....Basilan";2213;2183;10;5;0;11;3;1;0;0
"Rent-free house and lot with consent of owner";"....Lanao del Sur";12141;11568;285;31;0;212;33;12;0;0
"Rent-free house and lot with consent of owner";"....Maguindanao";7106;6834;100;17;0;72;81;2;0;0
"Rent-free house and lot with consent of owner";"....Sulu";2956;2932;15;0;0;8;1;0;0;0
"Rent-free house and lot with consent of owner";"....Tawi-Tawi";2500;2468;8;1;0;3;18;2;0;0
"Rent-free house and lot with consent of owner";"....Eight (8) Area Clusters ***";1123;1090;22;0;0;9;2;0;0;0
"Rent-free house and lot without consent of owner";"PHILIPPINES /a";59826;51658;2088;3590;0;2167;240;77;0;6
"Rent-free house and lot without consent of owner";"..NATIONAL CAPITAL REGION (NCR)";16208;12975;570;1048;0;1500;90;21;0;4
"Rent-free house and lot without consent of owner";"....City of Manila";3638;2824;47;88;0;670;5;4;0;0
"Rent-free house and lot without consent of owner";"....City of Mandaluyong";379;334;9;7;0;29;0;0;0;0
"Rent-free house and lot without consent of owner";"....City of Marikina";265;237;9;14;0;2;3;0;0;0
"Rent-free house and lot without consent of owner";"....City of Pasig";305;230;9;38;0;25;2;1;0;0
"Rent-free house and lot without consent of owner";"....Quezon City";5017;4023;220;417;0;306;38;9;0;4
"Rent-free house and lot without consent of owner";"....City of San Juan";279;223;13;6;0;35;2;0;0;0
"Rent-free house and lot without consent of owner";"....City of Caloocan";1028;902;26;56;0;34;9;1;0;0
"Rent-free house and lot without consent of owner";"....City of Malabon";268;255;3;8;0;2;0;0;0;0
"Rent-free house and lot without consent of owner";"....City of Navotas";189;183;2;2;0;1;1;0;0;0
"Rent-free house and lot without consent of owner";"....City of Valenzuela";713;619;16;40;0;17;21;0;0;0
"Rent-free house and lot without consent of owner";"....City of Las Piñas";330;263;27;17;0;21;2;0;0;0
"Rent-free house and lot without consent of owner";"....City of Makati";313;210;18;36;0;49;0;0;0;0
"Rent-free house and lot without consent of owner";"....City of Muntinlupa";904;830;8;57;0;9;0;0;0;0
"Rent-free house and lot without consent of owner";"....City of Parañaque";978;836;64;46;0;31;1;0;0;0
"Rent-free house and lot without consent of owner";"....Pasay City";994;517;78;154;0;239;6;0;0;0
"Rent-free house and lot without consent of owner";"....City of Taguig";583;466;20;61;0;30;0;6;0;0
"Rent-free house and lot without consent of owner";"....Pateros";25;23;1;1;0;0;0;0;0;0
"Rent-free house and lot without consent of owner";"..CORDILLERA ADMINISTRATIVE REGION (CAR)";477;462;2;11;0;0;1;1;0;0
"Rent-free house and lot without consent of owner";"....Abra";68;68;0;0;0;0;0;0;0;0
"Rent-free house and lot without consent of owner";"....Apayao";33;33;0;0;0;0;0;0;0;0
"Rent-free house and lot without consent of owner";"....Benguet *";115;111;1;2;0;0;1;0;0;0
"Rent-free house and lot without consent of owner";"....Ifugao";51;51;0;0;0;0;0;0;0;0
"Rent-free house and lot without consent of owner";"....Kalinga";71;70;0;0;0;0;0;1;0;0
"Rent-free house and lot without consent of owner";"....Mountain Province";32;32;0;0;0;0;0;0;0;0
"Rent-free house and lot without consent of owner";"....City of Baguio";107;97;1;9;0;0;0;0;0;0
"Rent-free house and lot without consent of owner";"..REGION I (ILOCOS REGION)";1228;1181;23;11;0;10;2;1;0;0
"Rent-free house and lot without consent of owner";"....Ilocos Norte";158;153;1;1;0;1;1;1;0;0
"Rent-free house and lot without consent of owner";"....Ilocos Sur";142;140;1;0;0;1;0;0;0;0
"Rent-free house and lot without consent of owner";"....La Union";164;156;4;2;0;2;0;0;0;0
"Rent-free house and lot without consent of owner";"....Pangasinan";764;732;17;8;0;6;1;0;0;0
"Rent-free house and lot without consent of owner";"..REGION II (CAGAYAN VALLEY)";1115;1079;20;6;0;7;2;1;0;0
"Rent-free house and lot without consent of owner";"....Batanes";5;5;0;0;0;0;0;0;0;0
"Rent-free house and lot without consent of owner";"....Cagayan";368;358;6;3;0;0;0;1;0;0
"Rent-free house and lot without consent of owner";"....Isabela";452;437;10;3;0;1;1;0;0;0
"Rent-free house and lot without consent of owner";"....Nueva Vizcaya";153;149;1;0;0;2;1;0;0;0
"Rent-free house and lot without consent of owner";"....Quirino";137;130;3;0;0;4;0;0;0;0
"Rent-free house and lot without consent of owner";"..REGION III (CENTRAL LUZON)";6387;5082;259;903;0;104;34;5;0;0
"Rent-free house and lot without consent of owner";"....Aurora";40;39;1;0;0;0;0;0;0;0
"Rent-free house and lot without consent of owner";"....Bataan";592;531;44;10;0;4;2;1;0;0
"Rent-free house and lot without consent of owner";"....Bulacan";2880;1910;96;811;0;48;12;3;0;0
"Rent-free house and lot without consent of owner";"....Nueva Ecija";852;768;46;19;0;14;5;0;0;0
"Rent-free house and lot without consent of owner";"....Pampanga *";1132;1028;37;35;0;20;12;0;0;0
"Rent-free house and lot without consent of owner";"....Tarlac";500;473;14;3;0;8;1;1;0;0
"Rent-free house and lot without consent of owner";"....Zambales *";116;103;8;1;0;3;1;0;0;0
"Rent-free house and lot without consent of owner";"....City of Angeles";181;152;10;15;0;4;0;0;0;0
"Rent-free house and lot without consent of owner";"....City of Olongapo";94;78;3;9;0;3;1;0;0;0
"Rent-free house and lot without consent of owner";"..REGION IV-A (CALABARZON)";11163;8650;800;1411;0;249;42;9;0;2
"Rent-free house and lot without consent of owner";"....Batangas";870;706;68;50;0;35;10;1;0;0
"Rent-free house and lot without consent of owner";"....Cavite";4942;3306;513;975;0;128;16;2;0;2
"Rent-free house and lot without consent of owner";"....Laguna";2086;1694;133;209;0;39;8;3;0;0
"Rent-free house and lot without consent of owner";"....Quezon *";615;574;19;6;0;13;2;1;0;0
"Rent-free house and lot without consent of owner";"....Rizal";2457;2184;63;169;0;33;6;2;0;0
"Rent-free house and lot without consent of owner";"....City of Lucena";193;186;4;2;0;1;0;0;0;0
"Rent-free house and lot without consent of owner";"..MIMAROPA REGION";1173;1133;18;13;0;4;5;0;0;0
"Rent-free house and lot without consent of owner";"....Marinduque";95;93;1;0;0;1;0;0;0;0
"Rent-free house and lot without consent of owner";"....Occidental Mindoro";146;135;8;1;0;1;1;0;0;0
"Rent-free house and lot without consent of owner";"....Oriental Mindoro";203;195;2;6;0;0;0;0;0;0
"Rent-free house and lot without consent of owner";"....Palawan *";320;317;1;1;0;0;1;0;0;0
"Rent-free house and lot without consent of owner";"....Romblon";53;52;1;0;0;0;0;0;0;0
"Rent-free house and lot without consent of owner";"....City of Puerto Princesa";356;341;5;5;0;2;3;0;0;0
"Rent-free house and lot without consent of owner";"..REGION V (BICOL REGION)";1739;1672;40;11;0;13;3;0;0;0
"Rent-free house and lot without consent of owner";"....Albay";439;431;3;4;0;1;0;0;0;0
"Rent-free house and lot without consent of owner";"....Camarines Norte";152;144;4;4;0;0;0;0;0;0
"Rent-free house and lot without consent of owner";"....Camarines Sur";562;532;21;1;0;6;2;0;0;0
"Rent-free house and lot without consent of owner";"....Catanduanes";53;53;0;0;0;0;0;0;0;0
"Rent-free house and lot without consent of owner";"....Masbate";333;316;9;2;0;5;1;0;0;0
"Rent-free house and lot without consent of owner";"....Sorsogon";200;196;3;0;0;1;0;0;0;0
"Rent-free house and lot without consent of owner";"..REGION VI (WESTERN VISAYAS)";2620;2544;29;25;0;15;3;4;0;0
"Rent-free house and lot without consent of owner";"....Aklan";95;88;1;1;0;1;1;3;0;0
"Rent-free house and lot without consent of owner";"....Antique";71;69;0;0;0;2;0;0;0;0
"Rent-free house and lot without consent of owner";"....Capiz";231;221;6;3;0;1;0;0;0;0
"Rent-free house and lot without consent of owner";"....Guimaras";22;21;1;0;0;0;0;0;0;0
"Rent-free house and lot without consent of owner";"....Iloilo *";514;503;6;5;0;0;0;0;0;0
"Rent-free house and lot without consent of owner";"....Negros Occidental *";953;942;5;3;0;2;0;1;0;0
"Rent-free house and lot without consent of owner";"....City of Bacolod";520;493;10;11;0;6;0;0;0;0
"Rent-free house and lot without consent of owner";"....City of Iloilo";214;207;0;2;0;3;2;0;0;0
"Rent-free house and lot without consent of owner";"..REGION VII (CENTRAL VISAYAS)";3616;3376;84;60;0;78;18;0;0;0
"Rent-free house and lot without consent of owner";"....Bohol";337;330;4;2;0;1;0;0;0;0
"Rent-free house and lot without consent of owner";"....Cebu *";1230;1161;26;17;0;11;15;0;0;0
"Rent-free house and lot without consent of owner";"....Negros Oriental";436;417;9;4;0;6;0;0;0;0
"Rent-free house and lot without consent of owner";"....Siquijor";25;25;0;0;0;0;0;0;0;0
"Rent-free house and lot without consent of owner";"....City of Cebu";926;830;30;18;0;47;1;0;0;0
"Rent-free house and lot without consent of owner";"....City of Lapu-Lapu (Opon)";398;366;12;8;0;10;2;0;0;0
"Rent-free house and lot without consent of owner";"....City of Mandaue";264;247;3;11;0;3;0;0;0;0
"Rent-free house and lot without consent of owner";"..REGION VIII (EASTERN VISAYAS)";1548;1492;18;28;0;5;4;1;0;0
"Rent-free house and lot without consent of owner";"....Biliran";39;39;0;0;0;0;0;0;0;0
"Rent-free house and lot without consent of owner";"....Eastern Samar";138;135;2;0;0;0;1;0;0;0
"Rent-free house and lot without consent of owner";"....Leyte *";637;604;7;21;0;3;2;0;0;0
"Rent-free house and lot without consent of owner";"....Northern Samar";215;215;0;0;0;0;0;0;0;0
"Rent-free house and lot without consent of owner";"....Samar (Western Samar)";241;236;4;1;0;0;0;0;0;0
"Rent-free house and lot without consent of owner";"....Southern Leyte";112;108;3;0;0;0;0;1;0;0
"Rent-free house and lot without consent of owner";"....City of Tacloban";166;155;2;6;0;2;1;0;0;0
"Rent-free house and lot without consent of owner";"..REGION IX (ZAMBOANGA PENINSULA)";1192;1149;18;6;0;14;2;3;0;0
"Rent-free house and lot without consent of owner";"....Zamboanga del Norte";189;186;2;0;0;1;0;0;0;0
"Rent-free house and lot without consent of owner";"....Zamboanga del Sur *";252;252;0;0;0;0;0;0;0;0
"Rent-free house and lot without consent of owner";"....Zamboanga Sibugay";138;135;1;0;0;1;1;0;0;0
"Rent-free house and lot without consent of owner";"....City of Isabela **";13;13;0;0;0;0;0;0;0;0
"Rent-free house and lot without consent of owner";"....City of Zamboanga";600;563;15;6;0;12;1;3;0;0
"Rent-free house and lot without consent of owner";"..REGION X (NORTHERN MINDANAO)";2845;2715;62;12;0;43;12;1;0;0
"Rent-free house and lot without consent of owner";"....Bukidnon";960;943;6;0;0;9;2;0;0;0
"Rent-free house and lot without consent of owner";"....Camiguin";19;19;0;0;0;0;0;0;0;0
"Rent-free house and lot without consent of owner";"....Lanao del Norte *";154;150;1;0;0;0;3;0;0;0
"Rent-free house and lot without consent of owner";"....Misamis Occidental";233;221;8;2;0;0;1;1;0;0
"Rent-free house and lot without consent of owner";"....Misamis Oriental *";354;337;8;0;0;6;3;0;0;0
"Rent-free house and lot without consent of owner";"....City of Cagayan de Oro";964;895;34;8;0;25;2;0;0;0
"Rent-free house and lot without consent of owner";"....City of Iligan";161;150;5;2;0;3;1;0;0;0
"Rent-free house and lot without consent of owner";"..REGION XI (DAVAO REGION)";3206;3049;52;21;0;70;10;4;0;0
"Rent-free house and lot without consent of owner";"....Davao de Oro (Compostela Valley)";340;314;16;4;0;6;0;0;0;0
"Rent-free house and lot without consent of owner";"....Davao del Norte";597;576;9;2;0;8;0;2;0;0
"Rent-free house and lot without consent of owner";"....Davao del Sur *";266;259;2;2;0;2;0;1;0;0
"Rent-free house and lot without consent of owner";"....Davao Occidental";79;79;0;0;0;0;0;0;0;0
"Rent-free house and lot without consent of owner";"....Davao Oriental";204;199;1;3;0;1;0;0;0;0
"Rent-free house and lot without consent of owner";"....City of Davao";1720;1622;24;10;0;53;10;1;0;0
"Rent-free house and lot without consent of owner";"..REGION XII (SOCCSKSARGEN)";1964;1902;20;20;0;19;3;0;0;0
"Rent-free house and lot without consent of owner";"....Cotabato (North Cotabato)";710;681;7;13;0;7;2;0;0;0
"Rent-free house and lot without consent of owner";"....Sarangani";222;216;3;0;0;3;0;0;0;0
"Rent-free house and lot without consent of owner";"....South Cotabato *";449;445;0;0;0;4;0;0;0;0
"Rent-free house and lot without consent of owner";"....Sultan Kudarat";333;327;1;2;0;2;1;0;0;0
"Rent-free house and lot without consent of owner";"....City of General Santos (Dadiangas)";250;233;9;5;0;3;0;0;0;0
"Rent-free house and lot without consent of owner";"..REGION XIII (CARAGA)";1151;1108;31;3;0;5;4;0;0;0
"Rent-free house and lot without consent of owner";"....Agusan del Norte *";231;218;6;1;0;4;2;0;0;0
"Rent-free house and lot without consent of owner";"....Agusan del Sur";226;225;1;0;0;0;0;0;0;0
"Rent-free house and lot without consent of owner";"....Dinagat Islands";31;31;0;0;0;0;0;0;0;0
"Rent-free house and lot without consent of owner";"....Surigao del Norte";244;238;4;0;0;0;2;0;0;0
"Rent-free house and lot without consent of owner";"....Surigao del Sur";163;152;9;1;0;1;0;0;0;0
"Rent-free house and lot without consent of owner";"....City of Butuan";256;244;11;1;0;0;0;0;0;0
"Rent-free house and lot without consent of owner";"..BANGSAMORO AUTONOMOUS REGION IN MUSLIM MINDANAO (BARMM)";2194;2089;42;1;0;31;5;26;0;0
"Rent-free house and lot without consent of owner";"....Basilan";143;143;0;0;0;0;0;0;0;0
"Rent-free house and lot without consent of owner";"....Lanao del Sur";251;246;4;0;0;1;0;0;0;0
"Rent-free house and lot without consent of owner";"....Maguindanao";693;619;29;0;0;21;2;22;0;0
"Rent-free house and lot without consent of owner";"....Sulu";816;805;5;0;0;1;1;4;0;0
"Rent-free house and lot without consent of owner";"....Tawi-Tawi";192;190;0;1;0;0;1;0;0;0
"Rent-free house and lot without consent of owner";"....Eight (8) Area Clusters ***";99;86;4;0;0;8;1;0;0;0
"Not reported";"PHILIPPINES /a";144102;31192;1648;2799;87046;20939;472;3;0;3
"Not reported";"..NATIONAL CAPITAL REGION (NCR)";126949;16484;533;2489;86359;20625;459;0;0;0
"Not reported";"....City of Manila";11344;2738;17;306;7798;476;9;0;0;0
"Not reported";"....City of Mandaluyong";10901;1377;15;25;9413;65;6;0;0;0
"Not reported";"....City of Marikina";48;23;1;5;19;0;0;0;0;0
"Not reported";"....City of Pasig";6897;1074;43;261;4284;1235;0;0;0;0
"Not reported";"....Quezon City";14928;4660;167;606;6068;2998;429;0;0;0
"Not reported";"....City of San Juan";3389;978;15;140;2145;109;2;0;0;0
"Not reported";"....City of Caloocan";126;51;0;4;65;5;1;0;0;0
"Not reported";"....City of Malabon";79;76;1;1;0;1;0;0;0;0
"Not reported";"....City of Navotas";17;15;0;1;0;1;0;0;0;0
"Not reported";"....City of Valenzuela";63;11;1;7;43;0;1;0;0;0
"Not reported";"....City of Las Piñas";133;39;1;10;83;0;0;0;0;0
"Not reported";"....City of Makati";58755;2446;250;941;42355;12761;2;0;0;0
"Not reported";"....City of Muntinlupa";1368;1143;5;1;211;0;8;0;0;0
"Not reported";"....City of Parañaque";2210;144;4;0;2058;3;1;0;0;0
"Not reported";"....Pasay City";12191;1431;11;157;10570;22;0;0;0;0
"Not reported";"....City of Taguig";4468;253;2;17;1247;2949;0;0;0;0
"Not reported";"....Pateros";32;25;0;7;0;0;0;0;0;0
"Not reported";"..CORDILLERA ADMINISTRATIVE REGION (CAR)";308;25;0;1;281;0;0;0;0;1
"Not reported";"....Abra";9;8;0;0;0;0;0;0;0;1
"Not reported";"....Apayao";2;2;0;0;0;0;0;0;0;0
"Not reported";"....Benguet *";1;1;0;0;0;0;0;0;0;0
"Not reported";"....Ifugao";14;14;0;0;0;0;0;0;0;0
"Not reported";"....Kalinga";0;0;0;0;0;0;0;0;0;0
"Not reported";"....Mountain Province";0;0;0;0;0;0;0;0;0;0
"Not reported";"....City of Baguio";282;0;0;1;281;0;0;0;0;0
"Not reported";"..REGION I (ILOCOS REGION)";330;303;16;5;2;2;1;0;0;1
"Not reported";"....Ilocos Norte";2;1;0;0;1;0;0;0;0;0
"Not reported";"....Ilocos Sur";1;1;0;0;0;0;0;0;0;0
"Not reported";"....La Union";3;3;0;0;0;0;0;0;0;0
"Not reported";"....Pangasinan";324;298;16;5;1;2;1;0;0;1
"Not reported";"..REGION II (CAGAYAN VALLEY)";30;30;0;0;0;0;0;0;0;0
"Not reported";"....Batanes";2;2;0;0;0;0;0;0;0;0
"Not reported";"....Cagayan";1;1;0;0;0;0;0;0;0;0
"Not reported";"....Isabela";13;13;0;0;0;0;0;0;0;0
"Not reported";"....Nueva Vizcaya";8;8;0;0;0;0;0;0;0;0
"Not reported";"....Quirino";6;6;0;0;0;0;0;0;0;0
"Not reported";"..REGION III (CENTRAL LUZON)";1439;1109;73;170;12;68;4;3;0;0
"Not reported";"....Aurora";11;11;0;0;0;0;0;0;0;0
"Not reported";"....Bataan";29;28;1;0;0;0;0;0;0;0
"Not reported";"....Bulacan";853;626;42;157;6;18;4;0;0;0
"Not reported";"....Nueva Ecija";36;34;1;0;1;0;0;0;0;0
"Not reported";"....Pampanga *";211;193;11;4;0;3;0;0;0;0
"Not reported";"....Tarlac";212;153;9;4;1;42;0;3;0;0
"Not reported";"....Zambales *";8;8;0;0;0;0;0;0;0;0
"Not reported";"....City of Angeles";75;56;9;5;0;5;0;0;0;0
"Not reported";"....City of Olongapo";4;0;0;0;4;0;0;0;0;0
"Not reported";"..REGION IV-A (CALABARZON)";831;469;40;87;216;16;2;0;0;1
"Not reported";"....Batangas";53;50;1;2;0;0;0;0;0;0
"Not reported";"....Cavite";638;332;35;80;174;14;2;0;0;1
"Not reported";"....Laguna";21;11;1;0;9;0;0;0;0;0
"Not reported";"....Quezon *";4;4;0;0;0;0;0;0;0;0
"Not reported";"....Rizal";114;71;3;5;33;2;0;0;0;0
"Not reported";"....City of Lucena";1;1;0;0;0;0;0;0;0;0
"Not reported";"..MIMAROPA REGION";79;78;0;0;0;0;1;0;0;0
"Not reported";"....Marinduque";56;55;0;0;0;0;1;0;0;0
"Not reported";"....Occidental Mindoro";11;11;0;0;0;0;0;0;0;0
"Not reported";"....Oriental Mindoro";8;8;0;0;0;0;0;0;0;0
"Not reported";"....Palawan *";2;2;0;0;0;0;0;0;0;0
"Not reported";"....Romblon";1;1;0;0;0;0;0;0;0;0
"Not reported";"....City of Puerto Princesa";1;1;0;0;0;0;0;0;0;0
"Not reported";"..REGION V (BICOL REGION)";87;86;1;0;0;0;0;0;0;0
"Not reported";"....Albay";8;8;0;0;0;0;0;0;0;0
"Not reported";"....Camarines Norte";5;5;0;0;0;0;0;0;0;0
"Not reported";"....Camarines Sur";21;21;0;0;0;0;0;0;0;0
"Not reported";"....Catanduanes";24;23;1;0;0;0;0;0;0;0
"Not reported";"....Masbate";21;21;0;0;0;0;0;0;0;0
"Not reported";"....Sorsogon";8;8;0;0;0;0;0;0;0;0
"Not reported";"..REGION VI (WESTERN VISAYAS)";513;442;20;30;4;16;1;0;0;0
"Not reported";"....Aklan";2;2;0;0;0;0;0;0;0;0
"Not reported";"....Antique";31;31;0;0;0;0;0;0;0;0
"Not reported";"....Capiz";20;17;2;0;0;0;1;0;0;0
"Not reported";"....Guimaras";10;10;0;0;0;0;0;0;0;0
"Not reported";"....Iloilo *";301;260;7;19;3;12;0;0;0;0
"Not reported";"....Negros Occidental *";16;16;0;0;0;0;0;0;0;0
"Not reported";"....City of Bacolod";30;22;0;7;1;0;0;0;0;0
"Not reported";"....City of Iloilo";103;84;11;4;0;4;0;0;0;0
"Not reported";"..REGION VII (CENTRAL VISAYAS)";502;346;11;5;133;7;0;0;0;0
"Not reported";"....Bohol";240;226;8;0;0;6;0;0;0;0
"Not reported";"....Cebu *";74;70;2;1;0;1;0;0;0;0
"Not reported";"....Negros Oriental";9;8;0;0;1;0;0;0;0;0
"Not reported";"....Siquijor";1;1;0;0;0;0;0;0;0;0
"Not reported";"....City of Cebu";87;19;0;2;66;0;0;0;0;0
"Not reported";"....City of Lapu-Lapu (Opon)";35;3;1;1;30;0;0;0;0;0
"Not reported";"....City of Mandaue";56;19;0;1;36;0;0;0;0;0
"Not reported";"..REGION VIII (EASTERN VISAYAS)";73;69;2;1;0;1;0;0;0;0
"Not reported";"....Biliran";2;2;0;0;0;0;0;0;0;0
"Not reported";"....Eastern Samar";13;13;0;0;0;0;0;0;0;0
"Not reported";"....Leyte *";19;19;0;0;0;0;0;0;0;0
"Not reported";"....Northern Samar";7;7;0;0;0;0;0;0;0;0
"Not reported";"....Samar (Western Samar)";27;24;2;0;0;1;0;0;0;0
"Not reported";"....Southern Leyte";4;4;0;0;0;0;0;0;0;0
"Not reported";"....City of Tacloban";1;0;0;1;0;0;0;0;0;0
"Not reported";"..REGION IX (ZAMBOANGA PENINSULA)";131;128;1;0;0;1;1;0;0;0
"Not reported";"....Zamboanga del Norte";3;3;0;0;0;0;0;0;0;0
"Not reported";"....Zamboanga del Sur *";17;17;0;0;0;0;0;0;0;0
"Not reported";"....Zamboanga Sibugay";1;1;0;0;0;0;0;0;0;0
"Not reported";"....City of Isabela **";52;51;0;0;0;1;0;0;0;0
"Not reported";"....City of Zamboanga";58;56;1;0;0;0;1;0;0;0
"Not reported";"..REGION X (NORTHERN MINDANAO)";86;81;1;0;4;0;0;0;0;0
"Not reported";"....Bukidnon";48;48;0;0;0;0;0;0;0;0
"Not reported";"....Camiguin";0;0;0;0;0;0;0;0;0;0
"Not reported";"....Lanao del Norte *";5;4;1;0;0;0;0;0;0;0
"Not reported";"....Misamis Occidental";7;7;0;0;0;0;0;0;0;0
"Not reported";"....Misamis Oriental *";9;9;0;0;0;0;0;0;0;0
"Not reported";"....City of Cagayan de Oro";15;11;0;0;4;0;0;0;0;0
"Not reported";"....City of Iligan";2;2;0;0;0;0;0;0;0;0
"Not reported";"..REGION XI (DAVAO REGION)";252;212;5;0;29;4;2;0;0;0
"Not reported";"....Davao de Oro (Compostela Valley)";35;30;2;0;1;0;2;0;0;0
"Not reported";"....Davao del Norte";77;72;1;0;1;3;0;0;0;0
"Not reported";"....Davao del Sur *";35;35;0;0;0;0;0;0;0;0
"Not reported";"....Davao Occidental";18;18;0;0;0;0;0;0;0;0
"Not reported";"....Davao Oriental";6;6;0;0;0;0;0;0;0;0
"Not reported";"....City of Davao";81;51;2;0;27;1;0;0;0;0
"Not reported";"..REGION XII (SOCCSKSARGEN)";72;61;0;11;0;0;0;0;0;0
"Not reported";"....Cotabato (North Cotabato)";6;6;0;0;0;0;0;0;0;0
"Not reported";"....Sarangani";3;3;0;0;0;0;0;0;0;0
"Not reported";"....South Cotabato *";18;18;0;0;0;0;0;0;0;0
"Not reported";"....Sultan Kudarat";17;17;0;0;0;0;0;0;0;0
"Not reported";"....City of General Santos (Dadiangas)";28;17;0;11;0;0;0;0;0;0
"Not reported";"..REGION XIII (CARAGA)";72;70;2;0;0;0;0;0;0;0
"Not reported";"....Agusan del Norte *";8;7;1;0;0;0;0;0;0;0
"Not reported";"....Agusan del Sur";17;17;0;0;0;0;0;0;0;0
"Not reported";"....Dinagat Islands";7;7;0;0;0;0;0;0;0;0
"Not reported";"....Surigao del Norte";13;12;1;0;0;0;0;0;0;0
"Not reported";"....Surigao del Sur";6;6;0;0;0;0;0;0;0;0
"Not reported";"....City of Butuan";21;21;0;0;0;0;0;0;0;0
"Not reported";"..BANGSAMORO AUTONOMOUS REGION IN MUSLIM MINDANAO (BARMM)";12348;11199;943;0;6;199;1;0;0;0
"Not reported";"....Basilan";254;250;0;0;2;1;1;0;0;0
"Not reported";"....Lanao del Sur";491;471;10;0;0;10;0;0;0;0
"Not reported";"....Maguindanao";120;112;4;0;4;0;0;0;0;0
"Not reported";"....Sulu";11467;10350;929;0;0;188;0;0;0;0
"Not reported";"....Tawi-Tawi";16;16;0;0;0;0;0;0;0;0
"Not reported";"....Eight (8) Area Clusters ***";0;0;0;0;0;0;0;0;0;0
"Not applicable";"PHILIPPINES /a";1869;0;0;0;0;0;0;0;1869;0
"Not applicable";"..NATIONAL CAPITAL REGION (NCR)";436;0;0;0;0;0;0;0;436;0
"Not applicable";"....City of Manila";247;0;0;0;0;0;0;0;247;0
"Not applicable";"....City of Mandaluyong";8;0;0;0;0;0;0;0;8;0
"Not applicable";"....City of Marikina";2;0;0;0;0;0;0;0;2;0
"Not applicable";"....City of Pasig";2;0;0;0;0;0;0;0;2;0
"Not applicable";"....Quezon City";37;0;0;0;0;0;0;0;37;0
"Not applicable";"....City of San Juan";15;0;0;0;0;0;0;0;15;0
"Not applicable";"....City of Caloocan";7;0;0;0;0;0;0;0;7;0
"Not applicable";"....City of Malabon";44;0;0;0;0;0;0;0;44;0
"Not applicable";"....City of Navotas";10;0;0;0;0;0;0;0;10;0
"Not applicable";"....City of Valenzuela";1;0;0;0;0;0;0;0;1;0
"Not applicable";"....City of Las Piñas";5;0;0;0;0;0;0;0;5;0
"Not applicable";"....City of Makati";16;0;0;0;0;0;0;0;16;0
"Not applicable";"....City of Muntinlupa";12;0;0;0;0;0;0;0;12;0
"Not applicable";"....City of Parañaque";9;0;0;0;0;0;0;0;9;0
"Not applicable";"....Pasay City";13;0;0;0;0;0;0;0;13;0
"Not applicable";"....City of Taguig";8;0;0;0;0;0;0;0;8;0
"Not applicable";"....Pateros";0;0;0;0;0;0;0;0;0;0
"Not applicable";"..CORDILLERA ADMINISTRATIVE REGION (CAR)";47;0;0;0;0;0;0;0;47;0
"Not applicable";"....Abra";0;0;0;0;0;0;0;0;0;0
"Not applicable";"....Apayao";6;0;0;0;0;0;0;0;6;0
"Not applicable";"....Benguet *";32;0;0;0;0;0;0;0;32;0
"Not applicable";"....Ifugao";0;0;0;0;0;0;0;0;0;0
"Not applicable";"....Kalinga";0;0;0;0;0;0;0;0;0;0
"Not applicable";"....Mountain Province";1;0;0;0;0;0;0;0;1;0
"Not applicable";"....City of Baguio";8;0;0;0;0;0;0;0;8;0
"Not applicable";"..REGION I (ILOCOS REGION)";50;0;0;0;0;0;0;0;50;0
"Not applicable";"....Ilocos Norte";6;0;0;0;0;0;0;0;6;0
"Not applicable";"....Ilocos Sur";3;0;0;0;0;0;0;0;3;0
"Not applicable";"....La Union";5;0;0;0;0;0;0;0;5;0
"Not applicable";"....Pangasinan";36;0;0;0;0;0;0;0;36;0
"Not applicable";"..REGION II (CAGAYAN VALLEY)";10;0;0;0;0;0;0;0;10;0
"Not applicable";"....Batanes";1;0;0;0;0;0;0;0;1;0
"Not applicable";"....Cagayan";0;0;0;0;0;0;0;0;0;0
"Not applicable";"....Isabela";0;0;0;0;0;0;0;0;0;0
"Not applicable";"....Nueva Vizcaya";7;0;0;0;0;0;0;0;7;0
"Not applicable";"....Quirino";2;0;0;0;0;0;0;0;2;0
"Not applicable";"..REGION III (CENTRAL LUZON)";345;0;0;0;0;0;0;0;345;0
"Not applicable";"....Aurora";4;0;0;0;0;0;0;0;4;0
"Not applicable";"....Bataan";6;0;0;0;0;0;0;0;6;0
"Not applicable";"....Bulacan";247;0;0;0;0;0;0;0;247;0
"Not applicable";"....Nueva Ecija";7;0;0;0;0;0;0;0;7;0
"Not applicable";"....Pampanga *";10;0;0;0;0;0;0;0;10;0
"Not applicable";"....Tarlac";36;0;0;0;0;0;0;0;36;0
"Not applicable";"....Zambales *";17;0;0;0;0;0;0;0;17;0
"Not applicable";"....City of Angeles";16;0;0;0;0;0;0;0;16;0
"Not applicable";"....City of Olongapo";2;0;0;0;0;0;0;0;2;0
"Not applicable";"..REGION IV-A (CALABARZON)";449;0;0;0;0;0;0;0;449;0
"Not applicable";"....Batangas";67;0;0;0;0;0;0;0;67;0
"Not applicable";"....Cavite";344;0;0;0;0;0;0;0;344;0
"Not applicable";"....Laguna";21;0;0;0;0;0;0;0;21;0
"Not applicable";"....Quezon *";3;0;0;0;0;0;0;0;3;0
"Not applicable";"....Rizal";14;0;0;0;0;0;0;0;14;0
"Not applicable";"....City of Lucena";0;0;0;0;0;0;0;0;0;0
"Not applicable";"..MIMAROPA REGION";4;0;0;0;0;0;0;0;4;0
"Not applicable";"....Marinduque";1;0;0;0;0;0;0;0;1;0
"Not applicable";"....Occidental Mindoro";1;0;0;0;0;0;0;0;1;0
"Not applicable";"....Oriental Mindoro";1;0;0;0;0;0;0;0;1;0
"Not applicable";"....Palawan *";0;0;0;0;0;0;0;0;0;0
"Not applicable";"....Romblon";1;0;0;0;0;0;0;0;1;0
"Not applicable";"....City of Puerto Princesa";0;0;0;0;0;0;0;0;0;0
"Not applicable";"..REGION V (BICOL REGION)";53;0;0;0;0;0;0;0;53;0
"Not applicable";"....Albay";7;0;0;0;0;0;0;0;7;0
"Not applicable";"....Camarines Norte";10;0;0;0;0;0;0;0;10;0
"Not applicable";"....Camarines Sur";21;0;0;0;0;0;0;0;21;0
"Not applicable";"....Catanduanes";10;0;0;0;0;0;0;0;10;0
"Not applicable";"....Masbate";3;0;0;0;0;0;0;0;3;0
"Not applicable";"....Sorsogon";2;0;0;0;0;0;0;0;2;0
"Not applicable";"..REGION VI (WESTERN VISAYAS)";63;0;0;0;0;0;0;0;63;0
"Not applicable";"....Aklan";1;0;0;0;0;0;0;0;1;0
"Not applicable";"....Antique";2;0;0;0;0;0;0;0;2;0
"Not applicable";"....Capiz";9;0;0;0;0;0;0;0;9;0
"Not applicable";"....Guimaras";2;0;0;0;0;0;0;0;2;0
"Not applicable";"....Iloilo *";29;0;0;0;0;0;0;0;29;0
"Not applicable";"....Negros Occidental *";0;0;0;0;0;0;0;0;0;0
"Not applicable";"....City of Bacolod";6;0;0;0;0;0;0;0;6;0
"Not applicable";"....City of Iloilo";14;0;0;0;0;0;0;0;14;0
"Not applicable";"..REGION VII (CENTRAL VISAYAS)";73;0;0;0;0;0;0;0;73;0
"Not applicable";"....Bohol";17;0;0;0;0;0;0;0;17;0
"Not applicable";"....Cebu *";20;0;0;0;0;0;0;0;20;0
"Not applicable";"....Negros Oriental";12;0;0;0;0;0;0;0;12;0
"Not applicable";"....Siquijor";1;0;0;0;0;0;0;0;1;0
"Not applicable";"....City of Cebu";15;0;0;0;0;0;0;0;15;0
"Not applicable";"....City of Lapu-Lapu (Opon)";1;0;0;0;0;0;0;0;1;0
"Not applicable";"....City of Mandaue";7;0;0;0;0;0;0;0;7;0
"Not applicable";"..REGION VIII (EASTERN VISAYAS)";39;0;0;0;0;0;0;0;39;0
"Not applicable";"....Biliran";0;0;0;0;0;0;0;0;0;0
"Not applicable";"....Eastern Samar";4;0;0;0;0;0;0;0;4;0
"Not applicable";"....Leyte *";19;0;0;0;0;0;0;0;19;0
"Not applicable";"....Northern Samar";1;0;0;0;0;0;0;0;1;0
"Not applicable";"....Samar (Western Samar)";4;0;0;0;0;0;0;0;4;0
"Not applicable";"....Southern Leyte";5;0;0;0;0;0;0;0;5;0
"Not applicable";"....City of Tacloban";6;0;0;0;0;0;0;0;6;0
"Not applicable";"..REGION IX (ZAMBOANGA PENINSULA)";31;0;0;0;0;0;0;0;31;0
"Not applicable";"....Zamboanga del Norte";0;0;0;0;0;0;0;0;0;0
"Not applicable";"....Zamboanga del Sur *";11;0;0;0;0;0;0;0;11;0
"Not applicable";"....Zamboanga Sibugay";1;0;0;0;0;0;0;0;1;0
"Not applicable";"....City of Isabela **";3;0;0;0;0;0;0;0;3;0
"Not applicable";"....City of Zamboanga";16;0;0;0;0;0;0;0;16;0
"Not applicable";"..REGION X (NORTHERN MINDANAO)";25;0;0;0;0;0;0;0;25;0
"Not applicable";"....Bukidnon";9;0;0;0;0;0;0;0;9;0
"Not applicable";"....Camiguin";0;0;0;0;0;0;0;0;0;0
"Not applicable";"....Lanao del Norte *";0;0;0;0;0;0;0;0;0;0
"Not applicable";"....Misamis Occidental";5;0;0;0;0;0;0;0;5;0
"Not applicable";"....Misamis Oriental *";5;0;0;0;0;0;0;0;5;0
"Not applicable";"....City of Cagayan de Oro";5;0;0;0;0;0;0;0;5;0
"Not applicable";"....City of Iligan";1;0;0;0;0;0;0;0;1;0
"Not applicable";"..REGION XI (DAVAO REGION)";90;0;0;0;0;0;0;0;90;0
"Not applicable";"....Davao de Oro (Compostela Valley)";6;0;0;0;0;0;0;0;6;0
"Not applicable";"....Davao del Norte";8;0;0;0;0;0;0;0;8;0
"Not applicable";"....Davao del Sur *";15;0;0;0;0;0;0;0;15;0
"Not applicable";"....Davao Occidental";0;0;0;0;0;0;0;0;0;0
"Not applicable";"....Davao Oriental";1;0;0;0;0;0;0;0;1;0
"Not applicable";"....City of Davao";60;0;0;0;0;0;0;0;60;0
"Not applicable";"..REGION XII (SOCCSKSARGEN)";96;0;0;0;0;0;0;0;96;0
"Not applicable";"....Cotabato (North Cotabato)";73;0;0;0;0;0;0;0;73;0
"Not applicable";"....Sarangani";0;0;0;0;0;0;0;0;0;0
"Not applicable";"....South Cotabato *";6;0;0;0;0;0;0;0;6;0
"Not applicable";"....Sultan Kudarat";1;0;0;0;0;0;0;0;1;0
"Not applicable";"....City of General Santos (Dadiangas)";16;0;0;0;0;0;0;0;16;0
"Not applicable";"..REGION XIII (CARAGA)";27;0;0;0;0;0;0;0;27;0
"Not applicable";"....Agusan del Norte *";0;0;0;0;0;0;0;0;0;0
"Not applicable";"....Agusan del Sur";12;0;0;0;0;0;0;0;12;0
"Not applicable";"....Dinagat Islands";0;0;0;0;0;0;0;0;0;0
"Not applicable";"....Surigao del Norte";2;0;0;0;0;0;0;0;2;0
"Not applicable";"....Surigao del Sur";6;0;0;0;0;0;0;0;6;0
"Not applicable";"....City of Butuan";7;0;0;0;0;0;0;0;7;0
"Not applicable";"..BANGSAMORO AUTONOMOUS REGION IN MUSLIM MINDANAO (BARMM)";31;0;0;0;0;0;0;0;31;0
"Not applicable";"....Basilan";3;0;0;0;0;0;0;0;3;0
"Not applicable";"....Lanao del Sur";23;0;0;0;0;0;0;0;23;0
"Not applicable";"....Maguindanao";5;0;0;0;0;0;0;0;5;0
"Not applicable";"....Sulu";0;0;0;0;0;0;0;0;0;0
"Not applicable";"....Tawi-Tawi";0;0;0;0;0;0;0;0;0;0
"Not applicable";"....Eight (8) Area Clusters ***";0;0;0;0;0;0;0;0;0;0
