"Occupied Housing Units by Floor Area, Number of Occupants in Each Housing Unit and Province/Highly Urbanized City: Philippines, 2020"

"Number of Occupants";"Geographic Location";"Total";"Less than 5 sq.m/ Less than 54 sq.ft.";"5 - 9 sq.m./ 54 - 107 sq.ft.";"10 - 19 sq.m./ 108 - 209 sq.ft.";"20 - 29 sq.m./ 210 - 317 sq.ft.";"30 - 49 sq.m./ 318 - 532 sq.ft.";"50 - 69 sq.m./ 533 - 748 sq.ft.";"70 - 89 sq.m./ 749 - 963 sq.ft.";"90 - 119 sq.m./ 964 - 1,286 sq.ft.";"120 - 149 sq.m./ 1,287 - 1,609 sq.ft.";"150 - 199 sq.m./ 1,610 - 2,147 sq.ft.";"200 sq.m. and over/ 2,148 sq.ft. and over";"Not Reported";"Not applicable"
"Total";"PHILIPPINES";25191610;604430;1971391;4280677;4697906;4916334;3172998;1967744;1448698;893246;538621;567182;130709;1674
"Total";"..NATIONAL CAPITAL REGION (NCR)";3257020;61416;196190;499314;697177;693768;363962;194287;143170;112844;81822;107839;104832;399
"Total";"....City of Manila";447791;14474;41008;80663;94739;86224;46459;25515;19080;13388;10253;7730;8028;230
"Total";"....City of Mandaluyong";108859;1746;7395;19531;25621;19987;11530;4553;3140;1981;1534;2138;9695;8
"Total";"....City of Marikina";97768;933;2574;10087;24090;19187;11972;7576;5898;4812;3730;6872;35;2
"Total";"....City of Pasig";196744;1924;7837;27753;46465;50754;23077;11819;7075;5398;4136;6303;4201;2
"Total";"....Quezon City";697332;15740;46768;102628;140569;155243;78267;39092;28963;24134;20161;33746;11990;31
"Total";"....City of San Juan";29503;567;1650;3496;5295;4867;3274;1990;1479;1334;1032;1366;3138;15
"Total";"....City of Caloocan";379922;6705;16822;45309;71910;91577;55983;34915;23826;18189;7116;7333;230;7
"Total";"....City of Malabon";88079;1209;5012;19550;25585;16947;9007;4691;2004;1746;1067;1049;169;43
"Total";"....City of Navotas";55476;3141;6852;12950;9810;9437;5856;3846;1438;1036;588;423;89;10
"Total";"....City of Valenzuela";177749;3524;8559;31012;52999;36420;16862;7848;6597;6291;3265;4309;62;1
"Total";"....City of Las Piñas";142990;1434;5524;17543;28551;29880;16663;10370;8734;7864;7285;9065;72;5
"Total";"....City of Makati";180256;1801;7000;20545;28680;27511;16230;8065;6365;4971;3239;6315;49525;9
"Total";"....City of Muntinlupa";126655;778;5887;18755;27365;34477;13367;6439;4689;4352;5072;4287;1179;8
"Total";"....City of Parañaque";170674;3453;11269;26571;33518;28914;16337;10042;9486;8623;8028;12378;2046;9
"Total";"....Pasay City";114778;1219;8803;24261;24732;20332;10064;4479;3972;2598;1759;1361;11185;13
"Total";"....City of Taguig";228341;2715;12900;36812;53627;58053;27256;12102;9821;5618;3286;2973;3172;6
"Total";"....Pateros";14103;53;330;1848;3621;3958;1758;945;603;509;271;191;16;0
"Total";"..CORDILLERA ADMINISTRATIVE REGION (CAR)";432668;1059;10555;46240;85612;92329;67104;43872;36285;21192;14518;13818;37;47
"Total";"....Abra";56928;75;388;2461;10755;15546;9858;6781;4920;3044;1547;1536;17;0
"Total";"....Apayao";28385;167;1591;5102;7451;6282;3144;1886;1268;756;422;307;3;6
"Total";"....Benguet *";115716;307;3249;15787;21573;23220;17113;10710;10184;5617;4101;3822;1;32
"Total";"....Ifugao";48379;186;1926;8760;12281;9566;6461;3681;2402;1416;810;875;15;0
"Total";"....Kalinga";47778;51;303;1721;11786;11897;8287;5715;3910;2115;1171;822;0;0
"Total";"....Mountain Province";37534;79;1214;5216;9015;7837;5703;3564;2448;1331;743;383;0;1
"Total";"....City of Baguio";97948;194;1884;7193;12751;17981;16538;11535;11153;6913;5724;6073;1;8
"Total";"..REGION I (ILOCOS REGION)";1231448;23847;72242;142022;215623;259938;193676;127495;89079;51981;28628;25964;903;50
"Total";"....Ilocos Norte";141731;1203;4959;12470;27382;34844;22097;15114;10828;6158;3712;2953;5;6
"Total";"....Ilocos Sur";164711;5981;15887;19855;20910;28297;22247;17232;13280;9152;5622;6233;12;3
"Total";"....La Union";192998;1095;6287;21563;37581;43377;31149;20495;14335;8394;4751;3938;28;5
"Total";"....Pangasinan";732008;15568;45109;88134;129750;153420;118183;74654;50636;28277;14543;12840;858;36
"Total";"..REGION II (CAGAYAN VALLEY)";875592;13676;48589;111144;174631;203851;124424;82277;54410;31702;16239;14516;126;7
"Total";"....Batanes";5174;309;435;558;743;1119;703;405;365;221;174;138;3;1
"Total";"....Cagayan";291652;5048;19389;43683;60693;66202;36040;24401;16350;9978;5119;4715;34;0
"Total";"....Isabela";405425;5610;20061;47325;78298;97821;60983;40492;25920;15074;7521;6264;56;0
"Total";"....Nueva Vizcaya";124274;2687;8560;17614;20028;24570;18471;11881;9003;5141;3031;3264;20;4
"Total";"....Quirino";49067;22;144;1964;14869;14139;8227;5098;2772;1288;394;135;13;2
"Total";"..REGION III (CENTRAL LUZON)";2892184;47326;122330;312007;468535;644137;456437;299206;236480;134092;75857;90085;5401;291
"Total";"....Aurora";56540;368;2854;8821;11989;12091;8309;4972;3470;1920;1033;681;28;4
"Total";"....Bataan";199002;2085;7332;21960;32601;39462;34009;22017;16770;10517;5931;6243;69;6
"Total";"....Bulacan";865286;13048;31644;81963;132609;250835;141420;77842;56189;34072;20013;22317;3135;199
"Total";"....Nueva Ecija";546068;10429;34515;84524;112876;104177;70513;48111;35608;21048;11841;12170;249;7
"Total";"....Pampanga *";540236;12189;20465;41352;63730;95402;86647;70156;69251;35106;19261;25947;720;10
"Total";"....Tarlac";350479;4548;15998;35911;56435;69555;59543;40908;29994;17454;9531;9728;843;31
"Total";"....Zambales *";161255;961;6611;24026;35611;36414;25472;13939;9550;4607;2248;1730;70;16
"Total";"....City of Angeles";109497;3505;1220;6132;9974;21404;19179;14855;11633;6734;4492;10068;285;16
"Total";"....City of Olongapo";63821;193;1691;7318;12710;14797;11345;6406;4015;2634;1507;1201;2;2
"Total";"..REGION IV-A (CALABARZON)";3820739;54136;156807;381285;553816;1017522;639890;388018;274332;164146;97687;90809;1913;378
"Total";"....Batangas";674774;15386;39324;84351;104888;129432;105206;69001;54828;34165;19491;18481;158;63
"Total";"....Cavite";1036970;7802;24569;69178;134010;323087;191248;117265;79361;45230;22472;21167;1304;277
"Total";"....Laguna";834930;10850;26840;62522;103651;239447;142802;94199;65910;38810;28139;21646;93;21
"Total";"....Quezon *";463376;9126;39303;96718;91847;83534;61264;34252;23742;11916;6439;5057;175;3
"Total";"....Rizal";746907;10682;25276;63438;110269;224387;126569;66292;45617;31335;19532;23319;177;14
"Total";"....City of Lucena";63782;290;1495;5078;9151;17635;12801;7009;4874;2690;1614;1139;6;0
"Total";"..MIMAROPA REGION";781435;50816;124501;189568;146138;109425;60630;36734;27179;17711;9726;8675;328;4
"Total";"....Marinduque";59263;4400;9342;14538;9625;7628;4706;2838;2391;1759;1029;950;56;1
"Total";"....Occidental Mindoro";125023;4350;18062;31637;26908;18492;10042;5824;4329;2497;1618;1231;32;1
"Total";"....Oriental Mindoro";212416;6010;25659;54190;44170;34134;19307;11190;7821;5198;2446;2253;37;1
"Total";"....Palawan *";228788;28062;51731;57424;38073;25064;11265;6433;3978;3194;1813;1607;144;0
"Total";"....Romblon";75895;1667;8390;17780;16055;12569;7262;4564;3418;1939;1143;1089;18;1
"Total";"....City of Puerto Princesa";80050;6327;11317;13999;11307;11538;8048;5885;5242;3124;1677;1545;41;0
"Total";"..REGION V (BICOL REGION)";1342578;48863;152025;272446;279803;244284;129002;79704;59183;35964;21209;19279;763;53
"Total";"....Albay";305362;17253;40088;53182;55088;54134;31359;19127;15471;8699;5477;5357;120;7
"Total";"....Camarines Norte";142094;1117;9286;30527;30621;28192;15937;10658;7232;4669;2152;1613;80;10
"Total";"....Camarines Sur";445150;16068;49796;86316;94468;83597;44243;26252;18611;11618;7159;6614;387;21
"Total";"....Catanduanes";59815;330;2222;7885;12042;14452;7700;5298;4764;2579;1442;1054;37;10
"Total";"....Masbate";204668;9796;35588;61361;43402;23565;11067;7304;4680;3551;2169;2123;59;3
"Total";"....Sorsogon";185489;4299;15045;33175;44182;40344;18696;11065;8425;4848;2810;2518;80;2
"Total";"..REGION VI (WESTERN VISAYAS)";1896202;48444;187620;408775;352640;282283;214007;140107;105591;66854;41992;46226;1603;60
"Total";"....Aklan";147890;961;6907;27672;34814;28836;19238;10421;8144;4794;3106;2945;51;1
"Total";"....Antique";146370;3770;18484;36860;30438;20281;13444;8085;6653;3766;2146;2315;126;2
"Total";"....Capiz";199268;4847;18654;46553;41904;30426;19689;12439;9849;6390;4291;4077;140;9
"Total";"....Guimaras";47137;1413;7130;11963;9689;7365;3827;2175;1526;996;604;428;19;2
"Total";"....Iloilo *";499274;13481;47463;101770;90342;76748;54214;37563;31418;19531;11981;13904;832;27
"Total";"....Negros Occidental *";619110;21479;80326;162327;116994;79536;55625;39450;26132;17173;9850;10036;182;0
"Total";"....City of Bacolod";138999;1987;5505;12777;17602;22628;28588;17995;12502;7820;5114;6426;49;6
"Total";"....City of Iloilo";98154;506;3151;8853;10857;16463;19382;11979;9367;6384;4900;6095;204;13
"Total";"..REGION VII (CENTRAL VISAYAS)";1909857;85427;247658;444270;335846;283491;190736;108938;83962;53615;33910;40926;1011;67
"Total";"....Bohol";319246;12962;36778;70047;59219;48372;30191;19689;15921;10423;6971;8171;486;16
"Total";"....Cebu *";774454;40735;108817;184642;127254;106156;76501;44772;34845;21989;13008;15485;231;19
"Total";"....Negros Oriental";343272;18648;59793;105927;58005;36645;21709;13407;10904;7725;4977;5332;188;12
"Total";"....Siquijor";25698;143;954;3333;5594;6503;4134;2098;1227;812;542;355;2;1
"Total";"....City of Cebu";219984;5492;17674;38009;43959;41280;29185;13759;11554;6956;5038;6992;72;14
"Total";"....City of Lapu-Lapu (Opon)";127300;4385;12379;22196;21860;25734;18242;9640;5529;3337;1787;2204;6;1
"Total";"....City of Mandaue";99903;3062;11263;20116;19955;18801;10774;5573;3982;2373;1587;2387;26;4
"Total";"..REGION VIII (EASTERN VISAYAS)";1068259;27703;94263;218757;222249;192327;114400;72546;51656;33632;20856;19458;373;39
"Total";"....Biliran";42634;304;1618;5469;10022;10307;5734;3511;2576;1563;841;687;2;0
"Total";"....Eastern Samar";114960;751;4335;16204;26634;26392;16423;10274;6463;3967;1925;1538;50;4
"Total";"....Leyte *";438893;12747;49653;102953;88986;64847;41055;26494;19532;13853;8868;9799;87;19
"Total";"....Northern Samar";137759;10470;22637;28455;25921;24286;10248;5878;4103;2513;1845;1356;46;1
"Total";"....Samar (Western Samar)";178614;356;4564;38030;44546;37414;21782;14116;8898;4941;2473;1319;171;4
"Total";"....Southern Leyte";100046;2398;9020;20304;18599;17290;10854;6829;5688;3986;2482;2578;13;5
"Total";"....City of Tacloban";55353;677;2436;7342;7541;11791;8304;5444;4396;2809;2422;2181;4;6
"Total";"..REGION IX (ZAMBOANGA PENINSULA)";858337;18296;79330;189682;181798;134480;91472;58466;45236;26959;15359;16333;896;30
"Total";"....Zamboanga del Norte";240805;10961;40829;72619;44253;27550;15397;9875;7860;4838;3038;3469;116;0
"Total";"....Zamboanga del Sur *";232500;1568;12654;50049;74882;43516;22857;11467;7471;4177;2357;1426;65;11
"Total";"....Zamboanga Sibugay";151206;2027;15917;46940;38048;23474;10927;5984;3148;2255;1123;1097;265;1
"Total";"....City of Isabela **";24305;128;402;3183;5298;4459;3395;2510;1999;1208;773;899;49;2
"Total";"....City of Zamboanga";209521;3612;9528;16891;19317;35481;38896;28630;24758;14481;8068;9442;401;16
"Total";"..REGION X (NORTHERN MINDANAO)";1131542;31543;113547;244516;224035;175697;125650;79283;58584;36016;21459;20818;369;25
"Total";"....Bukidnon";347980;16863;56878;90534;61461;39948;25717;18697;14238;10135;6579;6759;162;9
"Total";"....Camiguin";21821;291;1169;2928;3123;3762;2969;2239;2183;1307;816;1034;0;0
"Total";"....Lanao del Norte *";137943;1738;10022;26482;30286;24469;17278;10757;7246;5067;2619;1943;36;0
"Total";"....Misamis Occidental";145529;7042;20327;36494;27322;18721;11773;7731;6347;4159;2685;2846;77;5
"Total";"....Misamis Oriental *";218537;2933;13449;54286;55578;39346;22686;12604;8701;4474;2450;1966;59;5
"Total";"....City of Cagayan de Oro";177951;1903;7739;23703;34268;35106;30853;18435;12519;6423;3649;3327;21;5
"Total";"....City of Iligan";81781;773;3963;10089;11997;14345;14374;8820;7350;4451;2661;2943;14;1
"Total";"..REGION XI (DAVAO REGION)";1285860;40880;147104;289442;228116;186408;140899;88315;74460;42840;25250;21390;680;76
"Total";"....Davao de Oro (Compostela Valley)";184649;7288;29271;55159;41514;23320;11127;6036;4762;2804;1667;1587;108;6
"Total";"....Davao del Norte";264129;6428;21231;61078;53154;44479;29840;18361;14582;7262;4165;3358;183;8
"Total";"....Davao del Sur *";176400;9537;30853;51869;31117;18758;11524;7385;5924;4126;2569;2664;59;15
"Total";"....Davao Occidental";76739;1939;16487;30202;15884;7184;2473;1074;659;459;176;153;49;0
"Total";"....Davao Oriental";134328;2694;12855;33234;29660;18888;11971;8379;7590;4888;2307;1753;108;1
"Total";"....City of Davao";449615;12994;36407;57900;56787;73779;73964;47080;40943;23301;14366;11875;173;46
"Total";"..REGION XII (SOCCSKSARGEN)";1037179;25829;130143;288711;238179;155793;85463;48379;30850;16994;9095;7413;235;95
"Total";"....Cotabato (North Cotabato)";300107;15777;55074;92157;59348;33113;16792;10829;7217;4426;2702;2550;49;73
"Total";"....Sarangani";130972;3887;24229;47485;27178;13837;6223;3701;1973;1307;639;484;29;0
"Total";"....South Cotabato *";238720;2420;20001;67432;65278;41203;19221;9567;6550;3616;2033;1361;32;6
"Total";"....Sultan Kudarat";195885;1873;17316;47100;53414;35708;19192;9912;5403;2959;1649;1295;63;1
"Total";"....City of General Santos (Dadiangas)";171495;1872;13523;34537;32961;31932;24035;14370;9707;4686;2072;1723;62;15
"Total";"..REGION XIII (CARAGA)";645835;15084;55169;140152;142611;109980;68893;42433;30234;18833;11364;10736;319;27
"Total";"....Agusan del Norte *";88064;4316;13868;22843;15316;10042;6136;4634;4120;2661;1813;2241;74;0
"Total";"....Agusan del Sur";171961;835;9555;47024;50711;32266;16062;7026;4047;2317;1295;760;51;12
"Total";"....Dinagat Islands";28447;1992;4461;7400;5473;3754;1711;1136;715;662;561;557;25;0
"Total";"....Surigao del Norte";123575;4537;14884;25858;23187;19395;12193;8505;6072;4035;2516;2360;31;2
"Total";"....Surigao del Sur";147305;732;5336;24313;36104;32014;21191;11417;7424;4217;2525;2011;15;6
"Total";"....City of Butuan";86483;2672;7065;12714;11820;12509;11600;9715;7856;4941;2654;2807;123;7
"Total";"..BANGSAMORO AUTONOMOUS REGION IN MUSLIM MINDANAO (";724875;10085;33318;102346;151097;130621;106353;77684;48007;27871;13650;12897;10920;26
"Total";"....Basilan";69327;538;2540;9018;16916;16907;10540;6982;3550;1277;522;311;223;3
"Total";"....Lanao del Sur";130552;1764;4812;10783;17742;21589;21412;19490;14128;9311;5114;4034;355;18
"Total";"....Maguindanao";266763;3286;12588;41053;60388;47913;39317;26955;15687;9044;4536;5571;420;5
"Total";"....Sulu";146622;1526;7146;26664;33683;24423;16395;11320;8046;4532;1928;1069;9890;0
"Total";"....Tawi-Tawi";65741;268;2063;9854;17798;14119;9033;5030;3597;2426;1018;504;31;0
"Total";"....Eight (8) Area Clusters ***";45870;2703;4169;4974;4570;5670;9656;7907;2999;1281;532;1408;1;0
"One Occupant";"PHILIPPINES";2248216;102833;282603;438192;401436;376154;225651;135769;99205;66603;41413;49034;28839;484
"One Occupant";"..NATIONAL CAPITAL REGION (NCR)";380317;10034;31096;63712;78049;68475;34368;18350;13888;12424;9040;13863;26909;109
"One Occupant";"....City of Manila";55811;2478;6170;10307;10911;9352;4986;2723;2299;1811;1326;1362;2029;57
"One Occupant";"....City of Mandaluyong";17729;361;1274;2641;4401;2908;1615;541;410;277;239;353;2708;1
"One Occupant";"....City of Marikina";6794;136;349;886;1463;1153;732;458;405;363;327;511;11;0
"One Occupant";"....City of Pasig";24949;313;1419;3942;5934;5817;2630;1284;741;582;501;713;1072;1
"One Occupant";"....Quezon City";76179;2790;7534;12828;14383;14334;7411;3860;2836;2490;2040;3479;2184;10
"One Occupant";"....City of San Juan";3640;118;331;484;619;518;372;218;153;183;124;115;403;2
"One Occupant";"....City of Caloocan";20250;540;1350;3181;4007;4297;2261;1551;971;1015;457;595;23;2
"One Occupant";"....City of Malabon";5856;147;650;1459;1511;880;503;231;123;111;99;100;30;12
"One Occupant";"....City of Navotas";3901;258;572;758;564;728;450;264;102;96;55;40;11;3
"One Occupant";"....City of Valenzuela";18300;575;1440;4123;5596;2992;1201;518;466;622;285;473;8;1
"One Occupant";"....City of Las Piñas";13145;226;644;1734;2311;2361;1414;970;804;809;643;1169;59;1
"One Occupant";"....City of Makati";43037;491;2100;4958;6222;5207;2794;1590;1014;1117;533;1752;15253;6
"One Occupant";"....City of Muntinlupa";14459;167;974;2625;3225;3636;1231;628;437;421;405;467;239;4
"One Occupant";"....City of Parañaque";24564;644;1952;3718;4603;3756;2382;1432;1315;1273;1297;1988;202;2
"One Occupant";"....Pasay City";19585;292;1898;4220;4322;3062;1422;629;673;549;256;252;2004;6
"One Occupant";"....City of Taguig";30863;489;2373;5590;7648;7188;2857;1370;1104;664;430;481;668;1
"One Occupant";"....Pateros";1255;9;66;258;329;286;107;83;35;41;23;13;5;0
"One Occupant";"..CORDILLERA ADMINISTRATIVE REGION (CAR)";54495;313;3677;10881;12537;10061;6413;3757;2869;1680;1141;1147;5;14
"One Occupant";"....Abra";4926;10;105;438;1169;1204;770;451;346;186;99;147;1;0
"One Occupant";"....Apayao";2012;26;292;535;479;337;125;99;50;31;23;14;0;1
"One Occupant";"....Benguet *";18321;125;1429;4719;4065;3115;1931;1029;839;472;299;289;0;9
"One Occupant";"....Ifugao";6323;67;613;1843;1845;938;453;228;147;77;58;50;4;0
"One Occupant";"....Kalinga";3338;4;69;228;1209;766;453;274;147;100;48;40;0;0
"One Occupant";"....Mountain Province";5436;20;321;1056;1294;1024;726;446;282;146;77;43;0;1
"One Occupant";"....City of Baguio";14139;61;848;2062;2476;2677;1955;1230;1058;668;537;564;0;3
"One Occupant";"..REGION I (ILOCOS REGION)";105106;3825;9970;16590;19532;19043;13277;8649;6100;3831;2176;2001;91;21
"One Occupant";"....Ilocos Norte";13135;232;812;1689;2663;2890;1715;1184;862;500;318;264;1;5
"One Occupant";"....Ilocos Sur";14690;821;1799;2048;1909;2247;1766;1338;1040;739;469;511;1;2
"One Occupant";"....La Union";17153;241;1279;3094;3738;3125;2151;1358;962;601;316;286;1;1
"One Occupant";"....Pangasinan";60128;2531;6080;9759;11222;10781;7645;4769;3236;1991;1073;940;88;13
"One Occupant";"..REGION II (CAGAYAN VALLEY)";67177;2260;6514;12221;14242;13170;7330;4597;3002;1871;1045;911;13;1
"One Occupant";"....Batanes";993;126;112;150;144;174;116;57;42;34;28;10;0;0
"One Occupant";"....Cagayan";20459;738;2320;4068;4335;3799;1956;1308;816;515;312;288;4;0
"One Occupant";"....Isabela";28363;865;2533;4714;5999;5967;3263;2077;1310;856;439;335;5;0
"One Occupant";"....Nueva Vizcaya";13260;524;1498;2576;2226;2329;1555;912;704;419;244;269;3;1
"One Occupant";"....Quirino";4102;7;51;713;1538;901;440;243;130;47;22;9;1;0
"One Occupant";"..REGION III (CENTRAL LUZON)";217550;5646;15327;30656;38380;44577;29885;18835;14120;8380;4832;6250;598;64
"One Occupant";"....Aurora";4672;83;543;969;997;844;563;276;206;88;60;38;2;3
"One Occupant";"....Bataan";15036;294;1016;2433;2744;2799;2179;1268;934;626;335;401;5;2
"One Occupant";"....Bulacan";63344;1516;3656;8027;11019;16535;8873;4997;3414;2165;1309;1496;292;45
"One Occupant";"....Nueva Ecija";38534;1369;4114;7038;7837;6359;4157;2784;2020;1287;738;804;24;3
"One Occupant";"....Pampanga *";38098;1115;1742;3229;4797;6970;6323;4543;4161;2120;1168;1791;138;1
"One Occupant";"....Tarlac";26176;677;1993;3443;4806;4942;3744;2545;1712;1046;549;622;91;6
"One Occupant";"....Zambales *";15132;242;1492;3311;3438;2831;1621;871;659;339;181;142;4;1
"One Occupant";"....City of Angeles";9600;302;199;761;1143;1912;1601;1140;745;496;382;876;41;2
"One Occupant";"....City of Olongapo";6958;48;572;1445;1599;1385;824;411;269;213;110;80;1;1
"One Occupant";"..REGION IV-A (CALABARZON)";360670;8263;22408;44157;57926;91220;52105;31727;22028;13723;8326;8374;302;111
"One Occupant";"....Batangas";59382;2000;4894;8526;9425;11298;8308;5017;4209;2637;1570;1445;40;13
"One Occupant";"....Cavite";99599;1304;4218;9883;15915;28760;16077;9485;6028;3672;1915;2033;222;87
"One Occupant";"....Laguna";102007;1973;4568;9763;15163;28922;14614;10183;6929;4268;2902;2703;15;4
"One Occupant";"....Quezon *";41209;1777;5733;9215;7640;6380;4485;2450;1698;911;510;400;9;1
"One Occupant";"....Rizal";53678;1161;2748;6183;8912;14691;7840;4150;2874;2068;1335;1695;15;6
"One Occupant";"....City of Lucena";4795;48;247;587;871;1169;781;442;290;167;94;98;1;0
"One Occupant";"..MIMAROPA REGION";72382;8424;15544;17194;11419;8032;4323;2595;1966;1418;732;681;50;4
"One Occupant";"....Marinduque";6746;814;1292;1536;983;785;476;263;227;172;89;101;7;1
"One Occupant";"....Occidental Mindoro";9438;602;1962;2400;1674;1140;596;366;323;182;105;83;4;1
"One Occupant";"....Oriental Mindoro";16945;1045;3228;4270;3011;2244;1225;692;500;375;180;165;9;1
"One Occupant";"....Palawan *";21619;4372;5706;5044;2870;1731;743;409;248;229;128;119;20;0
"One Occupant";"....Romblon";8311;375;1469;2110;1655;1053;604;388;292;177;103;82;2;1
"One Occupant";"....City of Puerto Princesa";9323;1216;1887;1834;1226;1079;679;477;376;283;127;131;8;0
"One Occupant";"..REGION V (BICOL REGION)";103999;7807;18715;23355;18667;14830;7523;4635;3567;2176;1331;1302;70;21
"One Occupant";"....Albay";21927;2201;3989;4061;3547;3087;1759;1100;874;518;357;419;13;2
"One Occupant";"....Camarines Norte";10883;300;1797;2861;2020;1684;876;540;365;226;108;88;11;7
"One Occupant";"....Camarines Sur";35927;2828;6231;7993;6520;5214;2698;1614;1183;734;447;427;30;8
"One Occupant";"....Catanduanes";4802;107;456;930;884;925;458;355;355;149;93;81;7;2
"One Occupant";"....Masbate";15469;1690;4027;4358;2498;1260;567;374;260;194;130;105;5;1
"One Occupant";"....Sorsogon";14991;681;2215;3152;3198;2660;1165;652;530;355;196;182;4;1
"One Occupant";"..REGION VI (WESTERN VISAYAS)";170509;10318;30053;41265;28067;20478;14129;9217;6449;4317;2736;3246;213;21
"One Occupant";"....Aklan";15041;351;2121;4487;3079;1960;1246;626;468;300;189;205;8;1
"One Occupant";"....Antique";15292;1025;3492;3965;2624;1633;981;594;416;257;126;159;20;0
"One Occupant";"....Capiz";18394;1104;3312;5075;3397;2109;1190;703;572;384;255;275;15;3
"One Occupant";"....Guimaras";5144;535;1373;1294;753;529;279;129;117;66;33;30;5;1
"One Occupant";"....Iloilo *";48318;3153;8575;11614;7541;5956;3839;2644;1938;1283;762;902;101;10
"One Occupant";"....Negros Occidental *";48695;3652;9759;12236;7961;5316;3523;2484;1489;1022;591;640;22;0
"One Occupant";"....City of Bacolod";11360;375;816;1512;1633;1771;1820;1172;800;541;395;514;9;2
"One Occupant";"....City of Iloilo";8265;123;605;1082;1079;1204;1251;865;649;464;385;521;33;4
"One Occupant";"..REGION VII (CENTRAL VISAYAS)";185530;15579;35467;43409;29379;22452;14143;8033;6064;4363;2765;3742;110;24
"One Occupant";"....Bohol";28565;2296;4810;6475;4865;3659;2225;1358;1055;741;484;545;45;7
"One Occupant";"....Cebu *";67329;6379;13565;15947;9910;7406;4982;3066;2248;1638;989;1164;26;9
"One Occupant";"....Negros Oriental";29519;3345;7611;8241;3739;2379;1442;836;660;515;343;382;22;4
"One Occupant";"....Siquijor";2930;50;441;774;593;474;237;123;89;66;49;34;0;0
"One Occupant";"....City of Cebu";25330;1318;3125;4649;4904;3966;2627;1244;1159;797;573;955;11;2
"One Occupant";"....City of Lapu-Lapu (Opon)";15472;1265;2943;3503;2317;2192;1361;776;401;286;145;280;2;1
"One Occupant";"....City of Mandaue";16385;926;2972;3820;3051;2376;1269;630;452;320;182;382;4;1
"One Occupant";"..REGION VIII (EASTERN VISAYAS)";107895;6217;17257;26628;20973;14393;8153;5052;3663;2500;1559;1421;63;16
"One Occupant";"....Biliran";3972;92;351;890;953;720;361;241;153;92;71;48;0;0
"One Occupant";"....Eastern Samar";12602;234;1153;2763;3364;2131;1173;726;487;298;143;114;13;3
"One Occupant";"....Leyte *";49904;3604;9930;12855;8715;5333;3362;2038;1503;1132;672;737;14;9
"One Occupant";"....Northern Samar";11035;1529;2599;2296;1665;1365;552;338;291;176;122;93;8;1
"One Occupant";"....Samar (Western Samar)";15306;99;1361;4643;3677;2431;1299;805;464;291;136;75;23;2
"One Occupant";"....Southern Leyte";10138;511;1461;2266;1846;1511;837;550;461;295;219;177;4;0
"One Occupant";"....City of Tacloban";4938;148;402;915;753;902;569;354;304;216;196;177;1;1
"One Occupant";"..REGION IX (ZAMBOANGA PENINSULA)";61378;3294;12525;16622;10295;6574;4171;2813;2016;1277;781;940;67;3
"One Occupant";"....Zamboanga del Norte";20140;1873;5310;5490;2888;1713;963;641;487;301;220;246;8;0
"One Occupant";"....Zamboanga del Sur *";17323;528;3779;6134;3785;1399;681;419;266;149;92;78;11;2
"One Occupant";"....Zamboanga Sibugay";10627;490;2503;3408;2024;1077;492;264;145;114;49;50;11;0
"One Occupant";"....City of Isabela **";1051;7;47;203;274;166;111;76;55;28;25;55;4;0
"One Occupant";"....City of Zamboanga";12237;396;886;1387;1324;2219;1924;1413;1063;685;395;511;33;1
"One Occupant";"..REGION X (NORTHERN MINDANAO)";86737;4885;13353;21285;16028;10984;7492;4535;3337;2081;1286;1420;42;9
"One Occupant";"....Bukidnon";21372;2061;4792;5342;3135;2120;1278;939;624;452;266;340;21;2
"One Occupant";"....Camiguin";2184;73;199;370;328;378;236;174;165;103;71;87;0;0
"One Occupant";"....Lanao del Norte *";9192;412;1505;2357;1803;1192;726;463;315;193;109;114;3;0
"One Occupant";"....Misamis Occidental";12523;1196;2641;3029;1935;1296;853;492;380;285;199;213;2;2
"One Occupant";"....Misamis Oriental *";16943;555;2140;5534;3863;2055;1154;669;467;231;140;127;7;1
"One Occupant";"....City of Cagayan de Oro";18380;482;1546;3655;3990;2985;2365;1301;940;518;307;282;6;3
"One Occupant";"....City of Iligan";6143;106;530;998;974;958;880;497;446;299;194;257;3;1
"One Occupant";"..REGION XI (DAVAO REGION)";130384;7896;22206;29265;19678;15767;13060;7399;6278;4106;2289;2316;87;37
"One Occupant";"....Davao de Oro (Compostela Valley)";16757;1495;4227;4781;2887;1511;760;400;322;176;94;85;17;2
"One Occupant";"....Davao del Norte";20057;1014;2833;5739;3804;2591;1576;923;751;408;205;190;20;3
"One Occupant";"....Davao del Sur *";18924;1851;4463;5181;2820;1635;1028;608;449;388;238;257;3;3
"One Occupant";"....Davao Occidental";5891;468;2316;1828;721;294;112;59;37;29;14;6;7;0
"One Occupant";"....Davao Oriental";10677;495;1679;3002;2119;1195;745;549;438;247;100;100;8;0
"One Occupant";"....City of Davao";58078;2573;6688;8734;7327;8541;8839;4860;4281;2858;1638;1678;32;29
"One Occupant";"..REGION XII (SOCCSKSARGEN)";83919;5042;19468;26031;14879;8495;4473;2278;1495;879;462;363;38;16
"One Occupant";"....Cotabato (North Cotabato)";24383;2604;6471;6960;3602;2021;1049;667;437;271;163;130;2;6
"One Occupant";"....Sarangani";8497;757;2546;2711;1262;582;280;162;74;54;46;22;1;0
"One Occupant";"....South Cotabato *";21201;727;4169;7475;4165;2313;1074;488;361;235;126;58;9;1
"One Occupant";"....Sultan Kudarat";13845;475;3048;4409;3068;1467;682;305;183;99;49;53;7;0
"One Occupant";"....City of General Santos (Dadiangas)";15993;479;3234;4476;2782;2112;1388;656;440;220;78;100;19;9
"One Occupant";"..REGION XIII (CARAGA)";49922;2742;8073;12987;9637;6277;3675;2289;1677;1183;680;646;43;13
"One Occupant";"....Agusan del Norte *";6579;736;1457;1555;957;601;380;262;249;145;106;125;6;0
"One Occupant";"....Agusan del Sur";12876;201;2122;4690;2981;1573;617;341;146;110;52;30;8;5
"One Occupant";"....Dinagat Islands";2544;329;562;598;406;219;137;96;58;63;41;33;2;0
"One Occupant";"....Surigao del Norte";10173;870;1905;2215;1713;1263;723;497;359;308;166;147;5;2
"One Occupant";"....Surigao del Sur";10838;153;1199;2792;2589;1644;1029;528;384;234;152;128;3;3
"One Occupant";"....City of Butuan";6912;453;828;1137;991;977;789;565;481;323;163;183;19;3
"One Occupant";"..BANGSAMORO AUTONOMOUS REGION IN MUSLIM MINDANAO (";10246;288;950;1934;1748;1326;1131;1008;686;394;232;411;138;0
"One Occupant";"....Basilan";1343;28;102;351;377;273;111;52;22;12;6;5;4;0
"One Occupant";"....Lanao del Sur";892;32;85;127;140;140;135;56;61;49;27;29;11;0
"One Occupant";"....Maguindanao";3212;125;384;548;392;253;266;390;294;166;106;279;9;0
"One Occupant";"....Sulu";2406;43;211;649;493;313;178;168;114;58;41;25;113;0
"One Occupant";"....Tawi-Tawi";911;9;40;132;192;172;132;90;65;56;15;7;1;0
"One Occupant";"....Eight (8) Area Clusters ***";1482;51;128;127;154;175;309;252;130;53;37;66;0;0
"Two Occupants";"PHILIPPINES";3450644;98886;317085;631063;642455;640574;401891;245801;181854;115809;71182;76014;27744;286
"Two Occupants";"..NATIONAL CAPITAL REGION (NCR)";527465;11400;36931;87447;112586;105388;53769;28444;21449;17328;12455;15413;24786;69
"Two Occupants";"....City of Manila";79151;3047;8202;14844;16536;14301;7564;4041;3153;2431;1701;1288;2002;41
"Two Occupants";"....City of Mandaluyong";21238;346;1480;3660;4888;3658;2168;806;553;332;281;304;2758;4
"Two Occupants";"....City of Marikina";11721;136;382;1309;2833;2210;1362;915;624;587;487;872;4;0
"Two Occupants";"....City of Pasig";33255;351;1411;4870;7896;8444;3785;1988;1164;889;643;913;901;0
"Two Occupants";"....Quezon City";108065;2826;8785;17547;21648;22796;11380;5747;4294;3474;2811;4432;2319;6
"Two Occupants";"....City of San Juan";4607;108;295;664;786;753;517;305;206;199;123;161;488;2
"Two Occupants";"....City of Caloocan";47218;961;2646;6771;9445;10616;6012;3862;2694;2350;867;965;25;4
"Two Occupants";"....City of Malabon";11417;202;806;2776;3412;1957;1003;491;223;230;149;135;27;6
"Two Occupants";"....City of Navotas";7622;478;1018;1712;1320;1345;739;496;205;144;92;60;12;1
"Two Occupants";"....City of Valenzuela";27146;654;1463;5085;8322;5148;2315;1142;921;956;475;653;12;0
"Two Occupants";"....City of Las Piñas";23611;272;1013;2925;4573;4723;2691;1758;1490;1397;1266;1497;3;3
"Two Occupants";"....City of Makati";34621;348;1270;3872;4957;4680;2698;1289;1107;893;533;977;11996;1
"Two Occupants";"....City of Muntinlupa";21673;178;1236;3659;5017;5690;2137;1042;709;675;765;465;100;0
"Two Occupants";"....City of Parañaque";28716;634;2159;4765;5582;4551;2437;1529;1532;1284;1275;1842;1125;1
"Two Occupants";"....Pasay City";22049;267;2008;5106;4480;3548;1828;776;684;432;310;273;2337;0
"Two Occupants";"....City of Taguig";43383;579;2711;7582;10389;10423;4898;2135;1810;990;641;551;674;0
"Two Occupants";"....Pateros";1972;13;46;300;502;545;235;122;80;65;36;25;3;0
"Two Occupants";"..CORDILLERA ADMINISTRATIVE REGION (CAR)";57038;174;1807;7681;12376;11721;8134;5128;4147;2432;1770;1654;4;10
"Two Occupants";"....Abra";7383;11;57;456;1595;1932;1153;788;610;372;202;205;2;0
"Two Occupants";"....Apayao";3419;21;307;703;881;634;349;221;141;86;44;32;0;0
"Two Occupants";"....Benguet *";15248;48;591;2741;3242;3006;2012;1197;1052;558;429;363;0;9
"Two Occupants";"....Ifugao";5286;30;262;1167;1572;958;568;294;174;127;68;64;2;0
"Two Occupants";"....Kalinga";4799;9;41;243;1552;1116;735;491;285;140;114;73;0;0
"Two Occupants";"....Mountain Province";4687;13;200;783;1100;924;664;403;300;161;96;43;0;0
"Two Occupants";"....City of Baguio";16216;42;349;1588;2434;3151;2653;1734;1585;988;817;874;0;1
"Two Occupants";"..REGION I (ILOCOS REGION)";166956;3708;11394;21780;30704;33524;24283;15701;11358;6908;3899;3544;142;11
"Two Occupants";"....Ilocos Norte";20550;201;862;2080;3978;4819;3071;2001;1598;926;545;469;0;0
"Two Occupants";"....Ilocos Sur";22161;925;2309;2798;2914;3699;2877;2193;1671;1197;758;817;3;0
"Two Occupants";"....La Union";26747;196;1059;3623;5667;5570;3961;2608;1846;1087;604;523;3;0
"Two Occupants";"....Pangasinan";97498;2386;7164;13279;18145;19436;14374;8899;6243;3698;1992;1735;136;11
"Two Occupants";"..REGION II (CAGAYAN VALLEY)";114182;2178;7576;16367;23403;25234;15232;9879;6588;3947;1964;1802;11;1
"Two Occupants";"....Batanes";910;45;74;118;127;188;112;59;73;42;39;31;1;1
"Two Occupants";"....Cagayan";35295;767;2847;6057;7422;7491;4042;2659;1835;1086;580;505;4;0
"Two Occupants";"....Isabela";53412;913;3170;7186;10559;12372;7587;4891;3127;1909;900;794;4;0
"Two Occupants";"....Nueva Vizcaya";18476;452;1462;2682;3111;3544;2610;1693;1290;769;408;453;2;0
"Two Occupants";"....Quirino";6089;1;23;324;2184;1639;881;577;263;141;37;19;0;0
"Two Occupants";"..REGION III (CENTRAL LUZON)";401568;7519;20303;49862;68684;86567;59659;38405;30010;17224;9961;12547;770;57
"Two Occupants";"....Aurora";7298;62;504;1312;1511;1508;1004;580;391;238;101;85;1;1
"Two Occupants";"....Bataan";29341;383;1313;3795;5081;5768;4696;2973;2242;1370;821;892;7;0
"Two Occupants";"....Bulacan";114635;1884;4842;12310;18898;31797;17787;9758;7049;4318;2566;2944;443;39
"Two Occupants";"....Nueva Ecija";78780;1856;5907;13359;16571;14412;9314;6356;4764;2834;1626;1751;29;1
"Two Occupants";"....Pampanga *";71673;1896;3025;5734;8713;12985;11425;8820;8494;4377;2490;3599;111;4
"Two Occupants";"....Tarlac";48149;773;2658;5669;8172;9455;7750;5118;3776;2186;1198;1267;122;5
"Two Occupants";"....Zambales *";24886;185;1460;4738;5706;5122;3250;1825;1303;662;340;280;13;2
"Two Occupants";"....City of Angeles";16729;454;218;1231;1742;3350;2903;2194;1497;855;644;1592;44;5
"Two Occupants";"....City of Olongapo";10077;26;376;1714;2290;2170;1530;781;494;384;175;137;0;0
"Two Occupants";"..REGION IV-A (CALABARZON)";556808;9002;25994;60432;85193;144609;89171;54006;37780;23243;13953;13082;269;74
"Two Occupants";"....Batangas";92706;2243;5741;11954;14618;18050;13792;9048;7280;4624;2706;2614;25;11
"Two Occupants";"....Cavite";153300;1312;4322;12484;22486;46369;26969;15953;10638;6291;3068;3163;189;56
"Two Occupants";"....Laguna";139406;2171;5140;11311;18570;39054;22909;15168;10489;6365;4626;3586;11;6
"Two Occupants";"....Quezon *";67227;1666;6594;14511;12960;11455;8408;4885;3315;1728;952;729;24;0
"Two Occupants";"....Rizal";95622;1563;3940;9348;15234;27408;15476;8060;5480;3869;2374;2851;18;1
"Two Occupants";"....City of Lucena";8547;47;257;824;1325;2273;1617;892;578;366;227;139;2;0
"Two Occupants";"..MIMAROPA REGION";110144;8457;19523;26352;19418;14523;8092;4849;3734;2469;1399;1269;59;0
"Two Occupants";"....Marinduque";9542;699;1468;2220;1592;1257;776;455;398;297;198;172;10;0
"Two Occupants";"....Occidental Mindoro";16988;768;2810;4230;3442;2328;1331;789;579;339;197;169;6;0
"Two Occupants";"....Oriental Mindoro";27647;953;3941;7079;5364;4183;2390;1348;1010;711;344;318;6;0
"Two Occupants";"....Palawan *";31576;4513;7749;7725;4822;3176;1415;735;527;398;262;229;25;0
"Two Occupants";"....Romblon";11180;310;1378;2655;2358;1759;932;655;474;295;186;173;5;0
"Two Occupants";"....City of Puerto Princesa";13211;1214;2177;2443;1840;1820;1248;867;746;429;212;208;7;0
"Two Occupants";"..REGION V (BICOL REGION)";158535;7384;22133;34278;30822;26176;14056;8653;6310;3996;2370;2241;112;4
"Two Occupants";"....Albay";34074;2365;5215;6076;5834;5763;3236;1988;1511;936;570;567;12;1
"Two Occupants";"....Camarines Norte";16444;201;1572;4083;3275;2898;1658;1121;683;545;230;169;9;0
"Two Occupants";"....Camarines Sur";53533;2537;7321;11126;10391;9073;5032;2878;2069;1351;863;819;72;1
"Two Occupants";"....Catanduanes";7190;59;410;1128;1341;1593;864;620;593;290;158;128;5;1
"Two Occupants";"....Masbate";25620;1635;5422;7605;5108;2532;1180;765;544;337;241;243;8;0
"Two Occupants";"....Sorsogon";21674;587;2193;4260;4873;4317;2086;1281;910;537;308;315;6;1
"Two Occupants";"..REGION VI (WESTERN VISAYAS)";247301;7771;29103;56489;45732;34710;25466;16488;12323;8092;5131;5756;232;8
"Two Occupants";"....Aklan";19567;161;1245;4562;4756;3282;2129;1197;940;556;372;362;5;0
"Two Occupants";"....Antique";19372;664;2948;5101;3846;2594;1550;963;764;431;243;247;20;1
"Two Occupants";"....Capiz";27445;794;3148;6960;5688;3918;2426;1438;1179;803;528;539;23;1
"Two Occupants";"....Guimaras";6570;234;1195;1731;1306;920;486;267;174;130;69;56;2;0
"Two Occupants";"....Iloilo *";69822;2414;8276;15497;12500;9851;6890;4703;3850;2470;1518;1728;122;3
"Two Occupants";"....Negros Occidental *";75390;3110;10878;19481;13824;9380;6585;4615;2928;2060;1192;1306;31;0
"Two Occupants";"....City of Bacolod";17441;307;866;1866;2421;2839;3296;1963;1479;914;673;808;6;3
"Two Occupants";"....City of Iloilo";11694;87;547;1291;1391;1926;2104;1342;1009;728;536;710;23;0
"Two Occupants";"..REGION VII (CENTRAL VISAYAS)";260916;13858;38261;62017;45005;36743;23868;13800;10586;6861;4413;5343;147;14
"Two Occupants";"....Bohol";43345;2009;5565;9866;7910;6408;3912;2503;1975;1271;851;994;78;3
"Two Occupants";"....Cebu *";101167;6320;15788;24055;16277;13191;9225;5511;4281;2785;1627;2074;32;1
"Two Occupants";"....Negros Oriental";44019;2910;8619;13558;6829;4377;2565;1572;1330;923;623;686;21;6
"Two Occupants";"....Siquijor";3792;28;188;867;999;745;366;225;169;94;62;48;0;1
"Two Occupants";"....City of Cebu";29533;793;2786;5363;5910;5298;3643;1778;1441;927;723;863;7;1
"Two Occupants";"....City of Lapu-Lapu (Opon)";20856;1050;2774;4231;3563;3675;2416;1342;768;480;262;295;0;0
"Two Occupants";"....City of Mandaue";18204;748;2541;4077;3517;3049;1741;869;622;381;265;383;9;2
"Two Occupants";"..REGION VIII (EASTERN VISAYAS)";151858;4653;16350;35271;31392;24568;14120;8996;6589;4435;2773;2640;65;6
"Two Occupants";"....Biliran";6216;46;303;1079;1571;1362;679;429;326;205;113;103;0;0
"Two Occupants";"....Eastern Samar";16468;140;813;2929;4173;3424;1938;1235;819;519;248;224;6;0
"Two Occupants";"....Leyte *";66961;2379;9223;17051;13155;8930;5436;3535;2646;1957;1225;1405;16;3
"Two Occupants";"....Northern Samar";16747;1548;3282;3527;2855;2572;1154;611;498;279;221;191;9;0
"Two Occupants";"....Samar (Western Samar)";24106;49;927;6552;5938;4448;2476;1633;1008;592;298;153;32;0
"Two Occupants";"....Southern Leyte";13836;395;1362;2997;2595;2318;1342;915;732;515;364;298;2;1
"Two Occupants";"....City of Tacloban";7524;96;440;1136;1105;1514;1095;638;560;368;304;266;0;2
"Two Occupants";"..REGION IX (ZAMBOANGA PENINSULA)";109152;2989;13756;28433;22313;14372;9410;6188;4776;2968;1769;2038;134;6
"Two Occupants";"....Zamboanga del Norte";32445;1850;6499;9790;5569;3295;1848;1161;971;597;374;474;17;0
"Two Occupants";"....Zamboanga del Sur *";29508;243;2847;9778;9423;3371;1558;925;611;384;199;161;6;2
"Two Occupants";"....Zamboanga Sibugay";18150;367;2878;5970;4050;2315;1070;612;342;259;129;112;46;0
"Two Occupants";"....City of Isabela **";2101;14;56;341;502;374;237;174;152;90;72;86;3;0
"Two Occupants";"....City of Zamboanga";26948;515;1476;2554;2769;5017;4697;3316;2700;1638;995;1205;62;4
"Two Occupants";"..REGION X (NORTHERN MINDANAO)";142199;4822;15849;32468;28368;20748;14805;9153;6836;4082;2557;2450;55;6
"Two Occupants";"....Bukidnon";35987;2319;6527;9300;6141;3870;2432;1831;1326;980;610;626;23;2
"Two Occupants";"....Camiguin";2895;36;181;417;403;486;398;279;280;162;129;124;0;0
"Two Occupants";"....Lanao del Norte *";17536;346;1833;4069;3880;2794;1815;1094;726;483;280;211;5;0
"Two Occupants";"....Misamis Occidental";19656;1144;3007;5053;3582;2384;1471;950;806;530;342;369;17;1
"Two Occupants";"....Misamis Oriental *";27543;445;2138;7911;6954;4211;2467;1411;979;466;306;247;6;2
"Two Occupants";"....City of Cagayan de Oro";27920;406;1527;4249;5839;5208;4428;2534;1824;895;542;464;3;1
"Two Occupants";"....City of Iligan";10662;126;636;1469;1569;1795;1794;1054;895;566;348;409;1;0
"Two Occupants";"..REGION XI (DAVAO REGION)";183608;7128;24349;42296;31357;25147;19240;11746;9776;5869;3623;2973;96;8
"Two Occupants";"....Davao de Oro (Compostela Valley)";24661;1262;4512;7458;5247;2708;1412;747;569;319;222;193;12;0
"Two Occupants";"....Davao del Norte";33258;1032;3273;8559;6617;5325;3275;1971;1555;743;493;384;30;1
"Two Occupants";"....Davao del Sur *";26914;1730;5049;7890;4749;2716;1542;1067;808;636;364;352;11;0
"Two Occupants";"....Davao Occidental";10876;348;3226;4347;1710;683;249;123;71;64;31;18;6;0
"Two Occupants";"....Davao Oriental";17526;394;2015;4561;3947;2302;1424;988;868;555;272;189;10;1
"Two Occupants";"....City of Davao";70373;2362;6274;9481;9087;11413;11338;6850;5905;3552;2241;1837;27;6
"Two Occupants";"..REGION XII (SOCCSKSARGEN)";134216;4281;21661;41305;28458;16978;9196;5190;3286;1935;999;890;30;7
"Two Occupants";"....Cotabato (North Cotabato)";40017;2563;8226;12315;7239;4043;2110;1371;903;557;346;327;10;7
"Two Occupants";"....Sarangani";15725;649;3701;5761;2785;1346;639;388;205;127;67;55;2;0
"Two Occupants";"....South Cotabato *";30736;384;3644;10106;7519;4392;2044;1047;722;465;225;186;2;0
"Two Occupants";"....Sultan Kudarat";24239;326;3314;7188;6463;3424;1618;842;462;302;165;126;9;0
"Two Occupants";"....City of General Santos (Dadiangas)";23499;359;2776;5935;4452;3773;2785;1542;994;484;196;196;7;0
"Two Occupants";"..REGION XIII (CARAGA)";85209;2526;9191;21270;17977;12803;7849;4836;3567;2425;1363;1344;54;4
"Two Occupants";"....Agusan del Norte *";11431;684;2025;2937;1930;1186;766;564;506;341;230;254;8;0
"Two Occupants";"....Agusan del Sur";21897;168;1948;7508;5913;3292;1585;659;403;225;112;72;11;1
"Two Occupants";"....Dinagat Islands";3867;313;704;1004;665;457;218;134;118;99;63;88;4;0
"Two Occupants";"....Surigao del Norte";16919;776;2370;3725;3095;2483;1478;1039;780;529;313;323;8;0
"Two Occupants";"....Surigao del Sur";19186;118;995;4232;4725;3701;2242;1275;780;544;318;250;4;2
"Two Occupants";"....City of Butuan";11909;467;1149;1864;1649;1684;1560;1165;980;687;327;357;19;1
"Two Occupants";"..BANGSAMORO AUTONOMOUS REGION IN MUSLIM MINDANAO (";43489;1036;2904;7315;8667;6763;5541;4339;2739;1595;783;1028;778;1
"Two Occupants";"....Basilan";4009;49;252;782;1112;909;422;261;118;53;22;18;11;0
"Two Occupants";"....Lanao del Sur";3703;76;165;393;532;591;615;463;329;245;113;150;31;0
"Two Occupants";"....Maguindanao";13912;257;1067;2403;2413;1760;1713;1657;1117;629;322;550;23;1
"Two Occupants";"....Sulu";11251;146;572;2294;2862;1814;1000;762;528;312;178;72;711;0
"Two Occupants";"....Tawi-Tawi";4664;18;200;643;1204;993;660;344;278;184;81;57;2;0
"Two Occupants";"....Eight (8) Area Clusters ***";5950;490;648;800;544;696;1131;852;369;172;67;181;0;0
"Three Occupants";"PHILIPPINES";4594629;116573;388414;832854;869151;883320;558408;341160;248616;151760;91085;93596;19448;244
"Three Occupants";"..NATIONAL CAPITAL REGION (NCR)";601510;11388;36565;94778;130867;129944;67500;36218;26246;20498;14296;17177;15973;60
"Three Occupants";"....City of Manila";81710;2661;7487;14880;17360;15944;8297;4690;3448;2295;1804;1267;1542;35
"Three Occupants";"....City of Mandaluyong";18556;279;1274;3534;4375;3455;2071;840;550;318;243;325;1290;2
"Three Occupants";"....City of Marikina";16376;183;436;1808;3949;3317;2036;1284;998;761;567;1034;2;1
"Three Occupants";"....City of Pasig";34641;298;1365;4836;8185;9127;4196;2193;1235;948;725;997;536;0
"Three Occupants";"....Quezon City";121379;2653;8265;18267;25130;27331;13618;6905;4906;4148;3254;5140;1757;5
"Three Occupants";"....City of San Juan";4896;93;263;599;896;853;567;349;256;226;168;167;457;2
"Three Occupants";"....City of Caloocan";81246;1501;3715;10265;15755;19373;11733;7237;4906;3807;1475;1431;47;1
"Three Occupants";"....City of Malabon";18102;243;1142;4451;5340;3282;1660;892;382;332;175;168;26;9
"Three Occupants";"....City of Navotas";11868;722;1574;2784;2110;1965;1202;804;286;197;126;82;16;0
"Three Occupants";"....City of Valenzuela";37257;751;1794;6615;11315;7654;3461;1618;1324;1272;647;794;12;0
"Three Occupants";"....City of Las Piñas";28183;253;1062;3446;5654;5974;3328;2083;1791;1529;1362;1699;2;0
"Three Occupants";"....City of Makati";26988;289;970;3078;4404;4270;2530;1214;996;705;470;755;7306;1
"Three Occupants";"....City of Muntinlupa";24505;125;1147;3674;5513;6751;2693;1232;903;861;910;594;102;0
"Three Occupants";"....City of Parañaque";28980;587;1932;4614;5713;5024;2800;1625;1609;1468;1363;1952;292;1
"Three Occupants";"....Pasay City";20965;222;1675;4737;4498;3691;1799;825;660;450;317;214;1875;2
"Three Occupants";"....City of Taguig";43435;521;2410;6884;9990;11264;5210;2268;1916;1101;642;518;710;1
"Three Occupants";"....Pateros";2423;7;54;306;680;669;299;159;80;80;48;40;1;0
"Three Occupants";"..CORDILLERA ADMINISTRATIVE REGION (CAR)";71475;149;1586;8137;14913;15381;10761;7051;5791;3276;2298;2120;7;5
"Three Occupants";"....Abra";9872;14;66;466;2042;2840;1661;1122;759;431;254;212;5;0
"Three Occupants";"....Apayao";5080;34;303;1068;1327;1087;519;305;200;130;65;41;0;1
"Three Occupants";"....Benguet *";18286;30;399;2561;3555;3713;2659;1777;1562;871;604;551;0;4
"Three Occupants";"....Ifugao";7615;26;324;1538;2088;1472;966;490;306;157;120;126;2;0
"Three Occupants";"....Kalinga";6962;6;52;328;2029;1752;1073;736;493;241;155;97;0;0
"Three Occupants";"....Mountain Province";5414;13;189;883;1371;1031;746;473;373;171;108;56;0;0
"Three Occupants";"....City of Baguio";18246;26;253;1293;2501;3486;3137;2148;2098;1275;992;1037;0;0
"Three Occupants";"..REGION I (ILOCOS REGION)";234659;4713;14363;29056;43504;49587;35590;22858;15977;9239;4988;4608;170;6
"Three Occupants";"....Ilocos Norte";26003;230;956;2656;5339;6270;3806;2713;1865;1036;627;503;2;0
"Three Occupants";"....Ilocos Sur";29997;1157;3023;3617;3950;5373;4109;2976;2304;1558;929;999;2;0
"Three Occupants";"....La Union";37386;206;1280;4534;7708;8495;5768;3715;2648;1464;861;697;8;2
"Three Occupants";"....Pangasinan";141273;3120;9104;18249;26507;29449;21907;13454;9160;5181;2571;2409;158;4
"Three Occupants";"..REGION II (CAGAYAN VALLEY)";176388;2831;10324;24026;36511;41730;24280;15625;10036;5690;2852;2456;27;0
"Three Occupants";"....Batanes";1023;48;76;118;141;231;124;97;75;58;28;26;1;0
"Three Occupants";"....Cagayan";55914;1003;4065;9373;12036;12590;6603;4302;2719;1677;822;716;8;0
"Three Occupants";"....Isabela";85899;1277;4495;10736;17237;21162;12503;8050;5036;2856;1393;1142;12;0
"Three Occupants";"....Nueva Vizcaya";23898;500;1669;3464;3811;4909;3559;2296;1709;876;547;555;3;0
"Three Occupants";"....Quirino";9654;3;19;335;3286;2838;1491;880;497;223;62;17;3;0
"Three Occupants";"..REGION III (CENTRAL LUZON)";545383;9351;24555;63129;92591;123122;84494;53406;41598;23249;13248;15657;937;46
"Three Occupants";"....Aurora";11007;90;620;1884;2357;2319;1589;879;641;342;175;103;8;0
"Three Occupants";"....Bataan";37416;408;1471;4304;6426;7514;6262;3981;3075;1846;1033;1086;9;1
"Three Occupants";"....Bulacan";174326;2658;6755;17590;27855;50588;28515;15033;10589;6346;3684;4094;580;39
"Three Occupants";"....Nueva Ecija";103752;2199;7044;17018;21977;19835;12891;8513;6358;3616;2164;2087;49;1
"Three Occupants";"....Pampanga *";93154;2231;3736;7451;10958;16916;14957;11717;11633;5779;3290;4396;90;0
"Three Occupants";"....Tarlac";62255;864;3053;6879;10784;12249;10366;6953;5010;2893;1545;1516;141;2
"Three Occupants";"....Zambales *";31816;190;1338;5354;7768;7107;4429;2455;1667;813;374;304;16;1
"Three Occupants";"....City of Angeles";19600;668;215;1148;1776;3777;3528;2738;1909;1202;742;1851;44;2
"Three Occupants";"....City of Olongapo";12057;43;323;1501;2690;2817;1957;1137;716;412;241;220;0;0
"Three Occupants";"..REGION IV-A (CALABARZON)";686960;9872;29009;70400;101524;183631;114933;69151;48091;28258;16725;14967;339;60
"Three Occupants";"....Batangas";118773;2730;6975;14926;18937;23203;18565;11979;9296;5771;3284;3065;29;13
"Three Occupants";"....Cavite";189324;1431;4549;13188;25376;59834;34899;21101;13792;7663;3789;3450;214;38
"Three Occupants";"....Laguna";157481;2067;5229;11828;19743;44937;27213;17885;12434;7112;5221;3787;21;4
"Three Occupants";"....Quezon *";84252;1725;7636;18175;16553;14866;11011;6028;4166;2116;1071;857;47;1
"Three Occupants";"....Rizal";126250;1866;4377;11396;19253;37807;21126;10990;7547;5150;3094;3613;27;4
"Three Occupants";"....City of Lucena";10880;53;243;887;1662;2984;2119;1168;856;446;266;195;1;0
"Three Occupants";"..MIMAROPA REGION";147857;10298;25306;36527;26839;19974;10947;6466;4998;3201;1687;1545;69;0
"Three Occupants";"....Marinduque";10478;789;1712;2563;1678;1356;832;482;421;301;177;163;4;0
"Three Occupants";"....Occidental Mindoro";24080;841;3783;6203;5035;3466;1919;1058;810;456;296;208;5;0
"Three Occupants";"....Oriental Mindoro";37861;1142;5090;9971;7699;5841;3229;1840;1361;899;406;378;5;0
"Three Occupants";"....Palawan *";44507;5816;10634;11361;7077;4515;2045;1131;712;588;281;307;40;0
"Three Occupants";"....Romblon";13933;304;1690;3368;2921;2331;1226;772;617;321;197;182;4;0
"Three Occupants";"....City of Puerto Princesa";16998;1406;2397;3061;2429;2465;1696;1183;1077;636;330;307;11;0
"Three Occupants";"..REGION V (BICOL REGION)";224910;9109;28630;48867;45981;38256;20128;12408;9226;5673;3396;3073;160;3
"Three Occupants";"....Albay";54103;3341;7912;9972;9453;9235;5260;3083;2573;1444;922;881;27;0
"Three Occupants";"....Camarines Norte";24862;206;1866;5958;5372;4647;2490;1751;1196;745;347;265;18;1
"Three Occupants";"....Camarines Sur";69704;2822;8644;14617;14312;12216;6465;3887;2771;1772;1101;1021;74;2
"Three Occupants";"....Catanduanes";9402;51;427;1441;1989;2094;1159;822;662;374;214;162;7;0
"Three Occupants";"....Masbate";35324;1887;6987;10709;7200;3707;1764;1105;687;573;334;355;16;0
"Three Occupants";"....Sorsogon";31515;802;2794;6170;7655;6357;2990;1760;1337;765;478;389;18;0
"Three Occupants";"..REGION VI (WESTERN VISAYAS)";370824;9793;39358;84681;69408;54058;40152;26024;19497;12032;7488;8017;305;11
"Three Occupants";"....Aklan";28595;179;1363;6186;7075;5343;3305;1796;1458;830;549;498;13;0
"Three Occupants";"....Antique";25883;692;3586;6937;5114;3430;2274;1353;1135;611;352;376;23;0
"Three Occupants";"....Capiz";40568;958;3918;10068;8580;6118;3814;2387;1881;1226;819;764;34;1
"Three Occupants";"....Guimaras";8888;249;1406;2368;1807;1362;695;369;276;167;107;78;4;0
"Three Occupants";"....Iloilo *";96897;2601;9936;20825;17827;14581;10264;6906;5709;3486;2115;2472;169;6
"Three Occupants";"....Negros Occidental *";127478;4668;17520;34203;23749;16039;11164;7889;5200;3343;1864;1813;26;0
"Three Occupants";"....City of Bacolod";26316;351;1075;2481;3441;4467;5396;3371;2332;1368;922;1102;9;1
"Three Occupants";"....City of Iloilo";16199;95;554;1613;1815;2718;3240;1953;1506;1001;760;914;27;3
"Three Occupants";"..REGION VII (CENTRAL VISAYAS)";351882;16575;48763;83640;61583;51209;34324;19532;14426;9138;5752;6748;183;9
"Three Occupants";"....Bohol";52215;2265;6460;11768;9721;7776;4879;3076;2374;1518;1075;1229;73;1
"Three Occupants";"....Cebu *";145416;8148;21706;34653;23522;19657;14261;8381;6133;3933;2255;2712;50;5
"Three Occupants";"....Negros Oriental";68078;3958;12954;21438;10977;6825;4059;2518;2040;1414;911;936;46;2
"Three Occupants";"....Siquijor";4818;27;130;790;1495;1050;524;291;225;140;87;59;0;0
"Three Occupants";"....City of Cebu";38710;944;3322;6887;7911;7307;5151;2331;1924;1108;812;1005;8;0
"Three Occupants";"....City of Lapu-Lapu (Opon)";23690;699;2124;4144;4128;4974;3457;1816;1006;625;335;381;1;0
"Three Occupants";"....City of Mandaue";18955;534;2067;3960;3829;3620;1993;1119;724;400;277;426;5;1
"Three Occupants";"..REGION VIII (EASTERN VISAYAS)";183390;4924;17255;41445;39015;31311;18060;11415;8148;5365;3376;3000;73;3
"Three Occupants";"....Biliran";7489;57;297;1101;1953;1753;863;548;401;257;140;117;2;0
"Three Occupants";"....Eastern Samar";20027;134;808;3277;5181;4364;2457;1579;1004;625;347;246;5;0
"Three Occupants";"....Leyte *";78260;2250;9370;19660;15930;11121;6900;4376;3272;2337;1519;1504;19;2
"Three Occupants";"....Northern Samar";22046;1860;3935;4928;3963;3593;1444;857;584;400;267;205;10;0
"Three Occupants";"....Samar (Western Samar)";30011;69;808;7714;7652;5743;3230;2211;1323;701;353;174;33;0
"Three Occupants";"....Southern Leyte";16713;426;1574;3542;3066;2882;1765;1060;933;621;392;450;2;0
"Three Occupants";"....City of Tacloban";8844;128;463;1223;1270;1855;1401;784;631;424;358;304;2;1
"Three Occupants";"..REGION IX (ZAMBOANGA PENINSULA)";151417;3250;14816;37594;33395;21544;14561;9523;7146;4273;2462;2666;185;2
"Three Occupants";"....Zamboanga del Norte";41082;1860;7336;12803;7375;4456;2506;1605;1313;785;471;547;25;0
"Three Occupants";"....Zamboanga del Sur *";39561;243;2153;11588;14653;5407;2358;1260;867;534;321;164;13;0
"Three Occupants";"....Zamboanga Sibugay";27219;383;3321;9193;6384;3854;1765;1036;504;384;185;159;51;0
"Three Occupants";"....City of Isabela **";3816;19;83;595;922;740;473;317;264;150;107;135;10;1
"Three Occupants";"....City of Zamboanga";39739;745;1923;3415;4061;7087;7459;5305;4198;2420;1378;1661;86;1
"Three Occupants";"..REGION X (NORTHERN MINDANAO)";216724;6768;24083;49653;43692;32202;22689;14238;10097;6183;3572;3478;63;6
"Three Occupants";"....Bukidnon";68665;3850;12456;18361;11866;7472;4627;3523;2521;1733;1125;1106;23;2
"Three Occupants";"....Camiguin";3803;45;235;525;565;645;478;392;386;231;132;169;0;0
"Three Occupants";"....Lanao del Norte *";24383;322;2086;5650;5655;4037;2636;1569;1002;769;335;314;8;0
"Three Occupants";"....Misamis Occidental";27152;1420;4122;6952;4891;3460;2080;1412;1115;735;449;501;13;2
"Three Occupants";"....Misamis Oriental *";42152;611;2768;11380;11209;6981;4029;2187;1513;752;397;312;12;1
"Three Occupants";"....City of Cagayan de Oro";34792;350;1597;4773;7042;6750;6097;3507;2245;1192;674;560;4;1
"Three Occupants";"....City of Iligan";15777;170;819;2012;2464;2857;2742;1648;1315;771;460;516;3;0
"Three Occupants";"..REGION XI (DAVAO REGION)";250193;7996;30459;59016;44375;35474;26296;16383;13842;7921;4429;3855;137;10
"Three Occupants";"....Davao de Oro (Compostela Valley)";34210;1420;5727;10456;7498;4164;1925;1073;824;519;306;279;18;1
"Three Occupants";"....Davao del Norte";52551;1330;4546;13011;10714;8516;5516;3461;2720;1335;733;635;33;1
"Three Occupants";"....Davao del Sur *";38273;2049;7047;11525;6751;3924;2372;1466;1283;813;480;539;20;4
"Three Occupants";"....Davao Occidental";15856;354;3772;6684;2934;1201;430;198;130;87;26;34;6;0
"Three Occupants";"....Davao Oriental";26438;551;2636;6743;5838;3748;2282;1557;1396;923;394;334;36;0
"Three Occupants";"....City of Davao";82865;2292;6731;10597;10640;13921;13771;8628;7489;4244;2490;2034;24;4
"Three Occupants";"..REGION XII (SOCCSKSARGEN)";209476;5304;28514;63567;47541;29017;15459;8539;5500;2975;1683;1295;63;19
"Three Occupants";"....Cotabato (North Cotabato)";57433;3239;11289;18299;10906;5887;2938;1928;1218;762;497;443;11;16
"Three Occupants";"....Sarangani";27679;839;5868;10241;5346;2676;1145;705;375;262;130;80;12;0
"Three Occupants";"....South Cotabato *";49533;441;4451;15805;13448;7664;3553;1754;1145;632;391;242;7;0
"Three Occupants";"....Sultan Kudarat";39697;395;4069;11501;11019;6318;3069;1472;858;469;286;223;18;0
"Three Occupants";"....City of General Santos (Dadiangas)";35134;390;2837;7721;6822;6472;4754;2680;1904;850;379;307;15;3
"Three Occupants";"..REGION XIII (CARAGA)";117639;2920;10890;28482;25990;18564;11642;7182;5060;3071;1972;1793;71;2
"Three Occupants";"....Agusan del Norte *";16004;848;2746;4205;2707;1700;1095;832;722;466;298;364;21;0
"Three Occupants";"....Agusan del Sur";31864;167;1964;10305;9196;5256;2561;1095;625;330;227;122;15;1
"Three Occupants";"....Dinagat Islands";4716;329;845;1266;832;565;264;203;103;107;108;88;6;0
"Three Occupants";"....Surigao del Norte";22217;933;2883;4880;4112;3319;2123;1487;1014;640;424;395;7;0
"Three Occupants";"....Surigao del Sur";26602;114;985;5386;6919;5358;3417;1802;1176;675;428;341;1;0
"Three Occupants";"....City of Butuan";16236;529;1467;2440;2224;2366;2182;1763;1420;853;487;483;21;1
"Three Occupants";"..BANGSAMORO AUTONOMOUS REGION IN MUSLIM MINDANAO (";53942;1332;3938;9856;11422;8316;6592;5141;2937;1718;861;1141;686;2
"Three Occupants";"....Basilan";5567;39;319;1050;1586;1250;627;374;184;71;36;17;13;1
"Three Occupants";"....Lanao del Sur";5286;120;298;651;857;914;783;624;433;284;172;126;24;0
"Three Occupants";"....Maguindanao";19522;376;1494;3859;4195;2582;2086;1889;1272;726;374;638;30;1
"Three Occupants";"....Sulu";10079;113;705;2332;2497;1464;904;657;382;236;109;66;614;0
"Three Occupants";"....Tawi-Tawi";4781;17;177;812;1326;1003;567;357;218;183;77;40;4;0
"Three Occupants";"....Eight (8) Area Clusters ***";8707;667;945;1152;961;1103;1625;1240;448;218;93;254;1;0
"Four Occupants";"PHILIPPINES";5115631;111733;378981;877654;971840;1021000;651137;401065;292700;177551;104986;106651;20088;245
"Four Occupants";"..NATIONAL CAPITAL REGION (NCR)";632518;10727;34874;95224;137960;140154;73406;39201;28673;21814;15381;19056;15984;64
"Four Occupants";"....City of Manila";81946;2343;7103;14641;17643;16386;8855;4861;3563;2334;1787;1293;1102;35
"Four Occupants";"....City of Mandaluyong";18121;250;1220;3398;4366;3540;2002;840;582;345;250;353;974;1
"Four Occupants";"....City of Marikina";19977;153;460;1958;5051;4045;2468;1533;1245;970;771;1314;8;1
"Four Occupants";"....City of Pasig";37760;348;1438;5207;8919;10111;4508;2296;1370;1096;761;1172;533;1
"Four Occupants";"....Quezon City";132335;2665;8186;19315;27436;30286;15234;7612;5588;4509;3810;5872;1814;8
"Four Occupants";"....City of San Juan";5334;95;263;626;1022;952;575;342;278;212;168;251;546;4
"Four Occupants";"....City of Caloocan";86676;1489;3588;9995;16353;21553;12882;8094;5497;4040;1610;1520;55;0
"Four Occupants";"....City of Malabon";20157;241;982;4506;6078;3962;2044;1019;436;386;239;224;33;7
"Four Occupants";"....City of Navotas";12426;669;1440;2972;2253;2131;1332;833;336;230;121;91;18;0
"Four Occupants";"....City of Valenzuela";39057;676;1741;6468;11800;8201;3872;1829;1509;1344;690;914;13;0
"Four Occupants";"....City of Las Piñas";28473;256;1046;3431;5672;6095;3484;2110;1738;1537;1449;1652;3;0
"Four Occupants";"....City of Makati";27364;263;981;3197;4730;4508;2715;1286;1086;738;503;781;6576;0
"Four Occupants";"....City of Muntinlupa";25037;118;1028;3635;5431;7138;2782;1329;920;859;971;687;139;0
"Four Occupants";"....City of Parañaque";30131;526;1803;4619;5976;5315;2960;1846;1779;1587;1321;2146;251;2
"Four Occupants";"....Pasay City";21473;183;1368;4200;4253;3736;1849;772;708;424;294;215;3469;2
"Four Occupants";"....City of Taguig";43445;442;2167;6718;10264;11368;5491;2414;1924;1090;579;537;448;3
"Four Occupants";"....Pateros";2806;10;60;338;713;827;353;185;114;113;57;34;2;0
"Four Occupants";"..CORDILLERA ADMINISTRATIVE REGION (CAR)";81559;155;1520;7893;16598;18103;12873;8344;6894;3962;2665;2529;10;13
"Four Occupants";"....Abra";11369;13;63;439;2293;3301;1933;1314;919;570;270;249;5;0
"Four Occupants";"....Apayao";6185;29;331;1151;1716;1386;702;344;238;147;72;65;0;4
"Four Occupants";"....Benguet *";20868;36;361;2438;3936;4425;3261;1959;1967;1038;755;685;1;6
"Four Occupants";"....Ifugao";8695;24;287;1572;2298;1759;1196;644;444;214;126;128;3;0
"Four Occupants";"....Kalinga";8577;9;64;296;2266;2207;1452;1007;624;334;175;143;0;0
"Four Occupants";"....Mountain Province";6299;8;211;889;1616;1339;882;578;374;226;124;52;0;0
"Four Occupants";"....City of Baguio";19566;36;203;1108;2473;3686;3447;2498;2328;1433;1143;1207;1;3
"Four Occupants";"..REGION I (ILOCOS REGION)";262020;4814;14676;30024;47850;57183;41391;26713;18117;10496;5590;4986;176;4
"Four Occupants";"....Ilocos Norte";30097;231;1003;2670;6410;7640;4642;3011;2143;1159;686;501;1;0
"Four Occupants";"....Ilocos Sur";35408;1309;3425;4396;4531;6308;5001;3663;2666;1838;1091;1176;3;1
"Four Occupants";"....La Union";41774;211;1193;4495;8411;9775;6864;4372;2962;1787;943;754;6;1
"Four Occupants";"....Pangasinan";154741;3063;9055;18463;28498;33460;24884;15667;10346;5712;2870;2555;166;2
"Four Occupants";"..REGION II (CAGAYAN VALLEY)";198583;2786;10323;24808;40829;47622;28467;18572;12118;6773;3329;2931;22;3
"Four Occupants";"....Batanes";850;31;69;69;135;196;137;74;54;26;33;26;0;0
"Four Occupants";"....Cagayan";65773;1054;4131;9925;14251;15394;8025;5440;3560;2054;1007;928;4;0
"Four Occupants";"....Isabela";95034;1161;4449;11024;18748;23453;14515;9393;5975;3390;1635;1279;12;0
"Four Occupants";"....Nueva Vizcaya";26138;534;1651;3543;4242;5373;3982;2585;1946;1034;574;669;4;1
"Four Occupants";"....Quirino";10788;6;23;247;3453;3206;1808;1080;583;269;80;29;2;2
"Four Occupants";"..REGION III (CENTRAL LUZON)";626134;9787;24766;67075;103473;142793;100018;64814;50234;28334;15726;17960;1107;47
"Four Occupants";"....Aurora";12034;65;529;1886;2660;2559;1763;1070;740;401;240;116;5;0
"Four Occupants";"....Bataan";41302;390;1325;4438;6743;8363;7187;4716;3454;2213;1241;1217;12;3
"Four Occupants";"....Bulacan";195544;2809;6689;18175;29894;57109;32696;17962;12805;7633;4308;4742;692;30
"Four Occupants";"....Nueva Ecija";124777;2209;7302;19353;26732;24648;16262;10871;7840;4545;2533;2423;59;0
"Four Occupants";"....Pampanga *";107750;2380;4116;8439;12583;19010;17421;14267;13900;6942;3766;4811;113;2
"Four Occupants";"....Tarlac";74840;858;3280;7592;12171;15327;12855;8680;6312;3734;1906;1962;155;8
"Four Occupants";"....Zambales *";33789;155;1086;4768;8004;8074;5397;2751;1910;884;427;320;13;0
"Four Occupants";"....City of Angeles";23529;886;237;1173;2082;4582;4145;3266;2523;1482;984;2108;57;4
"Four Occupants";"....City of Olongapo";12569;35;202;1251;2604;3121;2292;1231;750;500;321;261;1;0
"Four Occupants";"..REGION IV-A (CALABARZON)";800955;10222;30415;77865;115552;217108;137319;83058;57549;34124;19644;17693;352;54
"Four Occupants";"....Batangas";146687;3022;8002;17988;22911;28463;23521;15463;11945;7431;4037;3874;26;4
"Four Occupants";"....Cavite";221048;1471;4561;13405;27848;71058;41667;25635;16800;9610;4622;4084;244;43
"Four Occupants";"....Laguna";162592;1841;4692;11525;19346;47069;29096;18886;13096;7597;5470;3950;19;5
"Four Occupants";"....Quezon *";97442;1644;7693;20458;19656;17847;13093;7265;5096;2427;1273;964;25;1
"Four Occupants";"....Rizal";159598;2179;5188;13478;23876;48803;27208;14281;9573;6499;3888;4587;37;1
"Four Occupants";"....City of Lucena";13588;65;279;1011;1915;3868;2734;1528;1039;560;354;234;1;0
"Four Occupants";"..MIMAROPA REGION";160210;9417;24670;39581;30368;23003;12665;7718;5580;3624;1897;1643;44;0
"Four Occupants";"....Marinduque";11249;822;1812;2818;1783;1441;901;535;445;348;186;155;3;0
"Four Occupants";"....Occidental Mindoro";26525;785;3569;6705;5881;4065;2207;1323;920;487;330;251;2;0
"Four Occupants";"....Oriental Mindoro";45031;1104;5153;11838;9536;7354;4037;2348;1626;1115;471;441;8;0
"Four Occupants";"....Palawan *";46218;5279;10443;11848;7721;5234;2292;1337;781;626;357;279;21;0
"Four Occupants";"....Romblon";14594;281;1566;3476;3087;2343;1476;888;647;414;198;216;2;0
"Four Occupants";"....City of Puerto Princesa";16593;1146;2127;2896;2360;2566;1752;1287;1161;634;355;301;8;0
"Four Occupants";"..REGION V (BICOL REGION)";255416;9031;28604;54457;53896;45613;23912;14782;10978;6742;3850;3398;144;9
"Four Occupants";"....Albay";61946;3559;8083;11023;11248;10840;6259;3920;3141;1717;1120;1011;25;0
"Four Occupants";"....Camarines Norte";28900;189;1690;6597;6375;5605;3142;2172;1495;901;401;315;17;1
"Four Occupants";"....Camarines Sur";79032;2723;8885;16256;17068;14366;7670;4459;3207;2076;1187;1066;64;5
"Four Occupants";"....Catanduanes";11127;51;377;1606;2453;2669;1351;924;793;439;257;199;6;2
"Four Occupants";"....Masbate";38644;1712;6774;12230;8016;4331;2051;1296;830;692;350;347;14;1
"Four Occupants";"....Sorsogon";35767;797;2795;6745;8736;7802;3439;2011;1512;917;535;460;18;0
"Four Occupants";"..REGION VI (WESTERN VISAYAS)";395466;8674;36525;86689;75112;59960;44907;29671;22154;13765;8654;9048;303;4
"Four Occupants";"....Aklan";30166;126;1088;5461;7754;5967;3778;2118;1693;1010;610;551;10;0
"Four Occupants";"....Antique";28217;569;3226;7470;5841;3898;2676;1636;1305;718;418;435;25;0
"Four Occupants";"....Capiz";42513;904;3615;9786;8946;6800;4301;2765;2151;1401;953;863;28;0
"Four Occupants";"....Guimaras";10175;191;1396;2709;2107;1647;823;513;347;224;137;77;3;1
"Four Occupants";"....Iloilo *";101649;2244;8729;21041;19052;15969;11111;7751;6426;3902;2516;2761;146;1
"Four Occupants";"....Negros Occidental *";134519;4211;16864;35917;25528;17478;12283;8660;5787;3651;2057;2033;50;0
"Four Occupants";"....City of Bacolod";28906;338;1041;2595;3685;4842;6063;3870;2606;1614;1037;1208;7;0
"Four Occupants";"....City of Iloilo";19321;91;566;1710;2199;3359;3872;2358;1839;1245;926;1120;34;2
"Four Occupants";"..REGION VII (CENTRAL VISAYAS)";381389;15571;47616;89683;67716;57786;38953;22018;16994;10664;6544;7637;201;6
"Four Occupants";"....Bohol";59162;2310;6813;13338;11164;8904;5524;3518;2902;1930;1233;1424;102;0
"Four Occupants";"....Cebu *";158580;7736;21526;37691;25975;22345;16316;9432;7339;4513;2663;3004;38;2
"Four Occupants";"....Negros Oriental";73118;3652;12548;23291;12407;7773;4636;2866;2263;1610;996;1031;45;0
"Four Occupants";"....Siquijor";5066;18;83;477;1323;1573;660;350;222;178;123;59;0;0
"Four Occupants";"....City of Cebu";42413;880;3164;7370;8604;8091;5867;2733;2252;1307;883;1247;11;4
"Four Occupants";"....City of Lapu-Lapu (Opon)";24472;548;1813;3897;4299;5387;3872;2022;1172;673;332;456;1;0
"Four Occupants";"....City of Mandaue";18578;427;1669;3619;3944;3713;2078;1097;844;453;314;416;4;0
"Four Occupants";"..REGION VIII (EASTERN VISAYAS)";194754;4294;15694;40986;42079;35704;20622;12981;9138;5988;3738;3458;65;7
"Four Occupants";"....Biliran";8148;52;267;942;2109;2013;1049;660;478;296;162;120;0;0
"Four Occupants";"....Eastern Samar";21059;101;664;2882;5188;5124;2945;1816;1071;673;335;249;11;0
"Four Occupants";"....Leyte *";82239;1856;8300;19774;17270;12519;7722;5041;3635;2625;1664;1816;13;4
"Four Occupants";"....Northern Samar";23578;1756;3921;5143;4406;4027;1719;987;671;405;314;222;7;0
"Four Occupants";"....Samar (Western Samar)";31836;45;609;7212;8307;6703;3731;2282;1450;841;404;219;33;0
"Four Occupants";"....Southern Leyte";18268;388;1555;3748;3524;3243;1984;1252;990;674;443;463;1;3
"Four Occupants";"....City of Tacloban";9626;96;378;1285;1275;2075;1472;943;843;474;416;369;0;0
"Four Occupants";"..REGION IX (ZAMBOANGA PENINSULA)";174456;3287;14626;39505;39747;28016;17736;11334;8798;5119;3024;3090;169;5
"Four Occupants";"....Zamboanga del Norte";48830;1958;7861;15081;9073;5678;3218;2044;1624;941;640;685;27;0
"Four Occupants";"....Zamboanga del Sur *";45832;219;1668;9964;17554;8844;3376;1732;1189;662;391;219;12;2
"Four Occupants";"....Zamboanga Sibugay";31181;357;3098;10238;7929;4751;2115;1205;627;394;196;224;46;1
"Four Occupants";"....City of Isabela **";4533;28;65;669;1069;907;613;404;294;185;131;157;11;0
"Four Occupants";"....City of Zamboanga";44080;725;1934;3553;4122;7836;8414;5949;5064;2937;1666;1805;73;2
"Four Occupants";"..REGION X (NORTHERN MINDANAO)";240188;6345;24161;52940;48953;37188;26460;16259;12257;7306;4239;4002;77;1
"Four Occupants";"....Bukidnon";78787;3647;13138;20856;14018;8973;5771;4074;3190;2251;1423;1412;33;1
"Four Occupants";"....Camiguin";4227;55;209;588;661;722;559;438;420;227;144;204;0;0
"Four Occupants";"....Lanao del Norte *";25892;275;1909;5313;6024;4638;3083;1771;1256;876;439;298;10;0
"Four Occupants";"....Misamis Occidental";30305;1380;4164;7808;5783;3919;2452;1570;1308;832;526;547;16;0
"Four Occupants";"....Misamis Oriental *";46684;546;2591;11657;12563;8229;4774;2665;1811;943;488;402;15;0
"Four Occupants";"....City of Cagayan de Oro";37314;307;1343;4645;7291;7684;6798;3905;2728;1270;721;621;1;0
"Four Occupants";"....City of Iligan";16979;135;807;2073;2613;3023;3023;1836;1544;907;498;518;2;0
"Four Occupants";"..REGION XI (DAVAO REGION)";273473;7634;29492;62904;49768;40193;30149;19189;15871;8778;5184;4172;130;9
"Four Occupants";"....Davao de Oro (Compostela Valley)";40175;1329;6139;12294;9272;5047;2393;1372;1033;622;334;313;26;1
"Four Occupants";"....Davao del Norte";58570;1284;4263;13682;12064;10051;6760;4019;3249;1611;895;659;33;0
"Four Occupants";"....Davao del Sur *";38980;1843;6549;11801;6988;4211;2585;1686;1278;857;552;612;13;5
"Four Occupants";"....Davao Occidental";16094;329;3131;6759;3482;1423;464;230;124;85;25;30;12;0
"Four Occupants";"....Davao Oriental";28105;529;2586;7041;6293;3876;2578;1723;1607;1007;481;364;20;0
"Four Occupants";"....City of Davao";91549;2320;6824;11327;11669;15585;15369;10159;8580;4596;2897;2194;26;3
"Four Occupants";"..REGION XII (SOCCSKSARGEN)";223742;4819;25573;63738;53145;34287;18166;10205;6580;3670;1932;1565;46;16
"Four Occupants";"....Cotabato (North Cotabato)";64319;3095;11497;20175;13021;7173;3525;2223;1544;981;532;530;8;15
"Four Occupants";"....Sarangani";28277;703;4953;10685;5788;3012;1365;795;424;293;138;112;9;0
"Four Occupants";"....South Cotabato *";53075;428;3696;15130;15083;9265;4220;2135;1501;802;506;304;4;1
"Four Occupants";"....Sultan Kudarat";41772;310;3270;10634;12030;7684;3746;1906;1039;568;315;260;10;0
"Four Occupants";"....City of General Santos (Dadiangas)";36299;283;2157;7114;7223;7153;5310;3146;2072;1026;441;359;15;0
"Four Occupants";"..REGION XIII (CARAGA)";131467;2657;10519;29511;30664;22302;13480;8322;6077;3655;2240;1986;51;3
"Four Occupants";"....Agusan del Norte *";18016;770;2782;4861;3179;2076;1219;897;894;527;366;431;14;0
"Four Occupants";"....Agusan del Sur";35380;119;1585;10057;11174;6490;3000;1345;780;442;240;142;5;1
"Four Occupants";"....Dinagat Islands";5373;321;802;1533;1053;635;316;219;146;118;121;105;4;0
"Four Occupants";"....Surigao del Norte";24930;807;3026;5351;4824;3953;2447;1593;1198;833;486;408;4;0
"Four Occupants";"....Surigao del Sur";29946;129;866;5072;7931;6534;4113;2228;1428;763;483;396;2;1
"Four Occupants";"....City of Butuan";17822;511;1458;2637;2503;2614;2385;2040;1631;972;544;504;22;1
"Four Occupants";"..BANGSAMORO AUTONOMOUS REGION IN MUSLIM MINDANAO (";83301;1513;4927;14771;18130;13985;10613;7884;4688;2737;1349;1497;1207;0
"Four Occupants";"....Basilan";8529;66;380;1406;2270;2020;1127;692;327;132;55;31;23;0
"Four Occupants";"....Lanao del Sur";11178;205;590;1212;1649;1809;1728;1476;1067;709;383;314;36;0
"Four Occupants";"....Maguindanao";30503;471;1876;5842;7245;4887;3413;2673;1706;1070;528;749;43;0
"Four Occupants";"....Sulu";16999;203;1014;4031;3998;2620;1604;1087;702;343;187;106;1104;0
"Four Occupants";"....Tawi-Tawi";7058;24;235;1260;1947;1446;872;529;364;218;101;61;1;0
"Four Occupants";"....Eight (8) Area Clusters ***";9034;544;832;1020;1021;1203;1869;1427;522;265;95;236;0;0
"Five Occupants";"PHILIPPINES";4019633;78170;268241;650200;757991;816418;532387;330640;244257;148109;89043;91680;12337;160
"Five Occupants";"..NATIONAL CAPITAL REGION (NCR)";484018;8018;25699;70510;105071;108627;58073;30882;22536;17176;12472;16095;8819;40
"Five Occupants";"....City of Manila";63706;1762;5223;11236;13909;12947;7058;3857;2789;1842;1450;1044;566;23
"Five Occupants";"....City of Mandaluyong";14179;217;942;2682;3168;2681;1610;654;439;295;205;299;987;0
"Five Occupants";"....City of Marikina";17018;137;391;1620;4305;3299;2164;1373;1041;846;633;1206;3;0
"Five Occupants";"....City of Pasig";28772;293;969;3838;6881;7570;3499;1838;1051;785;643;965;440;0
"Five Occupants";"....Quezon City";106199;2048;6072;14859;21850;24819;12390;6024;4515;3727;3227;5249;1418;1
"Five Occupants";"....City of San Juan";4343;72;232;478;793;731;488;303;213;212;163;220;437;1
"Five Occupants";"....City of Caloocan";66087;1044;2681;7215;12385;16418;10310;6143;4292;3140;1203;1214;42;0
"Five Occupants";"....City of Malabon";15132;174;744;3156;4360;3134;1681;879;329;302;166;182;23;2
"Five Occupants";"....City of Navotas";9415;471;1100;2214;1733;1590;1037;649;252;172;94;82;16;5
"Five Occupants";"....City of Valenzuela";28135;441;1125;4441;8141;6120;2972;1376;1226;1025;550;707;11;0
"Five Occupants";"....City of Las Piñas";21841;204;804;2610;4454;4686;2589;1604;1349;1158;1088;1292;2;1
"Five Occupants";"....City of Makati";19725;181;705;2336;3508;3599;2205;1064;867;587;447;692;3534;0
"Five Occupants";"....City of Muntinlupa";18580;84;763;2568;3893;5186;2095;1012;788;642;768;639;139;3
"Five Occupants";"....City of Parañaque";23840;458;1435;3528;4716;4261;2318;1507;1360;1278;1126;1746;106;1
"Five Occupants";"....Pasay City";13635;115;899;2789;3208;2695;1347;632;484;306;222;138;798;2
"Five Occupants";"....City of Taguig";31141;313;1579;4678;7194;8226;4004;1814;1428;775;447;386;296;1
"Five Occupants";"....Pateros";2270;4;35;262;573;665;306;153;113;84;40;34;1;0
"Five Occupants";"..CORDILLERA ADMINISTRATIVE REGION (CAR)";67113;125;932;5487;12792;14870;10994;7168;6268;3667;2507;2296;6;1
"Five Occupants";"....Abra";9292;8;38;298;1668;2620;1615;1171;822;540;251;257;4;0
"Five Occupants";"....Apayao";4749;33;186;781;1278;1071;552;333;229;149;84;52;1;0
"Five Occupants";"....Benguet *";17600;31;230;1639;3062;3714;2868;1817;1801;997;749;691;0;1
"Five Occupants";"....Ifugao";7616;21;193;1140;1856;1677;1138;599;432;266;139;154;1;0
"Five Occupants";"....Kalinga";7941;6;33;259;1919;2026;1363;916;706;371;210;132;0;0
"Five Occupants";"....Mountain Province";5642;10;116;738;1405;1256;871;514;378;208;97;49;0;0
"Five Occupants";"....City of Baguio";14273;16;136;632;1604;2506;2587;1818;1900;1136;977;961;0;0
"Five Occupants";"..REGION I (ILOCOS REGION)";203015;3275;10346;21243;34910;44936;33554;21785;15158;8581;4838;4271;111;7
"Five Occupants";"....Ilocos Norte";23339;164;675;1730;4434;6091;3807;2546;1782;1009;645;455;0;1
"Five Occupants";"....Ilocos Sur";26812;882;2441;3145;3447;4699;3612;2941;2211;1491;935;1007;1;0
"Five Occupants";"....La Union";31379;115;742;2967;5879;7421;5416;3503;2429;1378;824;702;2;1
"Five Occupants";"....Pangasinan";121485;2114;6488;13401;21150;26725;20719;12795;8736;4703;2434;2107;108;5
"Five Occupants";"..REGION II (CAGAYAN VALLEY)";144038;1800;6805;16416;28303;34526;21553;14310;9493;5522;2792;2497;21;0
"Five Occupants";"....Batanes";688;23;48;56;102;162;105;60;46;35;21;30;0;0
"Five Occupants";"....Cagayan";49229;736;2823;6715;10187;11636;6459;4259;2914;1795;884;815;6;0
"Five Occupants";"....Isabela";66517;726;2800;6968;12651;16297;10555;7025;4552;2550;1298;1088;7;0
"Five Occupants";"....Nueva Vizcaya";19532;311;1112;2512;3063;4014;3016;2035;1493;900;527;544;5;0
"Five Occupants";"....Quirino";8072;4;22;165;2300;2417;1418;931;488;242;62;20;3;0
"Five Occupants";"..REGION III (CENTRAL LUZON)";490233;6980;17733;48373;76716;110725;80193;53393;42563;23920;13373;15373;868;23
"Five Occupants";"....Aurora";9339;31;347;1371;1996;2049;1442;897;564;331;189;116;6;0
"Five Occupants";"....Bataan";33479;282;1066;3282;5314;6607;5876;3987;3022;1861;1033;1140;9;0
"Five Occupants";"....Bulacan";146595;1984;4769;12528;21300;43075;24741;13960;10191;6049;3559;3917;507;15
"Five Occupants";"....Nueva Ecija";93291;1406;5021;13860;19119;18169;12785;8583;6390;3772;2056;2091;37;2
"Five Occupants";"....Pampanga *";95342;1984;3274;7055;11265;16516;15405;12775;12714;6455;3401;4377;120;1
"Five Occupants";"....Tarlac";59809;641;2343;5640;9194;12186;10484;7333;5340;3100;1735;1670;139;4
"Five Occupants";"....Zambales *";24919;88;646;3008;5336;6178;4425;2272;1579;748;374;258;7;0
"Five Occupants";"....City of Angeles";17972;542;151;874;1458;3544;3137;2510;2126;1180;785;1621;43;1
"Five Occupants";"....City of Olongapo";9487;22;116;755;1734;2401;1898;1076;637;424;241;183;0;0
"Five Occupants";"..REGION IV-A (CALABARZON)";621994;7719;22445;57795;86361;168204;107520;65429;46795;27665;16725;15009;283;44
"Five Occupants";"....Batangas";113410;2395;6173;13687;17165;21527;18148;12133;9606;5975;3427;3144;17;13
"Five Occupants";"....Cavite";167568;1105;3311;9526;19675;53311;31953;19704;13650;7699;3912;3505;189;28
"Five Occupants";"....Laguna";124127;1370;3390;8411;14265;35978;22075;14715;10339;5945;4439;3189;9;2
"Five Occupants";"....Quezon *";75896;1141;5476;15227;15367;14408;10296;5858;4096;2025;1122;848;32;0
"Five Occupants";"....Rizal";129768;1670;3896;10133;18352;39835;22723;11715;8212;5542;3526;4127;36;1
"Five Occupants";"....City of Lucena";11225;38;199;811;1537;3145;2325;1304;892;479;299;196;0;0
"Five Occupants";"..MIMAROPA REGION";122848;6487;17425;29928;24176;18285;10016;6242;4462;2868;1585;1342;32;0
"Five Occupants";"....Marinduque";9002;590;1413;2273;1535;1181;689;446;353;243;148;128;3;0
"Five Occupants";"....Occidental Mindoro";20454;581;2536;5180;4615;3204;1716;971;756;422;280;188;5;0
"Five Occupants";"....Oriental Mindoro";34977;781;3632;8939;7490;5863;3352;2004;1324;841;406;339;6;0
"Five Occupants";"....Palawan *";35342;3683;7368;8888;6344;4244;1862;1150;654;562;300;272;15;0
"Five Occupants";"....Romblon";11777;194;1091;2766;2561;2064;1165;728;541;304;194;169;0;0
"Five Occupants";"....City of Puerto Princesa";11296;658;1385;1882;1631;1729;1232;943;834;496;257;246;3;0
"Five Occupants";"..REGION V (BICOL REGION)";219163;6407;21875;44512;47551;41160;21649;13245;9946;5984;3588;3141;100;5
"Five Occupants";"....Albay";50910;2417;6080;9076;9528;9169;5368;3233;2664;1513;970;876;16;0
"Five Occupants";"....Camarines Norte";23503;113;1126;4893;5345;4882;2704;1786;1220;793;380;248;12;1
"Five Occupants";"....Camarines Sur";71817;2120;7274;13890;15901;13759;7271;4349;3102;1886;1134;1075;54;2
"Five Occupants";"....Catanduanes";9852;30;232;1210;2067;2503;1337;870;764;439;233;161;4;2
"Five Occupants";"....Masbate";32806;1144;5087;10192;7332;3921;1806;1218;793;594;354;362;3;0
"Five Occupants";"....Sorsogon";30275;583;2076;5251;7378;6926;3163;1789;1403;759;517;419;11;0
"Five Occupants";"..REGION VI (WESTERN VISAYAS)";297319;5524;24327;61696;57027;46164;35764;23261;17641;11010;7091;7600;209;5
"Five Occupants";"....Aklan";22667;77;558;3530;5578;4837;3238;1685;1343;804;519;493;5;0
"Five Occupants";"....Antique";22952;378;2432;5597;5162;3304;2264;1334;1130;623;339;370;18;1
"Five Occupants";"....Capiz";31128;550;2323;6856;6726;4968;3368;2179;1683;1070;721;667;16;1
"Five Occupants";"....Guimaras";7110;103;876;1749;1581;1199;633;374;222;167;110;93;3;0
"Five Occupants";"....Iloilo *";76040;1428;5614;14815;14226;12325;8709;6158;5163;3121;2047;2323;108;3
"Five Occupants";"....Negros Occidental *";98984;2675;11403;25960;19332;13099;9297;6457;4429;2863;1766;1680;23;0
"Five Occupants";"....City of Bacolod";22489;265;747;1858;2713;3721;4883;3034;2153;1286;791;1030;8;0
"Five Occupants";"....City of Iloilo";15949;48;374;1331;1709;2711;3372;2040;1518;1076;798;944;28;0
"Five Occupants";"..REGION VII (CENTRAL VISAYAS)";297101;10735;33886;68649;53184;46319;31620;18048;13882;8683;5408;6526;156;5
"Five Occupants";"....Bohol";51145;1761;5501;11118;9650;7943;4906;3345;2686;1715;1108;1324;87;1
"Five Occupants";"....Cebu *";123523;5423;15474;29659;20606;17504;12976;7620;5954;3588;2095;2595;29;0
"Five Occupants";"....Negros Oriental";53588;2301;8305;16804;9703;6042;3488;2127;1840;1295;808;848;27;0
"Five Occupants";"....Siquijor";3652;9;49;214;624;1272;810;295;153;96;79;51;0;0
"Five Occupants";"....City of Cebu";33552;650;2322;5649;6686;6558;4692;2193;1821;1111;789;1065;12;4
"Five Occupants";"....City of Lapu-Lapu (Opon)";18654;374;1225;2886;3244;4247;3092;1608;838;530;295;314;1;0
"Five Occupants";"....City of Mandaue";12987;217;1010;2319;2671;2753;1656;860;590;348;234;329;0;0
"Five Occupants";"..REGION VIII (EASTERN VISAYAS)";163714;3217;11783;31582;35224;31384;18566;11832;8412;5410;3198;3070;35;1
"Five Occupants";"....Biliran";6599;31;166;690;1550;1742;969;525;440;251;129;106;0;0
"Five Occupants";"....Eastern Samar";17450;59;446;2057;3898;4383;2703;1679;1048;645;285;240;7;0
"Five Occupants";"....Leyte *";66327;1248;5965;15002;14091;10658;6651;4340;3197;2211;1369;1588;7;0
"Five Occupants";"....Northern Samar";21457;1464;3213;4470;4359;3851;1548;982;692;395;305;174;4;0
"Five Occupants";"....Samar (Western Samar)";27768;37;385;5259;7224;6184;3567;2250;1435;800;391;221;15;0
"Five Occupants";"....Southern Leyte";15285;296;1291;3022;2912;2637;1737;1099;887;657;334;412;1;0
"Five Occupants";"....City of Tacloban";8828;82;317;1082;1190;1929;1391;957;713;451;385;329;1;1
"Five Occupants";"..REGION IX (ZAMBOANGA PENINSULA)";139416;2286;10284;28887;31370;23615;15922;9766;7488;4510;2511;2653;118;6
"Five Occupants";"....Zamboanga del Norte";38595;1415;5829;11891;7444;4583;2574;1663;1311;797;498;575;15;0
"Five Occupants";"....Zamboanga del Sur *";37469;129;1010;6158;13361;8501;4278;1705;1101;638;355;222;10;1
"Five Occupants";"....Zamboanga Sibugay";24785;184;1951;7770;6713;3992;1820;986;528;426;190;189;36;0
"Five Occupants";"....City of Isabela **";4178;25;65;548;893;770;640;426;331;211;118;146;4;1
"Five Occupants";"....City of Zamboanga";34389;533;1429;2520;2959;5769;6610;4986;4217;2438;1350;1521;53;4
"Five Occupants";"..REGION X (NORTHERN MINDANAO)";185018;4129;16356;38659;37270;30333;21462;13661;9935;6125;3601;3435;51;1
"Five Occupants";"....Bukidnon";59138;2341;8875;15469;10687;7187;4533;3313;2543;1825;1169;1170;26;0
"Five Occupants";"....Camiguin";3479;35;154;442;477;615;523;374;345;219;128;167;0;0
"Five Occupants";"....Lanao del Norte *";21952;188;1239;3972;5062;4204;2903;1731;1151;768;421;309;4;0
"Five Occupants";"....Misamis Occidental";23329;905;2862;5882;4633;3068;1957;1346;1083;682;452;447;12;0
"Five Occupants";"....Misamis Oriental *";35829;393;1810;8106;9496;6990;3924;2102;1493;783;402;322;7;1
"Five Occupants";"....City of Cagayan de Oro";27737;160;866;3209;4944;5901;5165;3233;2022;1087;595;554;1;0
"Five Occupants";"....City of Iligan";13554;107;550;1579;1971;2368;2457;1562;1298;761;434;466;1;0
"Five Occupants";"..REGION XI (DAVAO REGION)";200983;4999;19170;44343;36988;30742;22905;14691;12514;7100;4111;3314;100;6
"Five Occupants";"....Davao de Oro (Compostela Valley)";29861;833;4009;9008;7159;4110;1863;1023;815;472;271;282;16;0
"Five Occupants";"....Davao del Norte";43601;852;2913;9405;8845;7752;5368;3317;2567;1284;710;548;37;3
"Five Occupants";"....Davao del Sur *";26146;1142;4008;7856;4804;2992;1789;1131;944;654;423;399;3;1
"Five Occupants";"....Davao Occidental";11764;193;1862;4793;2854;1233;427;155;113;76;34;19;5;0
"Five Occupants";"....Davao Oriental";21680;342;1834;5077;4998;3191;1948;1403;1278;863;429;304;13;0
"Five Occupants";"....City of Davao";67931;1637;4544;8204;8328;11464;11510;7662;6797;3751;2244;1762;26;2
"Five Occupants";"..REGION XII (SOCCSKSARGEN)";164578;3019;16465;43203;40736;26939;14747;8369;5400;2928;1514;1221;25;12
"Five Occupants";"....Cotabato (North Cotabato)";47090;1978;7870;14527;9835;5515;2657;1851;1241;714;456;430;8;8
"Five Occupants";"....Sarangani";21316;464;3347;7920;4770;2349;1071;632;350;225;103;84;1;0
"Five Occupants";"....South Cotabato *";38269;210;2085;9609;11717;7270;3369;1653;1143;657;322;226;6;2
"Five Occupants";"....Sultan Kudarat";30917;184;1881;6517;9004;6348;3398;1694;910;485;268;220;7;1
"Five Occupants";"....City of General Santos (Dadiangas)";26986;183;1282;4630;5410;5457;4252;2539;1756;847;365;261;3;1
"Five Occupants";"..REGION XIII (CARAGA)";105146;1867;7239;21275;24785;18959;11851;7263;5085;3115;1858;1803;44;2
"Five Occupants";"....Agusan del Norte *";14374;563;2076;3841;2580;1705;1040;801;645;451;286;376;10;0
"Five Occupants";"....Agusan del Sur";28308;73;965;6879;9167;5720;2791;1223;719;407;223;138;2;1
"Five Occupants";"....Dinagat Islands";4363;275;578;1119;980;555;285;178;106;93;88;102;4;0
"Five Occupants";"....Surigao del Norte";19932;537;2087;4132;3854;3324;2146;1471;975;635;395;373;3;0
"Five Occupants";"....Surigao del Sur";24357;90;595;3302;6400;5675;3665;1882;1275;730;433;308;2;0
"Five Occupants";"....City of Butuan";13812;329;938;2002;1804;1980;1924;1708;1365;799;433;506;23;1
"Five Occupants";"..BANGSAMORO AUTONOMOUS REGION IN MUSLIM MINDANAO (";113936;1583;5471;17642;25527;20630;15998;11295;6679;3845;1871;2034;1359;2
"Five Occupants";"....Basilan";11968;103;354;1573;3129;3013;1738;1140;558;192;76;46;46;0
"Five Occupants";"....Lanao del Sur";19724;326;843;1888;2920;3374;3101;2771;1991;1282;639;548;39;2
"Five Occupants";"....Maguindanao";44307;545;2218;7381;10861;7838;6117;3887;2216;1433;756;995;60;0
"Five Occupants";"....Sulu";20609;200;1111;4431;4896;3319;2186;1479;955;443;199;179;1211;0
"Five Occupants";"....Tawi-Tawi";10061;27;319;1665;2991;2165;1230;716;478;300;121;46;3;0
"Five Occupants";"....Eight (8) Area Clusters ***";7267;382;626;704;730;921;1626;1302;481;195;80;220;0;0
"Six Occupants";"PHILIPPINES";2870285;51128;176180;440936;536920;588046;391933;246582;181490;110223;66053;70150;10518;126
"Six Occupants";"..NATIONAL CAPITAL REGION (NCR)";328210;5306;16657;46641;69910;73725;39690;21411;15653;12150;9029;12572;5443;23
"Six Occupants";"....City of Manila";43756;1208;3573;7770;9368;8750;4854;2732;1898;1342;1100;747;396;18
"Six Occupants";"....City of Mandaluyong";9688;156;622;1817;2247;1893;1044;442;319;227;168;242;511;0
"Six Occupants";"....City of Marikina";12424;92;281;1270;3019;2511;1530;976;733;609;465;935;3;0
"Six Occupants";"....City of Pasig";19348;147;659;2598;4505;5033;2363;1159;820;583;422;753;306;0
"Six Occupants";"....Quezon City";74685;1421;4091;9916;14988;17270;8822;4406;3272;2811;2311;4357;1020;0
"Six Occupants";"....City of San Juan";3144;47;134;309;589;524;368;234;179;158;130;181;290;1
"Six Occupants";"....City of Caloocan";44100;655;1665;4568;8015;10996;7034;4379;3003;2077;806;884;18;0
"Six Occupants";"....City of Malabon";9782;102;416;1893;2799;2101;1116;608;264;201;132;129;19;2
"Six Occupants";"....City of Navotas";6092;329;656;1469;1109;1003;672;471;149;126;55;42;11;0
"Six Occupants";"....City of Valenzuela";16879;260;621;2644;4770;3867;1773;808;674;636;372;452;2;0
"Six Occupants";"....City of Las Piñas";14708;120;482;1731;3128;3169;1705;998;857;781;820;915;2;0
"Six Occupants";"....City of Makati";13901;108;529;1634;2502;2644;1593;800;643;447;339;578;2084;0
"Six Occupants";"....City of Muntinlupa";12034;52;416;1543;2383;3369;1377;637;482;464;597;581;133;0
"Six Occupants";"....City of Parañaque";16891;306;973;2565;3353;2920;1656;1013;963;891;813;1390;46;2
"Six Occupants";"....Pasay City";8857;90;533;1688;2061;1846;930;449;366;212;182;107;393;0
"Six Occupants";"....City of Taguig";20285;207;966;3039;4667;5360;2639;1186;945;524;280;265;207;0
"Six Occupants";"....Pateros";1636;6;40;187;407;469;214;113;86;61;37;14;2;0
"Six Occupants";"..CORDILLERA ADMINISTRATIVE REGION (CAR)";47048;80;535;3380;8306;10666;7917;5334;4509;2681;1839;1796;2;3
"Six Occupants";"....Abra";6372;9;27;200;1031;1797;1186;794;572;357;208;191;0;0
"Six Occupants";"....Apayao";3249;14;93;477;922;771;361;243;178;98;48;44;0;0
"Six Occupants";"....Benguet *";12101;23;131;973;1904;2610;2002;1330;1314;743;547;522;0;2
"Six Occupants";"....Ifugao";5707;5;113;774;1253;1249;909;569;354;219;109;151;2;0
"Six Occupants";"....Kalinga";6426;12;19;178;1361;1740;1141;786;578;316;182;113;0;0
"Six Occupants";"....Mountain Province";4317;8;95;441;1012;948;730;458;298;168;104;55;0;0
"Six Occupants";"....City of Baguio";8876;9;57;337;823;1551;1588;1154;1215;780;641;720;0;1
"Six Occupants";"..REGION I (ILOCOS REGION)";132283;1994;6230;12838;21390;29169;22569;15151;10563;6036;3249;2972;121;1
"Six Occupants";"....Ilocos Norte";14725;95;391;958;2601;3734;2468;1807;1256;710;376;329;0;0
"Six Occupants";"....Ilocos Sur";17359;506;1505;1989;2119;2960;2288;1927;1618;1077;622;748;0;0
"Six Occupants";"....La Union";19352;74;383;1598;3366;4716;3388;2329;1599;943;524;426;6;0
"Six Occupants";"....Pangasinan";80847;1319;3951;8293;13304;17759;14425;9088;6090;3306;1727;1469;115;1
"Six Occupants";"..REGION II (CAGAYAN VALLEY)";89161;1040;3910;9524;16911;21119;13520;9361;6394;3591;2022;1749;18;2
"Six Occupants";"....Batanes";375;15;23;16;46;103;63;28;44;16;14;6;1;0
"Six Occupants";"....Cagayan";31389;396;1704;4040;6357;7250;4128;2925;2058;1218;706;603;4;0
"Six Occupants";"....Isabela";40102;406;1529;3821;7312;9849;6441;4523;2952;1642;864;755;8;0
"Six Occupants";"....Nueva Vizcaya";12097;222;651;1554;1904;2311;1919;1237;984;562;380;370;1;2
"Six Occupants";"....Quirino";5198;1;3;93;1292;1606;969;648;356;153;58;15;4;0
"Six Occupants";"..REGION III (CENTRAL LUZON)";323551;4421;10761;29215;48483;72784;53776;36169;29814;16813;9542;11158;587;28
"Six Occupants";"....Aurora";5892;16;182;739;1250;1361;911;585;393;237;118;97;3;0
"Six Occupants";"....Bataan";21779;161;607;1981;3260;4342;4017;2559;2085;1291;730;731;15;0
"Six Occupants";"....Bulacan";94202;1262;2785;7496;13276;28234;15901;8934;6669;4066;2496;2742;320;21
"Six Occupants";"....Nueva Ecija";57505;797;2848;7882;11575;11235;7943;5579;4211;2526;1376;1505;28;0
"Six Occupants";"....Pampanga *";69519;1369;2441;4931;8057;11939;10983;9325;9545;4835;2639;3376;78;1
"Six Occupants";"....Tarlac";39934;386;1372;3532;5993;7922;7164;4988;3814;2188;1247;1230;96;2
"Six Occupants";"....Zambales *";15902;68;350;1699;3023;3832;3242;1724;1058;480;231;182;10;3
"Six Occupants";"....City of Angeles";12565;352;115;552;1011;2398;2265;1712;1564;875;522;1161;37;1
"Six Occupants";"....City of Olongapo";6253;10;61;403;1038;1521;1350;763;475;315;183;134;0;0
"Six Occupants";"..REGION IV-A (CALABARZON)";413999;4856;14220;37104;56202;112549;72330;43995;31495;18898;11370;10777;184;19
"Six Occupants";"....Batangas";72610;1518;3855;8623;10930;13768;11569;7873;6268;3817;2244;2132;10;3
"Six Occupants";"....Cavite";109123;694;1991;5890;12369;34463;20915;13134;9308;5199;2590;2437;118;15
"Six Occupants";"....Laguna";82939;813;2244;5530;9250;24594;14766;9628;6747;4046;2979;2331;11;0
"Six Occupants";"....Quezon *";49016;603;3323;9685;9801;9321;7059;3830;2651;1372;738;614;19;0
"Six Occupants";"....Rizal";92524;1201;2671;6856;12859;28183;16349;8658;5921;4085;2613;3102;25;1
"Six Occupants";"....City of Lucena";7787;27;136;520;993;2220;1672;872;600;379;206;161;1;0
"Six Occupants";"..MIMAROPA REGION";82387;4052;11465;20115;16265;12117;6883;4165;3122;1980;1149;1038;36;0
"Six Occupants";"....Marinduque";5670;343;766;1486;958;715;473;294;242;174;103;102;14;0
"Six Occupants";"....Occidental Mindoro";14041;392;1851;3608;3128;2088;1145;656;517;300;202;151;3;0
"Six Occupants";"....Oriental Mindoro";23237;471;2350;5849;5089;3883;2244;1345;858;574;291;282;1;0
"Six Occupants";"....Palawan *";24370;2320;5040;6345;4342;2923;1358;719;499;385;228;195;16;0
"Six Occupants";"....Romblon";7980;111;666;1750;1709;1459;884;519;416;207;127;131;1;0
"Six Occupants";"....City of Puerto Princesa";7089;415;792;1077;1039;1049;779;632;590;340;198;177;1;0
"Six Occupants";"..REGION V (BICOL REGION)";161384;4251;14970;30626;35253;31776;16727;10340;7586;4565;2694;2513;80;3
"Six Occupants";"....Albay";35983;1587;4053;5965;6706;6889;4067;2406;1943;1048;617;689;12;1
"Six Occupants";"....Camarines Norte";16869;55;676;3002;3906;3723;2093;1363;946;602;291;205;7;0
"Six Occupants";"....Camarines Sur";54479;1377;5197;9850;12269;10913;5678;3445;2397;1474;950;884;44;1
"Six Occupants";"....Catanduanes";7132;16;151;723;1433;1901;986;661;592;338;203;126;1;1
"Six Occupants";"....Masbate";24798;810;3513;7530;5610;3134;1478;1019;606;486;312;297;3;0
"Six Occupants";"....Sorsogon";22123;406;1380;3556;5329;5216;2425;1446;1102;617;321;312;13;0
"Six Occupants";"..REGION VI (WESTERN VISAYAS)";199948;3445;14724;39927;38040;31607;24863;16403;12423;7880;4823;5667;142;4
"Six Occupants";"....Aklan";14942;35;303;1905;3451;3446;2321;1258;933;552;385;347;6;0
"Six Occupants";"....Antique";15886;230;1435;3830;3473;2397;1681;963;819;504;258;286;10;0
"Six Occupants";"....Capiz";20400;323;1233;4265;4457;3395;2293;1564;1167;706;495;489;10;3
"Six Occupants";"....Guimaras";4555;64;514;1074;1024;824;396;231;195;116;78;38;1;0
"Six Occupants";"....Iloilo *";49706;862;3246;9057;9184;8202;6054;4259;3655;2213;1263;1635;76;0
"Six Occupants";"....Negros Occidental *";67067;1720;7223;17618;13311;8870;6316;4563;3029;2028;1098;1272;19;0
"Six Occupants";"....City of Bacolod";15885;179;526;1317;1897;2475;3452;2146;1489;979;587;834;4;0
"Six Occupants";"....City of Iloilo";11507;32;244;861;1243;1998;2350;1419;1136;782;659;766;16;1
"Six Occupants";"..REGION VII (CENTRAL VISAYAS)";206953;6786;22183;46970;37337;32440;22508;12815;10171;6535;4070;5023;108;7
"Six Occupants";"....Bohol";37166;1161;3721;8013;6999;5819;3624;2438;2020;1389;897;1029;53;3
"Six Occupants";"....Cebu *";85688;3430;10344;20524;14596;12248;9015;5235;4211;2651;1547;1858;27;2
"Six Occupants";"....Negros Oriental";36433;1369;5212;11186;6813;4239;2540;1593;1267;942;586;672;14;0
"Six Occupants";"....Siquijor";2471;6;22;111;290;697;769;225;158;82;67;44;0;0
"Six Occupants";"....City of Cebu";24213;454;1508;3912;4737;4795;3351;1698;1411;820;600;913;12;2
"Six Occupants";"....City of Lapu-Lapu (Opon)";12804;242;787;1896;2292;2846;2126;1075;687;393;204;256;0;0
"Six Occupants";"....City of Mandaue";8178;124;589;1328;1610;1796;1083;551;417;258;169;251;2;0
"Six Occupants";"..REGION VIII (EASTERN VISAYAS)";118057;2142;7729;20795;25009;23775;14268;9022;6451;4000;2497;2332;33;4
"Six Occupants";"....Biliran";4692;17;116;388;1042;1301;696;436;320;204;92;80;0;0
"Six Occupants";"....Eastern Samar";12395;41;245;1270;2451;3173;2111;1319;873;513;222;174;2;1
"Six Occupants";"....Leyte *";44348;727;3603;9313;9605;7387;4753;3057;2241;1527;1029;1096;9;1
"Six Occupants";"....Northern Samar";17242;1090;2480;3494;3571;3282;1342;772;495;294;250;168;4;0
"Six Occupants";"....Samar (Western Samar)";21442;24;248;3332;5414;5113;3037;1892;1238;627;314;188;15;0
"Six Occupants";"....Southern Leyte";11211;182;840;2212;2056;2007;1297;781;727;478;298;329;3;1
"Six Occupants";"....City of Tacloban";6727;61;197;786;870;1512;1032;765;557;357;292;297;0;1
"Six Occupants";"..REGION IX (ZAMBOANGA PENINSULA)";105652;1662;6911;19869;22562;19145;12945;8322;6404;3647;1987;2086;107;5
"Six Occupants";"....Zamboanga del Norte";28641;1022;4094;8625;5649;3598;1990;1338;952;610;371;382;10;0
"Six Occupants";"....Zamboanga del Sur *";27181;108;567;3324;8398;7148;3570;2038;1025;530;294;169;7;3
"Six Occupants";"....Zamboanga Sibugay";19779;124;1221;5686;5589;3575;1680;846;410;302;162;143;41;0
"Six Occupants";"....City of Isabela **";3854;22;44;426;786;711;566;435;346;227;132;148;11;0
"Six Occupants";"....City of Zamboanga";26197;386;985;1808;2140;4113;5139;3665;3671;1978;1028;1244;38;2
"Six Occupants";"..REGION X (NORTHERN MINDANAO)";127904;2493;10303;25358;25157;21424;15672;10007;7426;4708;2733;2585;37;1
"Six Occupants";"....Bukidnon";40962;1418;5680;10587;7624;4881;3404;2374;1894;1289;907;891;12;1
"Six Occupants";"....Camiguin";2399;21;98;295;334;414;359;248;268;165;82;115;0;0
"Six Occupants";"....Lanao del Norte *";18351;114;801;2752;3919;3521;2716;1741;1187;870;424;302;4;0
"Six Occupants";"....Misamis Occidental";15586;544;1805;3869;3089;2137;1373;925;719;502;305;307;11;0
"Six Occupants";"....Misamis Oriental *";23914;215;1058;4960;5962;5141;2846;1598;1068;567;292;203;4;0
"Six Occupants";"....City of Cagayan de Oro";17495;113;509;1862;2974;3714;3260;2063;1423;762;396;416;3;0
"Six Occupants";"....City of Iligan";9197;68;352;1033;1255;1616;1714;1058;867;553;327;351;3;0
"Six Occupants";"..REGION XI (DAVAO REGION)";131372;3013;11878;27990;24261;20257;15379;9895;8539;4668;2927;2488;74;3
"Six Occupants";"....Davao de Oro (Compostela Valley)";19350;498;2472;5748;4645;2730;1316;661;555;314;208;191;11;1
"Six Occupants";"....Davao del Norte";28932;514;1915;5834;5895;5174;3651;2287;1839;865;489;454;15;0
"Six Occupants";"....Davao del Sur *";15691;581;2238;4620;2897;1822;1212;710;644;407;277;279;3;1
"Six Occupants";"....Davao Occidental";8097;130;1170;3078;2036;1043;325;130;86;46;22;24;7;0
"Six Occupants";"....Davao Oriental";14847;225;1112;3446;3302;2208;1409;1041;961;611;308;213;11;0
"Six Occupants";"....City of Davao";44455;1065;2971;5264;5486;7280;7466;5066;4454;2425;1623;1327;27;1
"Six Occupants";"..REGION XII (SOCCSKSARGEN)";112269;1864;10111;27649;27703;19756;10816;6207;3961;2095;1159;919;17;12
"Six Occupants";"....Cotabato (North Cotabato)";32614;1224;5046;10062;7125;3934;1995;1224;873;494;328;292;7;10
"Six Occupants";"....Sarangani";15064;279;2129;5460;3537;1797;820;473;277;147;75;69;1;0
"Six Occupants";"....South Cotabato *";24393;150;1140;5419;7302;5266;2313;1192;821;400;231;156;2;1
"Six Occupants";"....Sultan Kudarat";22605;108;1086;4007;6338;5102;2895;1486;768;411;229;170;5;0
"Six Occupants";"....City of General Santos (Dadiangas)";17593;103;710;2701;3401;3657;2793;1832;1222;643;296;232;2;1
"Six Occupants";"..REGION XIII (CARAGA)";73555;1222;4633;13628;16837;14335;8645;5379;3761;2368;1407;1313;25;2
"Six Occupants";"....Agusan del Norte *";10130;386;1382;2659;1886;1219;718;551;483;335;215;290;6;0
"Six Occupants";"....Agusan del Sur";19639;55;534;4076;6177;4456;2234;934;549;329;183;107;3;2
"Six Occupants";"....Dinagat Islands";3245;197;395;806;662;555;212;118;87;87;60;64;2;0
"Six Occupants";"....Surigao del Norte";13858;325;1368;2781;2697;2321;1409;1087;778;482;312;296;2;0
"Six Occupants";"....Surigao del Sur";17161;61;349;1937;4156;4359;2764;1501;944;539;310;239;2;0
"Six Occupants";"....City of Butuan";9522;198;605;1369;1259;1425;1308;1188;920;596;327;317;10;0
"Six Occupants";"..BANGSAMORO AUTONOMOUS REGION IN MUSLIM MINDANAO (";216552;2501;8960;29307;47294;41402;33425;22606;13218;7608;3556;3162;3504;9
"Six Occupants";"....Basilan";19009;142;591;2234;4527;4687;3090;2188;979;335;101;68;66;1
"Six Occupants";"....Lanao del Sur";44674;555;1545;3539;6231;7608;7763;6629;4652;3085;1679;1287;93;8
"Six Occupants";"....Maguindanao";85281;900;3467;12574;20433;17347;13844;7855;4111;2338;1103;1188;121;0
"Six Occupants";"....Sulu";38826;444;2050;6866;9278;6253;4250;3033;1938;895;332;276;3211;0
"Six Occupants";"....Tawi-Tawi";22017;125;762;3448;6211;4688;2962;1629;1048;758;260;113;13;0
"Six Occupants";"....Eight (8) Area Clusters ***";6745;335;545;646;614;819;1516;1272;490;197;81;230;0;0
"Seven Occupants";"PHILIPPINES";1331322;22454;79278;198839;245237;275456;184523;115572;86431;52623;32224;34197;4428;60
"Seven Occupants";"..NATIONAL CAPITAL REGION (NCR)";154818;2531;7737;21850;32943;34560;18739;9849;7352;5742;4489;6236;2776;14
"Seven Occupants";"....City of Manila";20518;569;1690;3556;4472;4106;2359;1212;901;614;498;335;197;9
"Seven Occupants";"....City of Mandaluyong";4770;72;304;952;1104;926;532;220;150;89;69;120;232;0
"Seven Occupants";"....City of Marikina";6707;49;153;670;1718;1294;831;507;403;343;254;482;3;0
"Seven Occupants";"....City of Pasig";9736;107;313;1364;2261;2525;1171;575;349;270;235;399;167;0
"Seven Occupants";"....Quezon City";38374;690;2045;5039;7691;8986;4474;2177;1764;1389;1307;2242;570;0
"Seven Occupants";"....City of San Juan";1725;18;72;179;298;264;195;124;98;72;79;128;197;1
"Seven Occupants";"....City of Caloocan";18376;291;668;1873;3266;4515;3011;1867;1259;935;338;339;14;0
"Seven Occupants";"....City of Malabon";4283;51;164;828;1195;897;532;271;125;100;51;61;6;2
"Seven Occupants";"....City of Navotas";2444;131;298;621;406;426;230;174;71;42;25;17;3;0
"Seven Occupants";"....City of Valenzuela";6490;113;213;1010;1922;1405;717;302;265;276;124;141;2;0
"Seven Occupants";"....City of Las Piñas";7067;55;265;896;1426;1600;770;478;395;376;354;451;1;0
"Seven Occupants";"....City of Makati";6969;66;252;782;1222;1261;836;407;317;217;210;339;1059;1
"Seven Occupants";"....City of Muntinlupa";5112;29;165;594;1015;1409;548;275;193;196;285;297;105;1
"Seven Occupants";"....City of Parañaque";8995;158;505;1364;1825;1604;916;548;503;449;442;668;13;0
"Seven Occupants";"....Pasay City";4006;30;217;770;945;878;415;182;184;100;71;70;144;0
"Seven Occupants";"....City of Taguig";8376;99;396;1262;1969;2214;1071;472;332;241;129;130;61;0
"Seven Occupants";"....Pateros";870;3;17;90;208;250;131;58;43;33;18;17;2;0
"Seven Occupants";"..CORDILLERA ADMINISTRATIVE REGION (CAR)";23432;28;250;1355;3823;5137;4209;2930;2428;1404;946;921;1;0
"Seven Occupants";"....Abra";3234;5;17;86;431;832;614;475;365;216;95;98;0;0
"Seven Occupants";"....Apayao";1582;3;45;175;407;392;219;140;104;45;28;23;1;0
"Seven Occupants";"....Benguet *";6162;5;57;381;962;1251;1065;698;731;391;321;300;0;0
"Seven Occupants";"....Ifugao";3015;7;60;343;602;665;500;337;217;136;77;71;0;0
"Seven Occupants";"....Kalinga";3739;2;16;72;635;951;767;521;379;220;95;81;0;0
"Seven Occupants";"....Mountain Province";2486;4;41;206;556;562;451;285;197;100;49;35;0;0
"Seven Occupants";"....City of Baguio";3214;2;14;92;230;484;593;474;435;296;281;313;0;0
"Seven Occupants";"..REGION I (ILOCOS REGION)";60462;794;2665;5423;9137;13181;10683;7372;5147;2958;1608;1449;45;0
"Seven Occupants";"....Ilocos Norte";6661;30;156;406;1080;1695;1186;821;557;352;213;165;0;0
"Seven Occupants";"....Ilocos Sur";8353;183;647;896;942;1463;1190;1001;772;533;341;385;0;0
"Seven Occupants";"....La Union";8840;32;180;631;1441;2014;1625;1141;794;478;275;228;1;0
"Seven Occupants";"....Pangasinan";36608;549;1682;3490;5674;8009;6682;4409;3024;1595;779;671;44;0
"Seven Occupants";"..REGION II (CAGAYAN VALLEY)";40651;437;1651;3987;7238;9815;6441;4463;2920;1833;959;899;8;0
"Seven Occupants";"....Batanes";178;13;19;16;31;32;28;14;12;8;2;3;0;0
"Seven Occupants";"....Cagayan";15196;186;761;1748;2901;3654;2087;1518;980;690;326;342;3;0
"Seven Occupants";"....Isabela";17785;154;608;1547;3092;4366;2931;2105;1334;818;430;397;3;0
"Seven Occupants";"....Nueva Vizcaya";5150;84;262;639;785;1013;885;507;408;244;173;148;2;0
"Seven Occupants";"....Quirino";2342;0;1;37;429;750;510;319;186;73;28;9;0;0
"Seven Occupants";"..REGION III (CENTRAL LUZON)";143779;1894;4698;12551;20986;32233;24016;16548;13398;7712;4302;5173;258;10
"Seven Occupants";"....Aurora";3053;11;71;348;623;712;503;295;241;131;64;53;1;0
"Seven Occupants";"....Bataan";10183;98;276;919;1529;2074;1863;1215;885;613;366;339;6;0
"Seven Occupants";"....Bulacan";39645;508;1172;3167;5593;12108;6663;3667;2733;1743;1026;1110;151;4
"Seven Occupants";"....Nueva Ecija";25195;336;1237;3225;4796;4912;3569;2643;1965;1139;642;722;9;0
"Seven Occupants";"....Pampanga *";31892;592;1097;2302;3748;5428;5016;4267;4273;2263;1185;1694;27;0
"Seven Occupants";"....Tarlac";18856;169;660;1624;2705;3719;3359;2463;1843;1051;603;606;51;3
"Seven Occupants";"....Zambales *";7030;19;125;584;1201;1597;1495;919;566;293;116;111;2;2
"Seven Occupants";"....City of Angeles";5074;155;48;242;407;1000;877;682;646;326;217;463;11;0
"Seven Occupants";"....City of Olongapo";2851;6;12;140;384;683;671;397;246;153;83;75;0;1
"Seven Occupants";"..REGION IV-A (CALABARZON)";188386;2113;6365;17027;25993;50445;32727;19901;14569;8675;5243;5229;93;6
"Seven Occupants";"....Batangas";33999;696;1811;4191;5250;6377;5406;3496;2916;1790;1006;1054;6;0
"Seven Occupants";"....Cavite";48174;257;831;2521;5314;14891;9308;5965;4267;2388;1214;1142;70;6
"Seven Occupants";"....Laguna";34788;333;841;2264;3915;10088;6381;3964;2920;1731;1298;1051;2;0
"Seven Occupants";"....Quezon *";23906;288;1516;4726;5041;4507;3262;1901;1322;639;384;311;9;0
"Seven Occupants";"....Rizal";44041;531;1295;3090;6039;13602;7613;4155;2851;1981;1254;1624;6;0
"Seven Occupants";"....City of Lucena";3478;8;71;235;434;980;757;420;293;146;87;47;0;0
"Seven Occupants";"..MIMAROPA REGION";40092;1802;5206;9559;8273;6184;3465;2115;1477;939;561;500;11;0
"Seven Occupants";"....Marinduque";3182;180;452;812;558;421;260;167;126;105;49;51;1;0
"Seven Occupants";"....Occidental Mindoro";6378;190;744;1580;1502;1027;529;310;204;124;81;83;4;0
"Seven Occupants";"....Oriental Mindoro";12219;250;1113;2972;2742;2121;1251;666;503;289;159;152;1;0
"Seven Occupants";"....Palawan *";11729;995;2339;2945;2240;1440;676;450;238;195;122;86;3;0
"Seven Occupants";"....Romblon";3856;50;256;841;853;754;422;276;186;95;61;61;1;0
"Seven Occupants";"....City of Puerto Princesa";2728;137;302;409;378;421;327;246;220;131;89;67;1;0
"Seven Occupants";"..REGION V (BICOL REGION)";94237;2297;7924;16765;20918;19393;10227;6148;4724;2742;1620;1435;40;4
"Seven Occupants";"....Albay";20424;866;2142;3211;3899;4011;2345;1385;1172;616;389;382;4;2
"Seven Occupants";"....Camarines Norte";9173;25;279;1546;2062;2087;1258;759;523;347;152;133;2;0
"Seven Occupants";"....Camarines Sur";33313;741;2901;5578;7698;7127;3652;2083;1519;901;577;512;23;1
"Seven Occupants";"....Catanduanes";4384;10;92;401;866;1100;635;427;416;223;126;84;3;1
"Seven Occupants";"....Masbate";14282;449;1792;4138;3357;2006;894;631;406;285;165;155;4;0
"Seven Occupants";"....Sorsogon";12661;206;718;1891;3036;3062;1443;863;688;370;211;169;4;0
"Seven Occupants";"..REGION VI (WESTERN VISAYAS)";100044;1450;6859;18762;18710;16344;12982;8538;6629;4248;2607;2835;76;4
"Seven Occupants";"....Aklan";7678;18;111;792;1577;1826;1425;706;528;310;191;193;1;0
"Seven Occupants";"....Antique";8677;105;702;1941;2041;1367;926;546;460;260;158;165;6;0
"Seven Occupants";"....Capiz";9064;105;569;1814;1994;1531;1053;616;560;378;225;211;8;0
"Seven Occupants";"....Guimaras";2200;17;206;501;529;406;228;122;87;46;36;22;0;0
"Seven Occupants";"....Iloilo *";26067;377;1550;4412;4774;4482;3223;2297;2021;1306;719;869;35;2
"Seven Occupants";"....Negros Occidental *";32056;739;3346;8285;6288;4454;3073;2221;1518;1002;590;538;2;0
"Seven Occupants";"....City of Bacolod";7674;71;227;567;848;1189;1653;1149;745;499;320;402;4;0
"Seven Occupants";"....City of Iloilo";6628;18;148;450;659;1089;1401;881;710;447;368;435;20;2
"Seven Occupants";"..REGION VII (CENTRAL VISAYAS)";103590;3150;10629;23447;19067;16699;11332;6386;5078;3130;2141;2480;49;2
"Seven Occupants";"....Bohol";20521;545;1897;4313;3878;3386;2111;1379;1159;708;542;580;22;1
"Seven Occupants";"....Cebu *";42484;1641;5088;10301;7376;6302;4393;2442;2033;1197;781;917;13;0
"Seven Occupants";"....Negros Oriental";17869;589;2289;5437;3449;2260;1323;819;640;442;288;326;7;0
"Seven Occupants";"....Siquijor";1308;2;16;51;136;331;329;248;77;69;32;16;1;0
"Seven Occupants";"....City of Cebu";12589;207;760;2022;2590;2490;1794;805;708;442;326;440;4;1
"Seven Occupants";"....City of Lapu-Lapu (Opon)";5660;118;369;833;992;1234;936;480;312;174;108;104;0;0
"Seven Occupants";"....City of Mandaue";3159;48;210;490;646;696;446;213;149;98;64;97;2;0
"Seven Occupants";"..REGION VIII (EASTERN VISAYAS)";65607;1066;3898;10419;13210;13790;8705;5416;3778;2396;1498;1421;9;1
"Seven Occupants";"....Biliran";2519;3;48;180;423;702;483;267;190;119;58;46;0;0
"Seven Occupants";"....Eastern Samar";6676;22;93;488;1148;1757;1341;798;492;289;147;100;1;0
"Seven Occupants";"....Leyte *";23784;366;1716;4560;4994;4141;2817;1811;1265;844;564;705;1;0
"Seven Occupants";"....Northern Samar";10337;529;1341;1966;2134;2170;902;502;345;195;139;114;0;0
"Seven Occupants";"....Samar (Western Samar)";12097;15;125;1608;2889;2958;1832;1157;748;421;232;104;7;1
"Seven Occupants";"....Southern Leyte";6380;102;463;1176;1135;1181;765;479;402;320;184;173;0;0
"Seven Occupants";"....City of Tacloban";3814;29;112;441;487;881;565;402;336;208;174;179;0;0
"Seven Occupants";"..REGION IX (ZAMBOANGA PENINSULA)";50770;739;3060;8835;10075;9379;6947;4138;3468;1925;1067;1084;52;1
"Seven Occupants";"....Zamboanga del Norte";13923;478;1871;4194;2745;1784;955;614;496;340;195;242;9;0
"Seven Occupants";"....Zamboanga del Sur *";15131;47;310;1493;3847;4031;2709;1161;864;350;209;107;3;0
"Seven Occupants";"....Zamboanga Sibugay";8208;59;439;2196;2224;1585;755;376;237;158;85;84;10;0
"Seven Occupants";"....City of Isabela **";1857;5;21;196;367;334;291;230;180;105;63;62;3;0
"Seven Occupants";"....City of Zamboanga";11651;150;419;756;892;1645;2237;1757;1691;972;515;589;27;1
"Seven Occupants";"..REGION X (NORTHERN MINDANAO)";60588;1050;4706;11594;11576;10569;7429;4888;3668;2298;1398;1390;22;0
"Seven Occupants";"....Bukidnon";19848;599;2620;4999;3770;2492;1623;1177;928;674;460;493;13;0
"Seven Occupants";"....Camiguin";1315;17;58;132;162;229;198;165;145;86;55;68;0;0
"Seven Occupants";"....Lanao del Norte *";8221;38;360;1107;1667;1644;1275;848;568;376;193;144;1;0
"Seven Occupants";"....Misamis Occidental";7824;224;877;1823;1553;1124;702;463;415;268;175;198;2;0
"Seven Occupants";"....Misamis Oriental *";11859;86;471;2360;2705;2736;1478;821;572;308;171;148;3;0
"Seven Occupants";"....City of Cagayan de Oro";7126;48;169;681;1160;1519;1314;899;632;334;187;180;3;0
"Seven Occupants";"....City of Iligan";4395;38;151;492;559;825;839;515;408;252;157;159;0;0
"Seven Occupants";"..REGION XI (DAVAO REGION)";57850;1156;4999;12222;10923;9271;6812;4385;3777;2053;1249;976;25;2
"Seven Occupants";"....Davao de Oro (Compostela Valley)";9650;232;1136;2778;2419;1408;664;349;316;164;82;96;5;1
"Seven Occupants";"....Davao del Norte";13005;217;762;2463;2582;2400;1692;1076;885;438;297;188;5;0
"Seven Occupants";"....Davao del Sur *";5997;197;828;1626;1093;729;491;378;269;161;113;109;3;0
"Seven Occupants";"....Davao Occidental";4118;53;530;1462;1069;624;205;81;38;41;7;6;2;0
"Seven Occupants";"....Davao Oriental";7098;77;514;1648;1535;1126;712;502;451;293;140;95;5;0
"Seven Occupants";"....City of Davao";17982;380;1229;2245;2225;2984;3048;1999;1818;956;610;482;5;1
"Seven Occupants";"..REGION XII (SOCCSKSARGEN)";51830;772;4316;11692;12673;9622;5597;3095;1937;1066;578;464;9;9
"Seven Occupants";"....Cotabato (North Cotabato)";15928;562;2332;4731;3509;2026;1042;659;424;304;172;157;2;8
"Seven Occupants";"....Sarangani";6946;97;880;2372;1788;932;403;216;112;91;32;22;1;0
"Seven Occupants";"....South Cotabato *";10556;43;447;2044;3098;2454;1168;558;376;178;111;77;1;1
"Seven Occupants";"....Sultan Kudarat";10641;39;369;1511;2759;2564;1669;834;431;242;122;96;5;0
"Seven Occupants";"....City of General Santos (Dadiangas)";7759;31;288;1034;1519;1646;1315;828;594;251;141;112;0;0
"Seven Occupants";"..REGION XIII (CARAGA)";36872;526;2181;6127;7735;7607;4989;2930;2024;1228;765;744;16;0
"Seven Occupants";"....Agusan del Norte *";5126;152;655;1291;918;673;391;324;272;171;123;151;5;0
"Seven Occupants";"....Agusan del Sur";9884;31;217;1680;2851;2498;1365;557;332;184;103;62;4;0
"Seven Occupants";"....Dinagat Islands";1718;87;212;442;352;327;88;74;31;40;30;34;1;0
"Seven Occupants";"....Surigao del Norte";7060;136;631;1355;1340;1246;817;557;392;242;188;155;1;0
"Seven Occupants";"....Surigao del Sur";8583;29;178;768;1677;2219;1683;868;552;302;162;144;1;0
"Seven Occupants";"....City of Butuan";4501;91;288;591;597;644;645;550;445;289;159;198;4;0
"Seven Occupants";"..BANGSAMORO AUTONOMOUS REGION IN MUSLIM MINDANAO (";58314;649;2134;7224;11957;11227;9223;6470;4057;2274;1193;961;938;7
"Seven Occupants";"....Basilan";5874;39;197;541;1261;1540;990;685;376;124;61;37;22;1
"Seven Occupants";"....Lanao del Sur";11801;123;396;916;1576;2004;1889;1844;1312;889;441;359;48;4
"Seven Occupants";"....Maguindanao";22489;234;818;3099;5305;4499;3752;2141;1194;673;388;352;32;2
"Seven Occupants";"....Sulu";12199;138;453;1997;2703;2186;1495;979;756;399;191;67;835;0
"Seven Occupants";"....Tawi-Tawi";3189;11;65;442;883;677;442;225;206;117;76;44;1;0
"Seven Occupants";"....Eight (8) Area Clusters ***";2762;104;205;229;229;321;655;596;213;72;36;102;0;0
"Eight Occupants";"PHILIPPINES";712091;11341;40255;103185;129117;146039;101107;64759;47943;29202;17664;18926;2518;35
"Eight Occupants";"..NATIONAL CAPITAL REGION (NCR)";70720;1049;3442;9645;14735;15752;8574;4710;3471;2601;2135;3175;1421;10
"Eight Occupants";"....City of Manila";9760;214;821;1632;2121;2025;1066;586;454;319;243;171;103;5
"Eight Occupants";"....City of Mandaluyong";2177;33;146;414;518;424;255;101;59;39;33;49;106;0
"Eight Occupants";"....City of Marikina";3163;23;60;288;799;622;407;245;218;163;103;234;1;0
"Eight Occupants";"....City of Pasig";4164;36;148;587;953;1071;461;241;165;127;104;179;92;0
"Eight Occupants";"....Quezon City";18332;323;881;2403;3552;4309;2179;1104;798;673;638;1213;259;0
"Eight Occupants";"....City of San Juan";873;6;27;89;148;123;95;58;51;36;39;62;138;1
"Eight Occupants";"....City of Caloocan";8026;114;289;779;1420;1931;1317;877;597;371;168;160;3;0
"Eight Occupants";"....City of Malabon";1758;26;56;275;478;384;244;143;61;34;28;25;2;2
"Eight Occupants";"....City of Navotas";965;50;112;238;179;147;109;84;20;11;11;3;0;1
"Eight Occupants";"....City of Valenzuela";2433;34;78;335;655;553;297;136;106;91;57;89;2;0
"Eight Occupants";"....City of Las Piñas";3105;28;111;391;687;686;354;189;156;148;149;206;0;0
"Eight Occupants";"....City of Makati";3330;27;106;341;559;647;380;188;154;126;87;194;521;0
"Eight Occupants";"....City of Muntinlupa";2432;15;81;244;477;651;240;139;111;102;130;168;74;0
"Eight Occupants";"....City of Parañaque";4152;72;258;650;864;697;394;274;213;190;216;316;8;0
"Eight Occupants";"....Pasay City";2063;11;111;384;475;423;221;112;106;47;54;51;67;1
"Eight Occupants";"....City of Taguig";3571;37;151;536;751;943;507;202;175;110;67;47;45;0
"Eight Occupants";"....Pateros";416;0;6;59;99;116;48;31;27;14;8;8;0;0
"Eight Occupants";"..CORDILLERA ADMINISTRATIVE REGION (CAR)";13687;17;133;683;2113;3005;2636;1769;1383;856;557;534;1;0
"Eight Occupants";"....Abra";1983;4;6;25;264;503;413;284;203;146;67;68;0;0
"Eight Occupants";"....Apayao";981;6;20;111;228;273;134;84;52;30;25;18;0;0
"Eight Occupants";"....Benguet *";3204;2;34;161;438;645;611;406;367;217;167;156;0;0
"Eight Occupants";"....Ifugao";1834;1;34;184;354;394;346;207;130;90;51;42;1;0
"Eight Occupants";"....Kalinga";2496;0;4;53;389;602;541;371;273;151;61;51;0;0
"Eight Occupants";"....Mountain Province";1429;3;18;110;320;344;265;172;97;50;32;18;0;0
"Eight Occupants";"....City of Baguio";1760;1;17;39;120;244;326;245;261;172;154;181;0;0
"Eight Occupants";"..REGION I (ILOCOS REGION)";31483;389;1290;2542;4403;6506;5825;4135;2946;1631;926;865;25;0
"Eight Occupants";"....Ilocos Norte";3465;15;60;143;465;874;665;455;368;185;119;115;1;0
"Eight Occupants";"....Ilocos Sur";4551;110;353;453;570;719;632;540;451;303;183;237;0;0
"Eight Occupants";"....La Union";4814;9;80;314;682;1098;944;656;445;280;178;127;1;0
"Eight Occupants";"....Pangasinan";18653;255;797;1632;2686;3815;3584;2484;1682;863;446;386;23;0
"Eight Occupants";"..REGION II (CAGAYAN VALLEY)";21481;196;782;1979;3703;5114;3477;2488;1724;1024;489;503;2;0
"Eight Occupants";"....Batanes";79;7;7;6;9;18;9;7;8;1;5;2;0;0
"Eight Occupants";"....Cagayan";8450;95;363;878;1604;2012;1225;882;662;376;172;180;1;0
"Eight Occupants";"....Isabela";8771;60;271;732;1417;2156;1471;1107;705;431;220;200;1;0
"Eight Occupants";"....Nueva Vizcaya";2818;34;140;332;464;515;448;300;234;158;78;115;0;0
"Eight Occupants";"....Quirino";1363;0;1;31;209;413;324;192;115;58;14;6;0;0
"Eight Occupants";"..REGION III (CENTRAL LUZON)";69371;855;2189;5743;9570;15367;11721;8321;6769;3861;2200;2636;133;6
"Eight Occupants";"....Aurora";1562;5;25;168;285;365;260;185;137;60;41;29;2;0
"Eight Occupants";"....Bataan";5104;45;161;447;749;992;915;622;476;330;172;192;3;0
"Eight Occupants";"....Bulacan";18396;230;509;1396;2422;5666;3054;1767;1321;855;506;591;75;4
"Eight Occupants";"....Nueva Ecija";11887;130;550;1442;2221;2270;1721;1328;938;626;299;355;7;0
"Eight Occupants";"....Pampanga *";15412;288;515;1122;1678;2615;2443;2088;2157;1070;596;821;19;0
"Eight Occupants";"....Tarlac";9512;78;329;750;1232;1821;1795;1286;956;551;335;360;19;0
"Eight Occupants";"....Zambales *";3790;11;60;282;606;874;782;509;348;156;94;64;3;1
"Eight Occupants";"....City of Angeles";2130;66;23;84;180;435;356;299;271;136;97;177;5;1
"Eight Occupants";"....City of Olongapo";1578;2;17;52;197;329;395;237;165;77;60;47;0;0
"Eight Occupants";"..REGION IV-A (CALABARZON)";92309;1042;3044;8270;12469;24612;16221;9747;7341;4396;2576;2546;39;6
"Eight Occupants";"....Batangas";17229;380;926;2076;2620;3224;2698;1830;1535;943;506;485;3;3
"Eight Occupants";"....Cavite";23614;112;402;1197;2552;7202;4591;2900;2198;1215;602;614;26;3
"Eight Occupants";"....Laguna";15669;155;385;965;1693;4449;2858;1887;1365;826;578;504;4;0
"Eight Occupants";"....Quezon *";12233;157;732;2467;2459;2420;1768;920;643;331;179;153;4;0
"Eight Occupants";"....Rizal";21847;236;566;1466;2921;6822;3925;2022;1449;1014;673;751;2;0
"Eight Occupants";"....City of Lucena";1717;2;33;99;224;495;381;188;151;67;38;39;0;0
"Eight Occupants";"..MIMAROPA REGION";22705;1017;2886;5278;4699;3596;1998;1212;826;580;325;277;11;0
"Eight Occupants";"....Marinduque";1683;87;232;425;272;229;132;79;92;62;33;33;7;0
"Eight Occupants";"....Occidental Mindoro";3668;95;452;881;843;594;306;182;112;95;63;43;2;0
"Eight Occupants";"....Oriental Mindoro";6857;139;590;1650;1553;1226;689;419;260;179;73;79;0;0
"Eight Occupants";"....Palawan *";6881;603;1311;1669;1355;908;429;240;150;100;64;51;1;0
"Eight Occupants";"....Romblon";2174;21;155;437;465;421;260;182;103;64;39;26;1;0
"Eight Occupants";"....City of Puerto Princesa";1442;72;146;216;211;218;182;110;109;80;53;45;0;0
"Eight Occupants";"..REGION V (BICOL REGION)";55680;1227;4403;9340;12277;11953;6274;3964;2791;1643;946;832;29;1
"Eight Occupants";"....Albay";11959;448;1260;1829;2283;2364;1337;903;686;396;234;214;5;0
"Eight Occupants";"....Camarines Norte";5215;15;135;831;1080;1201;734;513;328;207;99;68;4;0
"Eight Occupants";"....Camarines Sur";20085;409;1531;3195;4495;4645;2356;1404;878;536;331;292;12;1
"Eight Occupants";"....Catanduanes";2648;3;38;216;477;770;415;240;252;130;61;43;3;0
"Eight Occupants";"....Masbate";8218;231;993;2206;1995;1209;565;385;257;156;116;103;2;0
"Eight Occupants";"....Sorsogon";7555;121;446;1063;1947;1764;867;519;390;218;105;112;3;0
"Eight Occupants";"..REGION VI (WESTERN VISAYAS)";54463;752;3457;9791;10079;8996;7222;4701;3757;2409;1514;1732;52;1
"Eight Occupants";"....Aklan";4249;6;62;408;773;1039;771;436;320;173;132;127;2;0
"Eight Occupants";"....Antique";4759;51;339;1006;1146;752;508;312;269;151;111;114;0;0
"Eight Occupants";"....Capiz";4701;54;287;886;996;778;589;365;303;195;131;114;3;0
"Eight Occupants";"....Guimaras";1216;11;85;260;290;244;145;80;46;30;10;15;0;0
"Eight Occupants";"....Iloilo *";14725;198;798;2315;2610;2582;1958;1273;1196;772;452;534;36;1
"Eight Occupants";"....Negros Occidental *";17139;382;1719;4379;3424;2348;1604;1240;812;584;316;329;2;0
"Eight Occupants";"....City of Bacolod";4002;45;112;281;472;601;885;551;403;251;171;229;1;0
"Eight Occupants";"....City of Iloilo";3672;5;55;256;368;652;762;444;408;253;191;270;8;0
"Eight Occupants";"..REGION VII (CENTRAL VISAYAS)";56830;1596;5382;12844;10485;9117;6319;3619;2905;1861;1216;1452;34;0
"Eight Occupants";"....Bohol";12065;285;1007;2485;2244;1945;1279;860;729;454;329;432;16;0
"Eight Occupants";"....Cebu *";23503;841;2616;5707;4193;3474;2419;1373;1172;764;439;496;9;0
"Eight Occupants";"....Negros Oriental";9802;270;1092;2946;1935;1293;757;480;385;260;174;205;5;0
"Eight Occupants";"....Siquijor";762;3;13;24;65;178;210;150;47;40;18;14;0;0
"Eight Occupants";"....City of Cebu";6280;122;360;1027;1209;1254;959;422;348;203;152;220;4;0
"Eight Occupants";"....City of Lapu-Lapu (Opon)";2699;51;174;398;504;572;432;231;148;87;55;47;0;0
"Eight Occupants";"....City of Mandaue";1719;24;120;257;335;401;263;103;76;53;49;38;0;0
"Eight Occupants";"..REGION VIII (EASTERN VISAYAS)";38190;591;2091;5669;7375;8105;5404;3418;2309;1458;911;844;14;1
"Eight Occupants";"....Biliran";1451;2;32;111;235;376;296;173;110;57;28;31;0;0
"Eight Occupants";"....Eastern Samar";3945;11;62;259;616;1009;836;535;288;169;85;73;2;0
"Eight Occupants";"....Leyte *";13168;175;806;2436;2643;2366;1574;1068;802;554;353;385;6;0
"Eight Occupants";"....Northern Samar";6626;330;850;1173;1333;1433;647;349;208;142;87;72;2;0
"Eight Occupants";"....Samar (Western Samar)";7193;8;54;852;1639;1768;1213;739;479;234;132;70;4;1
"Eight Occupants";"....Southern Leyte";3597;46;223;613;642;669;489;293;227;182;113;100;0;0
"Eight Occupants";"....City of Tacloban";2210;19;64;225;267;484;349;261;195;120;113;113;0;0
"Eight Occupants";"..REGION IX (ZAMBOANGA PENINSULA)";29312;375;1637;4766;5606;5392;4213;2701;2060;1273;625;636;26;2
"Eight Occupants";"....Zamboanga del Norte";7960;235;973;2280;1647;1110;585;384;310;191;123;118;4;0
"Eight Occupants";"....Zamboanga del Sur *";8962;23;160;776;1888;2241;1863;876;570;351;117;95;1;1
"Eight Occupants";"....Zamboanga Sibugay";4947;36;273;1216;1381;993;483;245;140;75;52;44;9;0
"Eight Occupants";"....City of Isabela **";1018;3;9;97;202;173;156;140;107;59;38;34;0;0
"Eight Occupants";"....City of Zamboanga";6425;78;222;397;488;875;1126;1056;933;597;295;345;12;1
"Eight Occupants";"..REGION X (NORTHERN MINDANAO)";33246;562;2437;6130;6253;5752;4231;2797;2115;1272;855;831;11;0
"Eight Occupants";"....Bukidnon";11052;347;1447;2674;2044;1411;931;684;523;382;287;317;5;0
"Eight Occupants";"....Camiguin";721;1;16;88;102;144;102;65;70;55;36;42;0;0
"Eight Occupants";"....Lanao del Norte *";4783;21;144;601;923;979;780;554;364;221;123;73;0;0
"Eight Occupants";"....Misamis Occidental";4320;116;451;1020;901;612;394;237;245;139;100;102;3;0
"Eight Occupants";"....Misamis Oriental *";6483;46;229;1199;1438;1471;898;478;345;177;113;87;2;0
"Eight Occupants";"....City of Cagayan de Oro";3587;17;85;337;564;710;696;481;335;158;104;100;0;0
"Eight Occupants";"....City of Iligan";2300;14;65;211;281;425;430;298;233;140;92;110;1;0
"Eight Occupants";"..REGION XI (DAVAO REGION)";28825;572;2433;5866;5404;4670;3483;2184;1826;1106;664;603;13;1
"Eight Occupants";"....Davao de Oro (Compostela Valley)";4827;110;546;1329;1167;754;379;170;143;96;67;64;2;0
"Eight Occupants";"....Davao del Norte";6821;100;393;1205;1294;1297;939;586;458;260;152;134;3;0
"Eight Occupants";"....Davao del Sur *";2858;82;379;744;542;350;249;170;131;106;51;51;2;1
"Eight Occupants";"....Davao Occidental";2028;38;240;660;530;332;120;43;28;15;10;9;3;0
"Eight Occupants";"....Davao Oriental";3992;47;273;900;833;611;409;287;289;190;83;68;2;0
"Eight Occupants";"....City of Davao";8299;195;602;1028;1038;1326;1387;928;777;439;301;277;1;0
"Eight Occupants";"..REGION XII (SOCCSKSARGEN)";26853;374;2038;5915;6334;4965;3083;1887;1067;589;309;284;5;3
"Eight Occupants";"....Cotabato (North Cotabato)";8304;253;1121;2504;1865;1069;606;351;222;127;87;96;1;2
"Eight Occupants";"....Sarangani";3734;56;435;1242;925;535;218;154;78;52;20;19;0;0
"Eight Occupants";"....South Cotabato *";5423;19;201;985;1527;1262;679;337;200;102;55;55;1;0
"Eight Occupants";"....Sultan Kudarat";5479;21;158;703;1343;1286;917;520;259;152;73;45;2;0
"Eight Occupants";"....City of General Santos (Dadiangas)";3913;25;123;481;674;813;663;525;308;156;74;69;1;1
"Eight Occupants";"..REGION XIII (CARAGA)";21846;312;1190;3450;4470;4413;3138;1887;1309;757;462;451;6;1
"Eight Occupants";"....Agusan del Norte *";2980;86;362;746;552;398;235;169;166;88;75;101;2;0
"Eight Occupants";"....Agusan del Sur";5994;14;123;1006;1688;1469;851;380;214;131;76;40;1;1
"Eight Occupants";"....Dinagat Islands";1117;64;146;264;223;208;67;43;32;21;25;23;1;0
"Eight Occupants";"....Surigao del Norte";3990;80;298;702;731;698;499;355;257;159;99;112;0;0
"Eight Occupants";"....Surigao del Sur";5070;19;88;424;902;1253;1074;608;365;178;86;73;0;0
"Eight Occupants";"....City of Butuan";2695;49;173;308;374;387;412;332;275;180;101;102;2;0
"Eight Occupants";"..BANGSAMORO AUTONOMOUS REGION IN MUSLIM MINDANAO (";45090;415;1421;5274;9142;8724;7288;5219;3344;1885;954;725;696;3
"Eight Occupants";"....Basilan";4445;25;131;392;977;1171;800;518;268;96;37;24;6;0
"Eight Occupants";"....Lanao del Sur";9260;108;302;690;1150;1468;1546;1454;1092;735;403;287;23;2
"Eight Occupants";"....Maguindanao";16730;140;514;2313;3948;3287;2756;1760;946;496;283;257;29;1
"Eight Occupants";"....Sulu";10057;84;326;1387;2132;1893;1333;898;711;407;167;82;637;0
"Eight Occupants";"....Tawi-Tawi";3106;8;62;379;803;730;483;236;200;122;50;32;1;0
"Eight Occupants";"....Eight (8) Area Clusters ***";1492;50;86;113;132;175;370;353;127;29;14;43;0;0
"Nine Occupants";"PHILIPPINES";385728;5856;20370;53654;68080;78731;56002;36340;27457;16705;10092;10872;1556;13
"Nine Occupants";"..NATIONAL CAPITAL REGION (NCR)";35149;529;1557;4609;7114;7910;4421;2262;1725;1379;1090;1747;802;4
"Nine Occupants";"....City of Manila";5067;104;366;809;1086;1084;607;346;246;163;140;83;30;3
"Nine Occupants";"....City of Mandaluyong";1101;17;67;197;251;257;100;47;32;30;21;35;47;0
"Nine Occupants";"....City of Marikina";1619;9;31;132;433;297;212;122;108;79;59;137;0;0
"Nine Occupants";"....City of Pasig";1997;19;63;260;450;532;213;112;85;54;51;107;51;0
"Nine Occupants";"....Quezon City";9382;170;414;1162;1763;2219;1154;528;402;385;315;673;196;1
"Nine Occupants";"....City of San Juan";442;4;14;41;76;71;44;21;22;14;21;29;85;0
"Nine Occupants";"....City of Caloocan";3882;57;107;345;646;925;718;409;277;202;92;103;1;0
"Nine Occupants";"....City of Malabon";837;18;23;122;231;195;103;69;28;24;9;14;1;0
"Nine Occupants";"....City of Navotas";406;18;47;108;77;54;46;31;9;11;2;3;0;0
"Nine Occupants";"....City of Valenzuela";1093;15;47;157;248;271;130;60;56;34;32;43;0;0
"Nine Occupants";"....City of Las Piñas";1394;14;61;183;308;289;162;80;74;66;70;87;0;0
"Nine Occupants";"....City of Makati";1633;18;35;184;257;300;194;91;80;60;44;100;270;0
"Nine Occupants";"....City of Muntinlupa";1264;3;41;106;225;322;115;59;54;58;87;131;63;0
"Nine Occupants";"....City of Parañaque";2079;42;116;336;422;351;212;139;109;102;92;157;1;0
"Nine Occupants";"....Pasay City";968;6;49;165;223;205;120;44;44;31;23;19;39;0
"Nine Occupants";"....City of Taguig";1772;14;73;274;361;480;264;89;90;57;29;23;18;0
"Nine Occupants";"....Pateros";213;1;3;28;57;58;27;15;9;9;3;3;0;0
"Nine Occupants";"..CORDILLERA ADMINISTRATIVE REGION (CAR)";7763;10;67;397;1103;1675;1463;1014;866;496;342;328;1;1
"Nine Occupants";"....Abra";1152;1;6;30;131;282;243;162;128;81;44;44;0;0
"Nine Occupants";"....Apayao";552;0;10;55;119;165;87;44;27;19;20;5;1;0
"Nine Occupants";"....Benguet *";1779;4;10;101;217;355;316;203;249;125;101;97;0;1
"Nine Occupants";"....Ifugao";1053;2;18;106;191;211;178;148;85;53;28;33;0;0
"Nine Occupants";"....Kalinga";1514;2;2;30;201;353;341;234;171;97;49;34;0;0
"Nine Occupants";"....Mountain Province";883;0;17;59;191;199;166;103;68;39;23;18;0;0
"Nine Occupants";"....City of Baguio";830;1;4;16;53;110;132;120;138;82;77;97;0;0
"Nine Occupants";"..REGION I (ILOCOS REGION)";16890;196;670;1296;2128;3425;3195;2315;1648;939;557;509;12;0
"Nine Occupants";"....Ilocos Norte";1803;3;22;68;220;421;389;260;172;108;83;57;0;0
"Nine Occupants";"....Ilocos Sur";2538;50;194;245;262;412;363;306;254;177;132;143;0;0
"Nine Occupants";"....La Union";2563;5;47;162;333;575;490;358;269;151;97;76;0;0
"Nine Occupants";"....Pangasinan";9986;138;407;821;1313;2017;1953;1391;953;503;245;233;12;0
"Nine Occupants";"..REGION II (CAGAYAN VALLEY)";11224;81;349;965;1738;2696;1918;1346;944;573;316;296;2;0
"Nine Occupants";"....Batanes";37;0;3;7;5;4;4;3;5;1;3;2;0;0
"Nine Occupants";"....Cagayan";4560;43;177;442;790;1112;687;499;348;220;118;124;0;0
"Nine Occupants";"....Isabela";4506;28;106;333;632;1108;797;583;411;250;144;112;2;0
"Nine Occupants";"....Nueva Vizcaya";1442;10;62;173;219;286;248;160;111;78;40;55;0;0
"Nine Occupants";"....Quirino";679;0;1;10;92;186;182;101;69;24;11;3;0;0
"Nine Occupants";"..REGION III (CENTRAL LUZON)";35581;433;1069;2895;4846;7850;6020;4246;3585;1991;1134;1428;81;3
"Nine Occupants";"....Aurora";805;2;21;85;148;180;127;89;77;43;11;22;0;0
"Nine Occupants";"....Bataan";2604;16;63;186;406;499;499;319;273;143;91;108;1;0
"Nine Occupants";"....Bulacan";9152;100;252;692;1216;2877;1562;823;643;399;236;305;45;2
"Nine Occupants";"....Nueva Ecija";5967;69;267;722;1037;1147;866;665;535;299;194;163;3;0
"Nine Occupants";"....Pampanga *";7891;157;271;549;899;1391;1222;1054;1050;531;296;460;11;0
"Nine Occupants";"....Tarlac";5186;53;154;433;681;935;946;701;551;330;180;205;16;1
"Nine Occupants";"....Zambales *";1995;3;29;162;273;446;423;287;194;102;38;36;2;0
"Nine Occupants";"....City of Angeles";1073;33;8;38;83;197;176;143;150;87;50;105;3;0
"Nine Occupants";"....City of Olongapo";908;0;4;28;103;178;199;165;112;57;38;24;0;0
"Nine Occupants";"..REGION IV-A (CALABARZON)";46990;523;1450;4139;6250;12338;8360;5004;3864;2301;1412;1322;25;2
"Nine Occupants";"....Batangas";9240;196;449;1121;1451;1668;1472;971;805;514;320;270;1;2
"Nine Occupants";"....Cavite";12017;57;186;568;1244;3563;2355;1523;1171;680;345;309;16;0
"Nine Occupants";"....Laguna";7615;61;173;479;862;2128;1366;897;706;387;306;250;0;0
"Nine Occupants";"....Quezon *";6136;76;334;1196;1217;1195;923;514;333;178;88;79;3;0
"Nine Occupants";"....Rizal";11138;133;291;724;1384;3539;2028;1009;780;503;335;407;5;0
"Nine Occupants";"....City of Lucena";844;0;17;51;92;245;216;90;69;39;18;7;0;0
"Nine Occupants";"..MIMAROPA REGION";11525;485;1331;2668;2374;1829;1085;650;466;288;179;163;7;0
"Nine Occupants";"....Marinduque";853;47;111;194;132;116;82;63;39;28;21;19;1;0
"Nine Occupants";"....Occidental Mindoro";1875;54;210;490;415;307;155;73;57;50;35;28;1;0
"Nine Occupants";"....Oriental Mindoro";3659;66;280;835;815;685;403;250;150;88;53;34;0;0
"Nine Occupants";"....Palawan *";3328;274;604;843;666;420;204;120;82;49;28;35;3;0
"Nine Occupants";"....Romblon";1136;10;63;213;258;214;167;71;68;31;19;22;0;0
"Nine Occupants";"....City of Puerto Princesa";674;34;63;93;88;87;74;73;70;42;23;25;2;0
"Nine Occupants";"..REGION V (BICOL REGION)";31969;698;2407;5067;6892;6967;3739;2323;1674;1034;585;575;8;0
"Nine Occupants";"....Albay";6538;236;705;945;1217;1308;766;452;395;227;138;148;1;0
"Nine Occupants";"....Camarines Norte";2942;3;74;414;605;703;428;292;192;117;72;42;0;0
"Nine Occupants";"....Camarines Sur";12104;267;877;1829;2691;2787;1445;860;567;351;211;213;6;0
"Nine Occupants";"....Catanduanes";1573;2;25;119;279;429;227;175;147;96;42;32;0;0
"Nine Occupants";"....Masbate";4616;134;516;1231;1098;693;356;210;143;98;69;67;1;0
"Nine Occupants";"....Sorsogon";4196;56;210;529;1002;1047;517;334;230;145;53;73;0;0
"Nine Occupants";"..REGION VI (WESTERN VISAYAS)";29349;398;1659;4962;5370;4957;3942;2645;2137;1423;838;985;31;2
"Nine Occupants";"....Aklan";2408;6;33;192;431;583;451;251;199;114;70;77;1;0
"Nine Occupants";"....Antique";2624;30;184;536;592;465;267;171;159;84;68;67;1;0
"Nine Occupants";"....Capiz";2500;31;143;450;572;383;315;201;155;111;65;73;1;0
"Nine Occupants";"....Guimaras";634;6;44;136;146;116;71;46;30;27;3;9;0;0
"Nine Occupants";"....Iloilo *";7816;104;363;1146;1384;1387;1001;725;669;471;255;290;20;1
"Nine Occupants";"....Negros Occidental *";8965;189;817;2227;1810;1313;851;624;456;309;179;187;3;0
"Nine Occupants";"....City of Bacolod";2335;29;42;149;252;355;545;357;226;164;96;119;1;0
"Nine Occupants";"....City of Iloilo";2067;3;33;126;183;355;441;270;243;143;102;163;4;1
"Nine Occupants";"..REGION VII (CENTRAL VISAYAS)";31166;815;2903;6890;5759;4994;3542;2045;1691;1023;713;785;6;0
"Nine Occupants";"....Bohol";6899;165;514;1336;1298;1161;742;513;433;297;192;246;2;0
"Nine Occupants";"....Cebu *";12918;418;1457;3077;2285;1928;1394;750;668;412;279;249;1;0
"Nine Occupants";"....Negros Oriental";5249;137;616;1538;1045;664;422;261;207;134;116;108;1;0
"Nine Occupants";"....Siquijor";393;0;9;16;35;96;90;78;40;11;7;11;0;0
"Nine Occupants";"....City of Cebu";3371;62;163;573;625;677;525;239;211;94;83;117;2;0
"Nine Occupants";"....City of Lapu-Lapu (Opon)";1470;25;93;219;269;277;264;143;84;42;26;28;0;0
"Nine Occupants";"....City of Mandaue";866;8;51;131;202;191;105;61;48;33;10;26;0;0
"Nine Occupants";"..REGION VIII (EASTERN VISAYAS)";21094;296;1109;3040;3914;4519;3040;1970;1335;829;508;528;6;0
"Nine Occupants";"....Biliran";774;2;25;43;97;194;174;99;76;34;19;11;0;0
"Nine Occupants";"....Eastern Samar";2177;3;29;149;342;553;464;262;166;99;48;60;2;0
"Nine Occupants";"....Leyte *";6909;83;405;1227;1349;1253;892;595;405;275;193;232;0;0
"Nine Occupants";"....Northern Samar";3848;174;465;710;764;825;384;189;142;94;49;51;1;0
"Nine Occupants";"....Samar (Western Samar)";4149;3;30;476;877;991;669;508;305;160;79;48;3;0
"Nine Occupants";"....Southern Leyte";1987;20;121;319;345;394;267;177;139;92;49;64;0;0
"Nine Occupants";"....City of Tacloban";1250;11;34;116;140;309;190;140;102;75;71;62;0;0
"Nine Occupants";"..REGION IX (ZAMBOANGA PENINSULA)";16884;208;878;2607;3098;3071;2577;1586;1234;769;413;424;19;0
"Nine Occupants";"....Zamboanga del Norte";4390;136;545;1238;897;620;348;192;165;108;61;79;1;0
"Nine Occupants";"....Zamboanga del Sur *";5205;15;76;398;981;1266;1126;569;367;222;131;53;1;0
"Nine Occupants";"....Zamboanga Sibugay";2941;17;125;673;822;608;322;159;73;67;23;42;10;0
"Nine Occupants";"....City of Isabela **";695;1;4;50;126;110;124;111;82;42;27;18;0;0
"Nine Occupants";"....City of Zamboanga";3653;39;128;248;272;467;657;555;547;330;171;232;7;0
"Nine Occupants";"..REGION X (NORTHERN MINDANAO)";18044;276;1168;3237;3259;2981;2446;1630;1271;795;486;491;4;0
"Nine Occupants";"....Bukidnon";5835;158;663;1484;1064;694;522;369;325;226;150;177;3;0
"Nine Occupants";"....Camiguin";374;4;10;42;40;59;62;54;42;26;10;25;0;0
"Nine Occupants";"....Lanao del Norte *";3059;10;76;323;607;565;534;378;260;179;78;49;0;0
"Nine Occupants";"....Misamis Occidental";2337;67;197;536;462;349;238;148;126;80;66;68;0;0
"Nine Occupants";"....Misamis Oriental *";3390;22;137;588;687;758;497;287;199;109;59;46;1;0
"Nine Occupants";"....City of Cagayan de Oro";1801;10;56;160;237;332;361;239;177;100;61;68;0;0
"Nine Occupants";"....City of Iligan";1248;5;29;104;162;224;232;155;142;75;62;58;0;0
"Nine Occupants";"..REGION XI (DAVAO REGION)";14589;293;1138;2921;2766;2418;1744;1114;963;552;355;319;6;0
"Nine Occupants";"....Davao de Oro (Compostela Valley)";2629;62;280;696;633;435;195;100;90;51;44;43;0;0
"Nine Occupants";"....Davao del Norte";3475;46;171;600;650;654;502;314;241;142;86;67;2;0
"Nine Occupants";"....Davao del Sur *";1358;43;162;340;248;196;133;74;57;43;31;31;0;0
"Nine Occupants";"....Davao Occidental";1022;13;119;308;287;171;67;26;15;7;3;5;1;0
"Nine Occupants";"....Davao Oriental";1980;20;108;435;419;318;220;157;139;81;38;44;1;0
"Nine Occupants";"....City of Davao";4125;109;298;542;529;644;627;443;421;228;153;129;2;0
"Nine Occupants";"..REGION XII (SOCCSKSARGEN)";14555;183;1063;2956;3362;2776;1787;1087;633;355;181;170;1;1
"Nine Occupants";"....Cotabato (North Cotabato)";4695;138;648;1274;1061;681;359;209;127;85;52;60;0;1
"Nine Occupants";"....Sarangani";1949;23;206;595;527;315;127;76;38;22;7;12;1;0
"Nine Occupants";"....South Cotabato *";2762;8;83;493;760;656;364;165;123;61;28;21;0;0
"Nine Occupants";"....Sultan Kudarat";3048;6;62;333;668;719;561;348;177;85;50;39;0;0
"Nine Occupants";"....City of General Santos (Dadiangas)";2101;8;64;261;346;405;376;289;168;102;44;38;0;0
"Nine Occupants";"..REGION XIII (CARAGA)";11531;163;611;1710;2298;2328;1656;1061;729;452;249;270;4;0
"Nine Occupants";"....Agusan del Norte *";1610;41;196;358;288;227;136;106;85;65;49;57;2;0
"Nine Occupants";"....Agusan del Sur";3059;1;65;435;836;788;494;200;104;67;45;23;1;0
"Nine Occupants";"....Dinagat Islands";627;40;77;150;131;106;46;25;15;20;9;8;0;0
"Nine Occupants";"....Surigao del Norte";2145;45;163;371;406;362;254;181;144;97;57;65;0;0
"Nine Occupants";"....Surigao del Sur";2651;11;40;206;441;642;547;345;220;93;51;55;0;0
"Nine Occupants";"....City of Butuan";1439;25;70;190;196;203;179;204;161;110;38;62;1;0
"Nine Occupants";"..BANGSAMORO AUTONOMOUS REGION IN MUSLIM MINDANAO (";31425;269;941;3295;5809;5997;5067;4042;2692;1506;734;532;541;0
"Nine Occupants";"....Basilan";2925;20;79;282;576;743;553;329;215;72;24;21;11;0
"Nine Occupants";"....Lanao del Sur";6568;59;197;424;750;1006;1109;1101;847;530;319;216;10;0
"Nine Occupants";"....Maguindanao";11226;101;315;1301;2304;2142;1882;1525;856;408;188;176;28;0
"Nine Occupants";"....Sulu";7022;49;234;849;1404;1365;915;636;522;350;142;67;489;0
"Nine Occupants";"....Tawi-Tawi";2698;12;55;361;697;638;384;191;170;111;51;25;3;0
"Nine Occupants";"....Eight (8) Area Clusters ***";986;28;61;78;78;103;224;260;82;35;10;27;0;0
"Ten Occupants or More";"PHILIPPINES";463431;5456;19984;54100;75679;90596;69959;50056;38745;24661;14879;16062;3233;21
"Ten Occupants or More";"..NATIONAL CAPITAL REGION (NCR)";42295;434;1632;4898;7942;9233;5422;2960;2177;1732;1435;2505;1919;6
"Ten Occupants or More";"....City of Manila";6366;88;373;988;1333;1329;813;467;329;237;204;140;61;4
"Ten Occupants or More";"....City of Mandaluyong";1300;15;66;236;303;245;133;62;46;29;25;58;82;0
"Ten Occupants or More";"....City of Marikina";1969;15;31;146;520;439;230;163;123;91;64;147;0;0
"Ten Occupants or More";"....City of Pasig";2122;12;52;251;481;524;251;133;95;64;51;105;103;0
"Ten Occupants or More";"....Quezon City";12402;154;495;1292;2128;2893;1605;729;588;528;448;1089;453;0
"Ten Occupants or More";"....City of San Juan";499;6;19;27;68;78;53;36;23;22;17;52;97;1
"Ten Occupants or More";"....City of Caloocan";4061;53;113;317;618;953;705;496;330;252;100;122;2;0
"Ten Occupants or More";"....City of Malabon";755;5;29;84;181;155;121;88;33;26;19;11;2;1
"Ten Occupants or More";"....City of Navotas";337;15;35;74;59;48;39;40;8;7;7;3;2;0
"Ten Occupants or More";"....City of Valenzuela";959;5;37;134;230;209;124;59;50;35;33;43;0;0
"Ten Occupants or More";"....City of Las Piñas";1463;6;36;196;338;297;166;100;80;63;84;97;0;0
"Ten Occupants or More";"....City of Makati";2688;10;52;163;319;395;285;136;101;81;73;147;926;0
"Ten Occupants or More";"....City of Muntinlupa";1559;7;36;107;186;325;149;86;92;74;154;258;85;0
"Ten Occupants or More";"....City of Parañaque";2326;26;136;412;464;435;262;129;103;101;83;173;2;0
"Ten Occupants or More";"....Pasay City";1177;3;45;202;267;248;133;58;63;47;30;22;59;0
"Ten Occupants or More";"....City of Taguig";2070;14;74;249;394;587;315;152;97;66;42;35;45;0
"Ten Occupants or More";"....Pateros";242;0;3;20;53;73;38;26;16;9;1;3;0;0
"Ten Occupants or More";"..CORDILLERA ADMINISTRATIVE REGION (CAR)";9058;8;48;346;1051;1710;1704;1377;1130;738;453;493;0;0
"Ten Occupants or More";"....Abra";1345;0;3;23;131;235;270;220;196;145;57;65;0;0
"Ten Occupants or More";"....Apayao";576;1;4;46;94;166;96;73;49;21;13;13;0;0
"Ten Occupants or More";"....Benguet *";2147;3;7;73;192;386;388;294;302;205;129;168;0;0
"Ten Occupants or More";"....Ifugao";1235;3;22;93;222;243;207;165;113;77;34;56;0;0
"Ten Occupants or More";"....Kalinga";1986;1;3;34;225;384;421;379;254;145;82;58;0;0
"Ten Occupants or More";"....Mountain Province";941;0;6;51;150;210;202;132;81;62;33;14;0;0
"Ten Occupants or More";"....City of Baguio";828;0;3;26;37;86;120;114;135;83;105;119;0;0
"Ten Occupants or More";"..REGION I (ILOCOS REGION)";18574;139;638;1230;2065;3384;3309;2816;2065;1362;797;759;10;0
"Ten Occupants or More";"....Ilocos Norte";1953;2;22;70;192;410;348;316;225;173;100;95;0;0
"Ten Occupants or More";"....Ilocos Sur";2842;38;191;268;266;417;409;347;293;239;162;210;2;0
"Ten Occupants or More";"....La Union";2990;6;44;145;356;588;542;455;381;225;129;119;0;0
"Ten Occupants or More";"....Pangasinan";10789;93;381;747;1251;1969;2010;1698;1166;725;406;335;8;0
"Ten Occupants or More";"..REGION II (CAGAYAN VALLEY)";12707;67;355;851;1753;2825;2206;1636;1191;878;471;472;2;0
"Ten Occupants or More";"....Batanes";41;1;4;2;3;11;5;6;6;0;1;2;0;0
"Ten Occupants or More";"....Cagayan";5387;30;198;437;810;1264;828;609;458;347;192;214;0;0
"Ten Occupants or More";"....Isabela";5036;20;100;264;651;1091;920;738;518;372;198;162;2;0
"Ten Occupants or More";"....Nueva Vizcaya";1463;16;53;139;203;276;249;156;124;101;60;86;0;0
"Ten Occupants or More";"....Quirino";780;0;0;9;86;183;204;127;85;58;20;8;0;0
"Ten Occupants or More";"..REGION III (CENTRAL LUZON)";39034;440;929;2508;4806;8119;6655;5069;4389;2608;1539;1903;62;7
"Ten Occupants or More";"....Aurora";878;3;12;59;162;194;147;116;80;49;34;22;0;0
"Ten Occupants or More";"....Bataan";2758;8;34;175;349;504;515;377;324;224;109;137;2;0
"Ten Occupants or More";"....Bulacan";9447;97;215;582;1136;2846;1628;941;775;498;323;376;30;0
"Ten Occupants or More";"....Nueva Ecija";6380;58;225;625;1011;1190;1005;789;587;404;213;269;4;0
"Ten Occupants or More";"....Pampanga *";9505;177;248;540;1032;1632;1452;1300;1324;734;430;622;13;1
"Ten Occupants or More";"....Tarlac";5762;49;156;349;697;999;1080;841;680;375;233;290;13;0
"Ten Occupants or More";"....Zambales *";1996;0;25;120;256;353;408;326;266;130;73;33;0;6
"Ten Occupants or More";"....City of Angeles";1225;47;6;29;92;209;191;171;202;95;69;114;0;0
"Ten Occupants or More";"....City of Olongapo";1083;1;8;29;71;192;229;208;151;99;55;40;0;0
"Ten Occupants or More";"..REGION IV-A (CALABARZON)";51668;524;1457;4096;6346;12806;9204;6000;4820;2863;1713;1810;27;2
"Ten Occupants or More";"....Batangas";10738;206;498;1259;1581;1854;1727;1191;968;663;391;398;1;1
"Ten Occupants or More";"....Cavite";13203;59;198;516;1231;3636;2514;1865;1509;813;415;430;16;1
"Ten Occupants or More";"....Laguna";8306;66;178;446;844;2228;1524;986;885;533;320;295;1;0
"Ten Occupants or More";"....Quezon *";6059;49;266;1058;1153;1135;959;601;422;189;122;102;3;0
"Ten Occupants or More";"....Rizal";12441;142;304;764;1439;3697;2281;1252;930;624;440;562;6;0
"Ten Occupants or More";"....City of Lucena";921;2;13;53;98;256;199;105;106;41;25;23;0;0
"Ten Occupants or More";"..MIMAROPA REGION";11285;377;1145;2366;2307;1882;1156;722;548;344;212;217;9;0
"Ten Occupants or More";"....Marinduque";858;29;84;211;134;127;85;54;48;29;25;26;6;0
"Ten Occupants or More";"....Occidental Mindoro";1576;42;145;360;373;273;138;96;51;42;29;27;0;0
"Ten Occupants or More";"....Oriental Mindoro";3983;59;282;787;871;734;487;278;229;127;63;65;1;0
"Ten Occupants or More";"....Palawan *";3218;207;537;756;636;473;241;142;87;62;43;34;0;0
"Ten Occupants or More";"....Romblon";954;11;56;164;188;171;126;85;74;31;19;27;2;0
"Ten Occupants or More";"....City of Puerto Princesa";696;29;41;88;105;104;79;67;59;53;33;38;0;0
"Ten Occupants or More";"..REGION V (BICOL REGION)";37285;652;2364;5179;7546;8160;4767;3206;2381;1409;829;769;20;3
"Ten Occupants or More";"....Albay";7498;233;649;1024;1373;1468;962;657;512;284;160;170;5;1
"Ten Occupants or More";"....Camarines Norte";3303;10;71;342;581;762;554;361;284;186;72;80;0;0
"Ten Occupants or More";"....Camarines Sur";15156;244;935;1982;3123;3497;1976;1273;918;537;358;305;8;0
"Ten Occupants or More";"....Catanduanes";1705;1;14;111;253;468;268;204;190;101;55;38;1;1
"Ten Occupants or More";"....Masbate";4891;104;477;1162;1188;772;406;301;154;136;98;89;3;1
"Ten Occupants or More";"....Sorsogon";4732;60;218;558;1028;1193;601;410;323;165;86;87;3;0
"Ten Occupants or More";"..REGION VI (WESTERN VISAYAS)";30979;319;1555;4513;5095;5009;4580;3159;2581;1678;1110;1340;40;0
"Ten Occupants or More";"....Aklan";2577;2;23;149;340;553;574;348;262;145;89;92;0;0
"Ten Occupants or More";"....Antique";2708;26;140;477;599;441;317;213;196;127;73;96;3;0
"Ten Occupants or More";"....Capiz";2555;24;106;393;548;426;340;221;198;116;99;82;2;0
"Ten Occupants or More";"....Guimaras";645;3;35;141;146;118;71;44;32;23;21;10;1;0
"Ten Occupants or More";"....Iloilo *";8234;100;376;1048;1244;1413;1165;847;791;507;334;390;19;0
"Ten Occupants or More";"....Negros Occidental *";8817;133;797;2021;1767;1239;929;697;484;311;197;238;4;0
"Ten Occupants or More";"....City of Bacolod";2591;27;53;151;240;368;595;382;269;204;122;180;0;0
"Ten Occupants or More";"....City of Iloilo";2852;4;25;133;211;451;589;407;349;245;175;252;11;0
"Ten Occupants or More";"..REGION VII (CENTRAL VISAYAS)";34500;762;2568;6721;6331;5732;4127;2642;2165;1357;888;1190;17;0
"Ten Occupants or More";"....Bohol";8163;165;490;1335;1490;1371;989;699;588;400;260;368;8;0
"Ten Occupants or More";"....Cebu *";13846;399;1253;3028;2514;2101;1520;962;806;508;333;416;6;0
"Ten Occupants or More";"....Negros Oriental";5597;117;547;1488;1108;793;477;335;272;190;132;138;0;0
"Ten Occupants or More";"....Siquijor";506;0;3;9;34;87;139;113;47;36;18;19;1;0
"Ten Occupants or More";"....City of Cebu";3993;62;164;557;783;844;576;316;279;147;97;167;1;0
"Ten Occupants or More";"....City of Lapu-Lapu (Opon)";1523;13;77;189;252;330;286;147;113;47;25;43;1;0
"Ten Occupants or More";"....City of Mandaue";872;6;34;115;150;206;140;70;60;29;23;39;0;0
"Ten Occupants or More";"..REGION VIII (EASTERN VISAYAS)";23700;303;1097;2922;4058;4778;3462;2444;1833;1251;798;744;10;0
"Ten Occupants or More";"....Biliran";774;2;13;45;89;144;164;133;82;48;29;25;0;0
"Ten Occupants or More";"....Eastern Samar";2161;6;22;130;273;474;455;325;215;137;65;58;1;0
"Ten Occupants or More";"....Leyte *";6993;59;335;1075;1234;1139;948;633;566;391;280;331;2;0
"Ten Occupants or More";"....Northern Samar";4843;190;551;748;871;1168;556;291;177;133;91;66;1;0
"Ten Occupants or More";"....Samar (Western Samar)";4706;7;17;382;929;1075;728;639;448;274;134;67;6;0
"Ten Occupants or More";"....Southern Leyte";2631;32;130;409;478;448;371;223;190;152;86;112;0;0
"Ten Occupants or More";"....City of Tacloban";1592;7;29;133;184;330;240;200;155;116;113;85;0;0
"Ten Occupants or More";"..REGION IX (ZAMBOANGA PENINSULA)";19900;206;837;2564;3337;3372;2990;2095;1846;1198;720;716;19;0
"Ten Occupants or More";"....Zamboanga del Norte";4799;134;511;1227;966;713;410;233;231;168;85;121;0;0
"Ten Occupants or More";"....Zamboanga del Sur *";6328;13;84;436;992;1308;1338;782;611;357;248;158;1;0
"Ten Occupants or More";"....Zamboanga Sibugay";3369;10;108;590;932;724;425;255;142;76;52;50;5;0
"Ten Occupants or More";"....City of Isabela **";1202;4;8;58;157;174;184;197;188;111;60;58;3;0
"Ten Occupants or More";"....City of Zamboanga";4202;45;126;253;290;453;633;628;674;486;275;329;10;0
"Ten Occupants or More";"..REGION X (NORTHERN MINDANAO)";20894;213;1131;3192;3479;3516;2964;2115;1642;1166;732;736;7;1
"Ten Occupants or More";"....Bukidnon";6334;123;680;1462;1112;848;596;413;364;323;182;227;3;1
"Ten Occupants or More";"....Camiguin";424;4;9;29;51;70;54;50;62;33;29;33;0;0
"Ten Occupants or More";"....Lanao del Norte *";4574;12;69;338;746;895;810;608;417;332;217;129;1;0
"Ten Occupants or More";"....Misamis Occidental";2497;46;201;522;493;372;253;188;150;106;71;94;1;0
"Ten Occupants or More";"....Misamis Oriental *";3740;14;107;591;701;774;619;386;254;138;82;72;2;0
"Ten Occupants or More";"....City of Cagayan de Oro";1799;10;41;132;227;303;369;273;193;107;62;82;0;0
"Ten Occupants or More";"....City of Iligan";1526;4;24;118;149;254;263;197;202;127;89;99;0;0
"Ten Occupants or More";"..REGION XI (DAVAO REGION)";14583;193;980;2619;2596;2469;1831;1329;1074;687;419;374;12;0
"Ten Occupants or More";"....Davao de Oro (Compostela Valley)";2529;47;223;611;587;453;220;141;95;71;39;41;1;0
"Ten Occupants or More";"....Davao del Norte";3859;39;162;580;689;719;561;407;317;176;105;99;5;0
"Ten Occupants or More";"....Davao del Sur *";1259;19;130;286;225;183;123;95;61;61;40;35;1;0
"Ten Occupants or More";"....Davao Occidental";993;13;121;283;261;180;74;29;17;9;4;2;0;0
"Ten Occupants or More";"....Davao Oriental";1985;14;98;381;376;313;244;172;163;118;62;42;2;0
"Ten Occupants or More";"....City of Davao";3958;61;246;478;458;621;609;485;421;252;169;155;3;0
"Ten Occupants or More";"..REGION XII (SOCCSKSARGEN)";15741;171;934;2655;3348;2958;2139;1522;991;502;278;242;1;0
"Ten Occupants or More";"....Cotabato (North Cotabato)";5324;121;574;1310;1185;764;511;346;228;131;69;85;0;0
"Ten Occupants or More";"....Sarangani";1785;20;164;498;450;293;155;100;40;34;21;9;1;0
"Ten Occupants or More";"....South Cotabato *";2772;10;85;366;659;661;437;238;158;84;38;36;0;0
"Ten Occupants or More";"....Sultan Kudarat";3642;9;59;297;722;796;637;505;316;146;92;63;0;0
"Ten Occupants or More";"....City of General Santos (Dadiangas)";2218;11;52;184;332;444;399;333;249;107;58;49;0;0
"Ten Occupants or More";"..REGION XIII (CARAGA)";12648;149;642;1712;2218;2392;1968;1284;945;579;368;386;5;0
"Ten Occupants or More";"....Agusan del Norte *";1814;50;187;390;319;257;156;128;98;72;65;92;0;0
"Ten Occupants or More";"....Agusan del Sur";3060;6;32;388;728;724;564;292;175;92;34;24;1;0
"Ten Occupants or More";"....Dinagat Islands";877;37;140;218;169;127;78;46;19;14;16;12;1;0
"Ten Occupants or More";"....Surigao del Norte";2351;28;153;346;415;426;297;238;175;110;76;86;1;0
"Ten Occupants or More";"....Surigao del Sur";2911;8;41;194;364;629;657;380;300;159;102;77;0;0
"Ten Occupants or More";"....City of Butuan";1635;20;89;176;223;229;216;200;178;132;75;95;2;0
"Ten Occupants or More";"..BANGSAMORO AUTONOMOUS REGION IN MUSLIM MINDANAO (";68580;499;1672;5728;11401;12251;11475;9680;6967;4309;2117;1406;1073;2
"Ten Occupants or More";"....Basilan";5658;27;135;407;1101;1301;1082;743;503;190;104;44;21;0
"Ten Occupants or More";"....Lanao del Sur";17466;160;391;943;1937;2675;2743;3072;2344;1503;938;718;40;2
"Ten Occupants or More";"....Maguindanao";19581;137;435;1733;3292;3318;3488;3178;1975;1105;488;387;45;0
"Ten Occupants or More";"....Sulu";17174;106;470;1828;3420;3196;2530;1621;1438;1089;382;129;965;0
"Ten Occupants or More";"....Tawi-Tawi";7256;17;148;712;1544;1607;1301;713;570;377;186;79;2;0
"Ten Occupants or More";"....Eight (8) Area Clusters ***";1445;52;93;105;107;154;331;353;137;45;19;49;0;0
