"Number of Establishments Employing 20 or More Workers by Occupational Safety and Health (OSH) Policies/Programs Implemented and Major Industry Group, Philippines: 2019 and 2021"
"https://openstat.psa.gov.ph/PXWeb/pxweb/en/DB/DB__1B__ISLE__OSHP/2501B3GO021.px/table/tableViewLayout1/?rxid=3049f06d-0444-47da-a5f4-70953d8d74ce"
"OSH Policy/Program";"Major Industry Group";"2019";"2021"
"Total";"Establishments with Implemented OSH Policies/Programs";36694;33650
"Total";"..Agriculture, Forestry and Fishing";858;962
"Total";"..Mining and Quarrying";145;160
"Total";"..Manufacturing";6095;5808
"Total";"..Electricity, Gas, Steam and Air Conditioning Supply";285;290
"Total";"..Water Supply; Sewerage, Waste Management and Remediation Activities";338;323
"Total";"..Construction";1217;1180
"Total";"..Wholesale and Retail Trade; Repair of Motor Vehicles and Motorcycles";9131;9381
"Total";"..Transportation and Storage";1071;1225
"Total";"..Accommodation and Food Service Activities";4716;3422
"Total";"..Information and Communication";1035;804
"Total";"..Financial and Insurance Activities";1676;1619
"Total";"..Real Estate Activities";602;616
"Total";"..Professional, Scientific and Technical Activities";869;682
"Total";"..Administrative and Support Service Activities";2619;2395
"Total";"..Education Except Public Education";3944;3001
"Total";"..Human Health and Social Work Activities Except Public Health Activities";1434;1316
"Total";"..Arts, Entertainment and  Recreation";312;216
"Total";"..Other Service Activities Except Activities of Membership Organization";346;250
"Comprehensive Policy on OSH";"Establishments with Implemented OSH Policies/Programs";24911;18593
"Comprehensive Policy on OSH";"..Agriculture, Forestry and Fishing";440;335
"Comprehensive Policy on OSH";"..Mining and Quarrying";112;90
"Comprehensive Policy on OSH";"..Manufacturing";4498;3293
"Comprehensive Policy on OSH";"..Electricity, Gas, Steam and Air Conditioning Supply";222;221
"Comprehensive Policy on OSH";"..Water Supply; Sewerage, Waste Management and Remediation Activities";185;138
"Comprehensive Policy on OSH";"..Construction";982;767
"Comprehensive Policy on OSH";"..Wholesale and Retail Trade; Repair of Motor Vehicles and Motorcycles";5963;5388
"Comprehensive Policy on OSH";"..Transportation and Storage";768;556
"Comprehensive Policy on OSH";"..Accommodation and Food Service Activities";3571;2299
"Comprehensive Policy on OSH";"..Information and Communication";734;446
"Comprehensive Policy on OSH";"..Financial and Insurance Activities";979;787
"Comprehensive Policy on OSH";"..Real Estate Activities";385;338
"Comprehensive Policy on OSH";"..Professional, Scientific and Technical Activities";636;350
"Comprehensive Policy on OSH";"..Administrative and Support Service Activities";2058;1478
"Comprehensive Policy on OSH";"..Education Except Public Education";1955;1129
"Comprehensive Policy on OSH";"..Human Health and Social Work Activities Except Public Health Activities";1153;821
"Comprehensive Policy on OSH";"..Arts, Entertainment and  Recreation";117;78
"Comprehensive Policy on OSH";"..Other Service Activities Except Activities of Membership Organization";153;81
"Policy on Smoke-Free Workplace";"Establishments with Implemented OSH Policies/Programs";32667;26834
"Policy on Smoke-Free Workplace";"..Agriculture, Forestry and Fishing";707;668
"Policy on Smoke-Free Workplace";"..Mining and Quarrying";127;118
"Policy on Smoke-Free Workplace";"..Manufacturing";5464;4813
"Policy on Smoke-Free Workplace";"..Electricity, Gas, Steam and Air Conditioning Supply";250;243
"Policy on Smoke-Free Workplace";"..Water Supply; Sewerage, Waste Management and Remediation Activities";298;259
"Policy on Smoke-Free Workplace";"..Construction";1100;857
"Policy on Smoke-Free Workplace";"..Wholesale and Retail Trade; Repair of Motor Vehicles and Motorcycles";8226;7670
"Policy on Smoke-Free Workplace";"..Transportation and Storage";950;863
"Policy on Smoke-Free Workplace";"..Accommodation and Food Service Activities";4549;2958
"Policy on Smoke-Free Workplace";"..Information and Communication";912;651
"Policy on Smoke-Free Workplace";"..Financial and Insurance Activities";1379;1131
"Policy on Smoke-Free Workplace";"..Real Estate Activities";541;474
"Policy on Smoke-Free Workplace";"..Professional, Scientific and Technical Activities";730;544
"Policy on Smoke-Free Workplace";"..Administrative and Support Service Activities";2362;1900
"Policy on Smoke-Free Workplace";"..Education Except Public Education";3355;2137
"Policy on Smoke-Free Workplace";"..Human Health and Social Work Activities Except Public Health Activities";1161;1168
"Policy on Smoke-Free Workplace";"..Arts, Entertainment and  Recreation";231;166
"Policy on Smoke-Free Workplace";"..Other Service Activities Except Activities of Membership Organization";323;214
"Policy and Program on Anti-Sexual Harassment";"Establishments with Implemented OSH Policies/Programs";29755;21665
"Policy and Program on Anti-Sexual Harassment";"..Agriculture, Forestry and Fishing";537;435
"Policy and Program on Anti-Sexual Harassment";"..Mining and Quarrying";126;85
"Policy and Program on Anti-Sexual Harassment";"..Manufacturing";4961;3688
"Policy and Program on Anti-Sexual Harassment";"..Electricity, Gas, Steam and Air Conditioning Supply";226;213
"Policy and Program on Anti-Sexual Harassment";"..Water Supply; Sewerage, Waste Management and Remediation Activities";288;222
"Policy and Program on Anti-Sexual Harassment";"..Construction";920;649
"Policy and Program on Anti-Sexual Harassment";"..Wholesale and Retail Trade; Repair of Motor Vehicles and Motorcycles";7122;5989
"Policy and Program on Anti-Sexual Harassment";"..Transportation and Storage";746;691
"Policy and Program on Anti-Sexual Harassment";"..Accommodation and Food Service Activities";4129;2538
"Policy and Program on Anti-Sexual Harassment";"..Information and Communication";862;563
"Policy and Program on Anti-Sexual Harassment";"..Financial and Insurance Activities";1510;1044
"Policy and Program on Anti-Sexual Harassment";"..Real Estate Activities";487;389
"Policy and Program on Anti-Sexual Harassment";"..Professional, Scientific and Technical Activities";648;441
"Policy and Program on Anti-Sexual Harassment";"..Administrative and Support Service Activities";2407;1718
"Policy and Program on Anti-Sexual Harassment";"..Education Except Public Education";3156;1810
"Policy and Program on Anti-Sexual Harassment";"..Human Health and Social Work Activities Except Public Health Activities";1130;920
"Policy and Program on Anti-Sexual Harassment";"..Arts, Entertainment and  Recreation";190;103
"Policy and Program on Anti-Sexual Harassment";"..Other Service Activities Except Activities of Membership Organization";311;166
"Work Accident Prevention Program";"Establishments with Implemented OSH Policies/Programs";27712;19172
"Work Accident Prevention Program";"..Agriculture, Forestry and Fishing";631;441
"Work Accident Prevention Program";"..Mining and Quarrying";120;114
"Work Accident Prevention Program";"..Manufacturing";5208;3870
"Work Accident Prevention Program";"..Electricity, Gas, Steam and Air Conditioning Supply";243;228
"Work Accident Prevention Program";"..Water Supply; Sewerage, Waste Management and Remediation Activities";217;120
"Work Accident Prevention Program";"..Construction";1070;781
"Work Accident Prevention Program";"..Wholesale and Retail Trade; Repair of Motor Vehicles and Motorcycles";6672;5236
"Work Accident Prevention Program";"..Transportation and Storage";937;703
"Work Accident Prevention Program";"..Accommodation and Food Service Activities";3707;2273
"Work Accident Prevention Program";"..Information and Communication";795;445
"Work Accident Prevention Program";"..Financial and Insurance Activities";1052;664
"Work Accident Prevention Program";"..Real Estate Activities";473;347
"Work Accident Prevention Program";"..Professional, Scientific and Technical Activities";663;323
"Work Accident Prevention Program";"..Administrative and Support Service Activities";2012;1335
"Work Accident Prevention Program";"..Education Except Public Education";2335;1229
"Work Accident Prevention Program";"..Human Health and Social Work Activities Except Public Health Activities";1172;844
"Work Accident Prevention Program";"..Arts, Entertainment and  Recreation";187;102
"Work Accident Prevention Program";"..Other Service Activities Except Activities of Membership Organization";218;119
"Industrial Hygiene Program";"Establishments with Implemented OSH Policies/Programs";20688;12131
"Industrial Hygiene Program";"..Agriculture, Forestry and Fishing";484;347
"Industrial Hygiene Program";"..Mining and Quarrying";98;62
"Industrial Hygiene Program";"..Manufacturing";4265;2618
"Industrial Hygiene Program";"..Electricity, Gas, Steam and Air Conditioning Supply";176;139
"Industrial Hygiene Program";"..Water Supply; Sewerage, Waste Management and Remediation Activities";122;90
"Industrial Hygiene Program";"..Construction";608;406
"Industrial Hygiene Program";"..Wholesale and Retail Trade; Repair of Motor Vehicles and Motorcycles";4919;3098
"Industrial Hygiene Program";"..Transportation and Storage";577;434
"Industrial Hygiene Program";"..Accommodation and Food Service Activities";3285;1667
"Industrial Hygiene Program";"..Information and Communication";554;224
"Industrial Hygiene Program";"..Financial and Insurance Activities";627;357
"Industrial Hygiene Program";"..Real Estate Activities";316;213
"Industrial Hygiene Program";"..Professional, Scientific and Technical Activities";367;187
"Industrial Hygiene Program";"..Administrative and Support Service Activities";1364;740
"Industrial Hygiene Program";"..Education Except Public Education";1654;826
"Industrial Hygiene Program";"..Human Health and Social Work Activities Except Public Health Activities";941;575
"Industrial Hygiene Program";"..Arts, Entertainment and  Recreation";178;66
"Industrial Hygiene Program";"..Other Service Activities Except Activities of Membership Organization";151;85
"Indoor Air Quality Program";"Establishments with Implemented OSH Policies/Programs";16080;9150
"Indoor Air Quality Program";"..Agriculture, Forestry and Fishing";295;200
"Indoor Air Quality Program";"..Mining and Quarrying";82;39
"Indoor Air Quality Program";"..Manufacturing";3244;1879
"Indoor Air Quality Program";"..Electricity, Gas, Steam and Air Conditioning Supply";169;121
"Indoor Air Quality Program";"..Water Supply; Sewerage, Waste Management and Remediation Activities";82;70
"Indoor Air Quality Program";"..Construction";521;283
"Indoor Air Quality Program";"..Wholesale and Retail Trade; Repair of Motor Vehicles and Motorcycles";3477;2297
"Indoor Air Quality Program";"..Transportation and Storage";389;302
"Indoor Air Quality Program";"..Accommodation and Food Service Activities";2519;1172
"Indoor Air Quality Program";"..Information and Communication";478;219
"Indoor Air Quality Program";"..Financial and Insurance Activities";648;343
"Indoor Air Quality Program";"..Real Estate Activities";237;201
"Indoor Air Quality Program";"..Professional, Scientific and Technical Activities";337;144
"Indoor Air Quality Program";"..Administrative and Support Service Activities";1132;613
"Indoor Air Quality Program";"..Education Except Public Education";1468;668
"Indoor Air Quality Program";"..Human Health and Social Work Activities Except Public Health Activities";714;507
"Indoor Air Quality Program";"..Arts, Entertainment and  Recreation";173;42
"Indoor Air Quality Program";"..Other Service Activities Except Activities of Membership Organization";115;52
"Chemical Safety Program such as provision of Globally Harmonized System (GHS) labels and safety data sheet";"Establishments with Implemented OSH Policies/Programs";13619;8045
"Chemical Safety Program such as provision of Globally Harmonized System (GHS) labels and safety data sheet";"..Agriculture, Forestry and Fishing";278;252
"Chemical Safety Program such as provision of Globally Harmonized System (GHS) labels and safety data sheet";"..Mining and Quarrying";83;42
"Chemical Safety Program such as provision of Globally Harmonized System (GHS) labels and safety data sheet";"..Manufacturing";3241;2027
"Chemical Safety Program such as provision of Globally Harmonized System (GHS) labels and safety data sheet";"..Electricity, Gas, Steam and Air Conditioning Supply";144;149
"Chemical Safety Program such as provision of Globally Harmonized System (GHS) labels and safety data sheet";"..Water Supply; Sewerage, Waste Management and Remediation Activities";147;88
"Chemical Safety Program such as provision of Globally Harmonized System (GHS) labels and safety data sheet";"..Construction";489;283
"Chemical Safety Program such as provision of Globally Harmonized System (GHS) labels and safety data sheet";"..Wholesale and Retail Trade; Repair of Motor Vehicles and Motorcycles";2929;1863
"Chemical Safety Program such as provision of Globally Harmonized System (GHS) labels and safety data sheet";"..Transportation and Storage";267;211
"Chemical Safety Program such as provision of Globally Harmonized System (GHS) labels and safety data sheet";"..Accommodation and Food Service Activities";1901;1250
"Chemical Safety Program such as provision of Globally Harmonized System (GHS) labels and safety data sheet";"..Information and Communication";252;110
"Chemical Safety Program such as provision of Globally Harmonized System (GHS) labels and safety data sheet";"..Financial and Insurance Activities";522;173
"Chemical Safety Program such as provision of Globally Harmonized System (GHS) labels and safety data sheet";"..Real Estate Activities";180;122
"Chemical Safety Program such as provision of Globally Harmonized System (GHS) labels and safety data sheet";"..Professional, Scientific and Technical Activities";291;121
"Chemical Safety Program such as provision of Globally Harmonized System (GHS) labels and safety data sheet";"..Administrative and Support Service Activities";914;399
"Chemical Safety Program such as provision of Globally Harmonized System (GHS) labels and safety data sheet";"..Education Except Public Education";1108;386
"Chemical Safety Program such as provision of Globally Harmonized System (GHS) labels and safety data sheet";"..Human Health and Social Work Activities Except Public Health Activities";722;489
"Chemical Safety Program such as provision of Globally Harmonized System (GHS) labels and safety data sheet";"..Arts, Entertainment and  Recreation";58;27
"Chemical Safety Program such as provision of Globally Harmonized System (GHS) labels and safety data sheet";"..Other Service Activities Except Activities of Membership Organization";94;52
"Fire Prevention and Control Program";"Establishments with Implemented OSH Policies/Programs";32021;25159
"Fire Prevention and Control Program";"..Agriculture, Forestry and Fishing";677;654
"Fire Prevention and Control Program";"..Mining and Quarrying";132;128
"Fire Prevention and Control Program";"..Manufacturing";5544;4833
"Fire Prevention and Control Program";"..Electricity, Gas, Steam and Air Conditioning Supply";253;243
"Fire Prevention and Control Program";"..Water Supply; Sewerage, Waste Management and Remediation Activities";248;197
"Fire Prevention and Control Program";"..Construction";1021;772
"Fire Prevention and Control Program";"..Wholesale and Retail Trade; Repair of Motor Vehicles and Motorcycles";7621;6995
"Fire Prevention and Control Program";"..Transportation and Storage";977;757
"Fire Prevention and Control Program";"..Accommodation and Food Service Activities";4305;2755
"Fire Prevention and Control Program";"..Information and Communication";911;554
"Fire Prevention and Control Program";"..Financial and Insurance Activities";1439;1045
"Fire Prevention and Control Program";"..Real Estate Activities";546;430
"Fire Prevention and Control Program";"..Professional, Scientific and Technical Activities";642;382
"Fire Prevention and Control Program";"..Administrative and Support Service Activities";2253;1643
"Fire Prevention and Control Program";"..Education Except Public Education";3635;2343
"Fire Prevention and Control Program";"..Human Health and Social Work Activities Except Public Health Activities";1378;1136
"Fire Prevention and Control Program";"..Arts, Entertainment and  Recreation";221;147
"Fire Prevention and Control Program";"..Other Service Activities Except Activities of Membership Organization";217;145
"Program on Monitoring/Surveillance of Occupational and Work-Related Injuries and Illnesses";"Establishments with Implemented OSH Policies/Programs";26104;15149
"Program on Monitoring/Surveillance of Occupational and Work-Related Injuries and Illnesses";"..Agriculture, Forestry and Fishing";471;297
"Program on Monitoring/Surveillance of Occupational and Work-Related Injuries and Illnesses";"..Mining and Quarrying";108;86
"Program on Monitoring/Surveillance of Occupational and Work-Related Injuries and Illnesses";"..Manufacturing";4791;2988
"Program on Monitoring/Surveillance of Occupational and Work-Related Injuries and Illnesses";"..Electricity, Gas, Steam and Air Conditioning Supply";225;212
"Program on Monitoring/Surveillance of Occupational and Work-Related Injuries and Illnesses";"..Water Supply; Sewerage, Waste Management and Remediation Activities";207;99
"Program on Monitoring/Surveillance of Occupational and Work-Related Injuries and Illnesses";"..Construction";823;609
"Program on Monitoring/Surveillance of Occupational and Work-Related Injuries and Illnesses";"..Wholesale and Retail Trade; Repair of Motor Vehicles and Motorcycles";5910;3915
"Program on Monitoring/Surveillance of Occupational and Work-Related Injuries and Illnesses";"..Transportation and Storage";727;475
"Program on Monitoring/Surveillance of Occupational and Work-Related Injuries and Illnesses";"..Accommodation and Food Service Activities";4053;1901
"Program on Monitoring/Surveillance of Occupational and Work-Related Injuries and Illnesses";"..Information and Communication";781;324
"Program on Monitoring/Surveillance of Occupational and Work-Related Injuries and Illnesses";"..Financial and Insurance Activities";1080;620
"Program on Monitoring/Surveillance of Occupational and Work-Related Injuries and Illnesses";"..Real Estate Activities";434;321
"Program on Monitoring/Surveillance of Occupational and Work-Related Injuries and Illnesses";"..Professional, Scientific and Technical Activities";593;238
"Program on Monitoring/Surveillance of Occupational and Work-Related Injuries and Illnesses";"..Administrative and Support Service Activities";1964;1066
"Program on Monitoring/Surveillance of Occupational and Work-Related Injuries and Illnesses";"..Education Except Public Education";2400;1046
"Program on Monitoring/Surveillance of Occupational and Work-Related Injuries and Illnesses";"..Human Health and Social Work Activities Except Public Health Activities";1181;780
"Program on Monitoring/Surveillance of Occupational and Work-Related Injuries and Illnesses";"..Arts, Entertainment and  Recreation";175;81
"Program on Monitoring/Surveillance of Occupational and Work-Related Injuries and Illnesses";"..Other Service Activities Except Activities of Membership Organization";182;91
"Emergency Response Preparedness and Response Program";"Establishments with Implemented OSH Policies/Programs";28346;18522
"Emergency Response Preparedness and Response Program";"..Agriculture, Forestry and Fishing";453;401
"Emergency Response Preparedness and Response Program";"..Mining and Quarrying";105;110
"Emergency Response Preparedness and Response Program";"..Manufacturing";5015;3447
"Emergency Response Preparedness and Response Program";"..Electricity, Gas, Steam and Air Conditioning Supply";260;232
"Emergency Response Preparedness and Response Program";"..Water Supply; Sewerage, Waste Management and Remediation Activities";223;185
"Emergency Response Preparedness and Response Program";"..Construction";881;585
"Emergency Response Preparedness and Response Program";"..Wholesale and Retail Trade; Repair of Motor Vehicles and Motorcycles";6344;4562
"Emergency Response Preparedness and Response Program";"..Transportation and Storage";797;546
"Emergency Response Preparedness and Response Program";"..Accommodation and Food Service Activities";4057;2068
"Emergency Response Preparedness and Response Program";"..Information and Communication";774;434
"Emergency Response Preparedness and Response Program";"..Financial and Insurance Activities";1267;856
"Emergency Response Preparedness and Response Program";"..Real Estate Activities";389;378
"Emergency Response Preparedness and Response Program";"..Professional, Scientific and Technical Activities";578;307
"Emergency Response Preparedness and Response Program";"..Administrative and Support Service Activities";2137;1356
"Emergency Response Preparedness and Response Program";"..Education Except Public Education";3358;1893
"Emergency Response Preparedness and Response Program";"..Human Health and Social Work Activities Except Public Health Activities";1315;978
"Emergency Response Preparedness and Response Program";"..Arts, Entertainment and  Recreation";247;102
"Emergency Response Preparedness and Response Program";"..Other Service Activities Except Activities of Membership Organization";147;83
"Program on Ergonomics";"Establishments with Implemented OSH Policies/Programs";15126;7609
"Program on Ergonomics";"..Agriculture, Forestry and Fishing";250;152
"Program on Ergonomics";"..Mining and Quarrying";53;47
"Program on Ergonomics";"..Manufacturing";2680;1632
"Program on Ergonomics";"..Electricity, Gas, Steam and Air Conditioning Supply";171;134
"Program on Ergonomics";"..Water Supply; Sewerage, Waste Management and Remediation Activities";102;50
"Program on Ergonomics";"..Construction";406;297
"Program on Ergonomics";"..Wholesale and Retail Trade; Repair of Motor Vehicles and Motorcycles";3440;1865
"Program on Ergonomics";"..Transportation and Storage";436;213
"Program on Ergonomics";"..Accommodation and Food Service Activities";2036;964
"Program on Ergonomics";"..Information and Communication";374;179
"Program on Ergonomics";"..Financial and Insurance Activities";802;268
"Program on Ergonomics";"..Real Estate Activities";150;153
"Program on Ergonomics";"..Professional, Scientific and Technical Activities";487;155
"Program on Ergonomics";"..Administrative and Support Service Activities";1491;632
"Program on Ergonomics";"..Education Except Public Education";1299;412
"Program on Ergonomics";"..Human Health and Social Work Activities Except Public Health Activities";774;405
"Program on Ergonomics";"..Arts, Entertainment and  Recreation";101;27
"Program on Ergonomics";"..Other Service Activities Except Activities of Membership Organization";74;23
"Program on the Promotion of Healthy Lifestyle such as smoking cessation, regular physical exercise and good nutrition";"Establishments with Implemented OSH Policies/Programs";23110;12131
"Program on the Promotion of Healthy Lifestyle such as smoking cessation, regular physical exercise and good nutrition";"..Agriculture, Forestry and Fishing";359;276
"Program on the Promotion of Healthy Lifestyle such as smoking cessation, regular physical exercise and good nutrition";"..Mining and Quarrying";86;61
"Program on the Promotion of Healthy Lifestyle such as smoking cessation, regular physical exercise and good nutrition";"..Manufacturing";3778;2210
"Program on the Promotion of Healthy Lifestyle such as smoking cessation, regular physical exercise and good nutrition";"..Electricity, Gas, Steam and Air Conditioning Supply";223;207
"Program on the Promotion of Healthy Lifestyle such as smoking cessation, regular physical exercise and good nutrition";"..Water Supply; Sewerage, Waste Management and Remediation Activities";216;113
"Program on the Promotion of Healthy Lifestyle such as smoking cessation, regular physical exercise and good nutrition";"..Construction";729;384
"Program on the Promotion of Healthy Lifestyle such as smoking cessation, regular physical exercise and good nutrition";"..Wholesale and Retail Trade; Repair of Motor Vehicles and Motorcycles";5121;3001
"Program on the Promotion of Healthy Lifestyle such as smoking cessation, regular physical exercise and good nutrition";"..Transportation and Storage";676;357
"Program on the Promotion of Healthy Lifestyle such as smoking cessation, regular physical exercise and good nutrition";"..Accommodation and Food Service Activities";3246;1176
"Program on the Promotion of Healthy Lifestyle such as smoking cessation, regular physical exercise and good nutrition";"..Information and Communication";644;285
"Program on the Promotion of Healthy Lifestyle such as smoking cessation, regular physical exercise and good nutrition";"..Financial and Insurance Activities";1081;556
"Program on the Promotion of Healthy Lifestyle such as smoking cessation, regular physical exercise and good nutrition";"..Real Estate Activities";326;228
"Program on the Promotion of Healthy Lifestyle such as smoking cessation, regular physical exercise and good nutrition";"..Professional, Scientific and Technical Activities";650;218
"Program on the Promotion of Healthy Lifestyle such as smoking cessation, regular physical exercise and good nutrition";"..Administrative and Support Service Activities";1915;969
"Program on the Promotion of Healthy Lifestyle such as smoking cessation, regular physical exercise and good nutrition";"..Education Except Public Education";2664;1273
"Program on the Promotion of Healthy Lifestyle such as smoking cessation, regular physical exercise and good nutrition";"..Human Health and Social Work Activities Except Public Health Activities";1077;701
"Program on the Promotion of Healthy Lifestyle such as smoking cessation, regular physical exercise and good nutrition";"..Arts, Entertainment and  Recreation";167;53
"Program on the Promotion of Healthy Lifestyle such as smoking cessation, regular physical exercise and good nutrition";"..Other Service Activities Except Activities of Membership Organization";152;60
"DOLE-Approved Construction Safety and Health Program (for contractors in the construction industry)";"Establishments with Implemented OSH Policies/Programs";876;781
"DOLE-Approved Construction Safety and Health Program (for contractors in the construction industry)";"..Agriculture, Forestry and Fishing";0;0
"DOLE-Approved Construction Safety and Health Program (for contractors in the construction industry)";"..Mining and Quarrying";0;0
"DOLE-Approved Construction Safety and Health Program (for contractors in the construction industry)";"..Manufacturing";0;0
"DOLE-Approved Construction Safety and Health Program (for contractors in the construction industry)";"..Electricity, Gas, Steam and Air Conditioning Supply";0;0
"DOLE-Approved Construction Safety and Health Program (for contractors in the construction industry)";"..Water Supply; Sewerage, Waste Management and Remediation Activities";0;0
"DOLE-Approved Construction Safety and Health Program (for contractors in the construction industry)";"..Construction";876;781
"DOLE-Approved Construction Safety and Health Program (for contractors in the construction industry)";"..Wholesale and Retail Trade; Repair of Motor Vehicles and Motorcycles";0;0
"DOLE-Approved Construction Safety and Health Program (for contractors in the construction industry)";"..Transportation and Storage";0;0
"DOLE-Approved Construction Safety and Health Program (for contractors in the construction industry)";"..Accommodation and Food Service Activities";0;0
"DOLE-Approved Construction Safety and Health Program (for contractors in the construction industry)";"..Information and Communication";0;0
"DOLE-Approved Construction Safety and Health Program (for contractors in the construction industry)";"..Financial and Insurance Activities";0;0
"DOLE-Approved Construction Safety and Health Program (for contractors in the construction industry)";"..Real Estate Activities";0;0
"DOLE-Approved Construction Safety and Health Program (for contractors in the construction industry)";"..Professional, Scientific and Technical Activities";0;0
"DOLE-Approved Construction Safety and Health Program (for contractors in the construction industry)";"..Administrative and Support Service Activities";0;0
"DOLE-Approved Construction Safety and Health Program (for contractors in the construction industry)";"..Education Except Public Education";0;0
"DOLE-Approved Construction Safety and Health Program (for contractors in the construction industry)";"..Human Health and Social Work Activities Except Public Health Activities";0;0
"DOLE-Approved Construction Safety and Health Program (for contractors in the construction industry)";"..Arts, Entertainment and  Recreation";0;0
"DOLE-Approved Construction Safety and Health Program (for contractors in the construction industry)";"..Other Service Activities Except Activities of Membership Organization";0;0
"Policy on non-discrimination of workers confirmed/suspected/perceived to have: Tuberculosis";"Establishments with Implemented OSH Policies/Programs";23241;16637
"Policy on non-discrimination of workers confirmed/suspected/perceived to have: Tuberculosis";"..Agriculture, Forestry and Fishing";424;361
"Policy on non-discrimination of workers confirmed/suspected/perceived to have: Tuberculosis";"..Mining and Quarrying";90;90
"Policy on non-discrimination of workers confirmed/suspected/perceived to have: Tuberculosis";"..Manufacturing";4350;3174
"Policy on non-discrimination of workers confirmed/suspected/perceived to have: Tuberculosis";"..Electricity, Gas, Steam and Air Conditioning Supply";207;200
"Policy on non-discrimination of workers confirmed/suspected/perceived to have: Tuberculosis";"..Water Supply; Sewerage, Waste Management and Remediation Activities";139;99
"Policy on non-discrimination of workers confirmed/suspected/perceived to have: Tuberculosis";"..Construction";536;505
"Policy on non-discrimination of workers confirmed/suspected/perceived to have: Tuberculosis";"..Wholesale and Retail Trade; Repair of Motor Vehicles and Motorcycles";5697;4693
"Policy on non-discrimination of workers confirmed/suspected/perceived to have: Tuberculosis";"..Transportation and Storage";638;494
"Policy on non-discrimination of workers confirmed/suspected/perceived to have: Tuberculosis";"..Accommodation and Food Service Activities";3144;1880
"Policy on non-discrimination of workers confirmed/suspected/perceived to have: Tuberculosis";"..Information and Communication";669;420
"Policy on non-discrimination of workers confirmed/suspected/perceived to have: Tuberculosis";"..Financial and Insurance Activities";957;803
"Policy on non-discrimination of workers confirmed/suspected/perceived to have: Tuberculosis";"..Real Estate Activities";481;296
"Policy on non-discrimination of workers confirmed/suspected/perceived to have: Tuberculosis";"..Professional, Scientific and Technical Activities";615;327
"Policy on non-discrimination of workers confirmed/suspected/perceived to have: Tuberculosis";"..Administrative and Support Service Activities";2017;1384
"Policy on non-discrimination of workers confirmed/suspected/perceived to have: Tuberculosis";"..Education Except Public Education";1697;918
"Policy on non-discrimination of workers confirmed/suspected/perceived to have: Tuberculosis";"..Human Health and Social Work Activities Except Public Health Activities";1258;831
"Policy on non-discrimination of workers confirmed/suspected/perceived to have: Tuberculosis";"..Arts, Entertainment and  Recreation";103;70
"Policy on non-discrimination of workers confirmed/suspected/perceived to have: Tuberculosis";"..Other Service Activities Except Activities of Membership Organization";217;91
"Policy on non-discrimination of workers confirmed/suspected/perceived to have: HIV Infection";"Establishments with Implemented OSH Policies/Programs";22518;15368
"Policy on non-discrimination of workers confirmed/suspected/perceived to have: HIV Infection";"..Agriculture, Forestry and Fishing";385;287
"Policy on non-discrimination of workers confirmed/suspected/perceived to have: HIV Infection";"..Mining and Quarrying";83;79
"Policy on non-discrimination of workers confirmed/suspected/perceived to have: HIV Infection";"..Manufacturing";4208;2880
"Policy on non-discrimination of workers confirmed/suspected/perceived to have: HIV Infection";"..Electricity, Gas, Steam and Air Conditioning Supply";206;193
"Policy on non-discrimination of workers confirmed/suspected/perceived to have: HIV Infection";"..Water Supply; Sewerage, Waste Management and Remediation Activities";135;88
"Policy on non-discrimination of workers confirmed/suspected/perceived to have: HIV Infection";"..Construction";531;434
"Policy on non-discrimination of workers confirmed/suspected/perceived to have: HIV Infection";"..Wholesale and Retail Trade; Repair of Motor Vehicles and Motorcycles";5504;4391
"Policy on non-discrimination of workers confirmed/suspected/perceived to have: HIV Infection";"..Transportation and Storage";565;454
"Policy on non-discrimination of workers confirmed/suspected/perceived to have: HIV Infection";"..Accommodation and Food Service Activities";3105;1815
"Policy on non-discrimination of workers confirmed/suspected/perceived to have: HIV Infection";"..Information and Communication";667;410
"Policy on non-discrimination of workers confirmed/suspected/perceived to have: HIV Infection";"..Financial and Insurance Activities";958;745
"Policy on non-discrimination of workers confirmed/suspected/perceived to have: HIV Infection";"..Real Estate Activities";430;265
"Policy on non-discrimination of workers confirmed/suspected/perceived to have: HIV Infection";"..Professional, Scientific and Technical Activities";590;317
"Policy on non-discrimination of workers confirmed/suspected/perceived to have: HIV Infection";"..Administrative and Support Service Activities";2030;1283
"Policy on non-discrimination of workers confirmed/suspected/perceived to have: HIV Infection";"..Education Except Public Education";1587;805
"Policy on non-discrimination of workers confirmed/suspected/perceived to have: HIV Infection";"..Human Health and Social Work Activities Except Public Health Activities";1218;782
"Policy on non-discrimination of workers confirmed/suspected/perceived to have: HIV Infection";"..Arts, Entertainment and  Recreation";100;69
"Policy on non-discrimination of workers confirmed/suspected/perceived to have: HIV Infection";"..Other Service Activities Except Activities of Membership Organization";217;72
"Policy on non-discrimination of workers confirmed/suspected/perceived to have: Hepatitis B";"Establishments with Implemented OSH Policies/Programs";22484;15458
"Policy on non-discrimination of workers confirmed/suspected/perceived to have: Hepatitis B";"..Agriculture, Forestry and Fishing";405;298
"Policy on non-discrimination of workers confirmed/suspected/perceived to have: Hepatitis B";"..Mining and Quarrying";93;80
"Policy on non-discrimination of workers confirmed/suspected/perceived to have: Hepatitis B";"..Manufacturing";4191;2984
"Policy on non-discrimination of workers confirmed/suspected/perceived to have: Hepatitis B";"..Electricity, Gas, Steam and Air Conditioning Supply";206;193
"Policy on non-discrimination of workers confirmed/suspected/perceived to have: Hepatitis B";"..Water Supply; Sewerage, Waste Management and Remediation Activities";135;87
"Policy on non-discrimination of workers confirmed/suspected/perceived to have: Hepatitis B";"..Construction";562;433
"Policy on non-discrimination of workers confirmed/suspected/perceived to have: Hepatitis B";"..Wholesale and Retail Trade; Repair of Motor Vehicles and Motorcycles";5439;4398
"Policy on non-discrimination of workers confirmed/suspected/perceived to have: Hepatitis B";"..Transportation and Storage";567;456
"Policy on non-discrimination of workers confirmed/suspected/perceived to have: Hepatitis B";"..Accommodation and Food Service Activities";3105;1831
"Policy on non-discrimination of workers confirmed/suspected/perceived to have: Hepatitis B";"..Information and Communication";667;387
"Policy on non-discrimination of workers confirmed/suspected/perceived to have: Hepatitis B";"..Financial and Insurance Activities";956;757
"Policy on non-discrimination of workers confirmed/suspected/perceived to have: Hepatitis B";"..Real Estate Activities";430;275
"Policy on non-discrimination of workers confirmed/suspected/perceived to have: Hepatitis B";"..Professional, Scientific and Technical Activities";593;302
"Policy on non-discrimination of workers confirmed/suspected/perceived to have: Hepatitis B";"..Administrative and Support Service Activities";2028;1291
"Policy on non-discrimination of workers confirmed/suspected/perceived to have: Hepatitis B";"..Education Except Public Education";1534;791
"Policy on non-discrimination of workers confirmed/suspected/perceived to have: Hepatitis B";"..Human Health and Social Work Activities Except Public Health Activities";1253;776
"Policy on non-discrimination of workers confirmed/suspected/perceived to have: Hepatitis B";"..Arts, Entertainment and  Recreation";103;56
"Policy on non-discrimination of workers confirmed/suspected/perceived to have: Hepatitis B";"..Other Service Activities Except Activities of Membership Organization";217;65
"Policy on non-discrimination of workers confirmed/suspected/perceived to have: Mental health condition";"Establishments with Implemented OSH Policies/Programs";20572;13608
"Policy on non-discrimination of workers confirmed/suspected/perceived to have: Mental health condition";"..Agriculture, Forestry and Fishing";280;293
"Policy on non-discrimination of workers confirmed/suspected/perceived to have: Mental health condition";"..Mining and Quarrying";78;72
"Policy on non-discrimination of workers confirmed/suspected/perceived to have: Mental health condition";"..Manufacturing";3605;2454
"Policy on non-discrimination of workers confirmed/suspected/perceived to have: Mental health condition";"..Electricity, Gas, Steam and Air Conditioning Supply";159;174
"Policy on non-discrimination of workers confirmed/suspected/perceived to have: Mental health condition";"..Water Supply; Sewerage, Waste Management and Remediation Activities";132;80
"Policy on non-discrimination of workers confirmed/suspected/perceived to have: Mental health condition";"..Construction";565;394
"Policy on non-discrimination of workers confirmed/suspected/perceived to have: Mental health condition";"..Wholesale and Retail Trade; Repair of Motor Vehicles and Motorcycles";4965;3674
"Policy on non-discrimination of workers confirmed/suspected/perceived to have: Mental health condition";"..Transportation and Storage";520;384
"Policy on non-discrimination of workers confirmed/suspected/perceived to have: Mental health condition";"..Accommodation and Food Service Activities";2838;1643
"Policy on non-discrimination of workers confirmed/suspected/perceived to have: Mental health condition";"..Information and Communication";614;383
"Policy on non-discrimination of workers confirmed/suspected/perceived to have: Mental health condition";"..Financial and Insurance Activities";863;568
"Policy on non-discrimination of workers confirmed/suspected/perceived to have: Mental health condition";"..Real Estate Activities";421;242
"Policy on non-discrimination of workers confirmed/suspected/perceived to have: Mental health condition";"..Professional, Scientific and Technical Activities";583;254
"Policy on non-discrimination of workers confirmed/suspected/perceived to have: Mental health condition";"..Administrative and Support Service Activities";1876;1191
"Policy on non-discrimination of workers confirmed/suspected/perceived to have: Mental health condition";"..Education Except Public Education";1578;1034
"Policy on non-discrimination of workers confirmed/suspected/perceived to have: Mental health condition";"..Human Health and Social Work Activities Except Public Health Activities";1182;654
"Policy on non-discrimination of workers confirmed/suspected/perceived to have: Mental health condition";"..Arts, Entertainment and  Recreation";94;58
"Policy on non-discrimination of workers confirmed/suspected/perceived to have: Mental health condition";"..Other Service Activities Except Activities of Membership Organization";217;55
"Policy on work accomodation for workers with: Tuberculosis";"Establishments with Implemented OSH Policies/Programs";21485;15713
"Policy on work accomodation for workers with: Tuberculosis";"..Agriculture, Forestry and Fishing";406;344
"Policy on work accomodation for workers with: Tuberculosis";"..Mining and Quarrying";105;90
"Policy on work accomodation for workers with: Tuberculosis";"..Manufacturing";3909;2972
"Policy on work accomodation for workers with: Tuberculosis";"..Electricity, Gas, Steam and Air Conditioning Supply";210;201
"Policy on work accomodation for workers with: Tuberculosis";"..Water Supply; Sewerage, Waste Management and Remediation Activities";122;87
"Policy on work accomodation for workers with: Tuberculosis";"..Construction";477;499
"Policy on work accomodation for workers with: Tuberculosis";"..Wholesale and Retail Trade; Repair of Motor Vehicles and Motorcycles";4978;4685
"Policy on work accomodation for workers with: Tuberculosis";"..Transportation and Storage";646;481
"Policy on work accomodation for workers with: Tuberculosis";"..Accommodation and Food Service Activities";3133;1615
"Policy on work accomodation for workers with: Tuberculosis";"..Information and Communication";678;363
"Policy on work accomodation for workers with: Tuberculosis";"..Financial and Insurance Activities";802;710
"Policy on work accomodation for workers with: Tuberculosis";"..Real Estate Activities";379;280
"Policy on work accomodation for workers with: Tuberculosis";"..Professional, Scientific and Technical Activities";586;322
"Policy on work accomodation for workers with: Tuberculosis";"..Administrative and Support Service Activities";1997;1299
"Policy on work accomodation for workers with: Tuberculosis";"..Education Except Public Education";1526;840
"Policy on work accomodation for workers with: Tuberculosis";"..Human Health and Social Work Activities Except Public Health Activities";1217;771
"Policy on work accomodation for workers with: Tuberculosis";"..Arts, Entertainment and  Recreation";117;72
"Policy on work accomodation for workers with: Tuberculosis";"..Other Service Activities Except Activities of Membership Organization";197;81
"Policy on work accomodation for workers with: HIV Infection";"Establishments with Implemented OSH Policies/Programs";20162;14235
"Policy on work accomodation for workers with: HIV Infection";"..Agriculture, Forestry and Fishing";354;229
"Policy on work accomodation for workers with: HIV Infection";"..Mining and Quarrying";93;77
"Policy on work accomodation for workers with: HIV Infection";"..Manufacturing";3737;2650
"Policy on work accomodation for workers with: HIV Infection";"..Electricity, Gas, Steam and Air Conditioning Supply";196;179
"Policy on work accomodation for workers with: HIV Infection";"..Water Supply; Sewerage, Waste Management and Remediation Activities";87;68
"Policy on work accomodation for workers with: HIV Infection";"..Construction";424;413
"Policy on work accomodation for workers with: HIV Infection";"..Wholesale and Retail Trade; Repair of Motor Vehicles and Motorcycles";4597;4114
"Policy on work accomodation for workers with: HIV Infection";"..Transportation and Storage";589;425
"Policy on work accomodation for workers with: HIV Infection";"..Accommodation and Food Service Activities";3041;1700
"Policy on work accomodation for workers with: HIV Infection";"..Information and Communication";640;363
"Policy on work accomodation for workers with: HIV Infection";"..Financial and Insurance Activities";790;670
"Policy on work accomodation for workers with: HIV Infection";"..Real Estate Activities";379;233
"Policy on work accomodation for workers with: HIV Infection";"..Professional, Scientific and Technical Activities";573;294
"Policy on work accomodation for workers with: HIV Infection";"..Administrative and Support Service Activities";1937;1221
"Policy on work accomodation for workers with: HIV Infection";"..Education Except Public Education";1259;737
"Policy on work accomodation for workers with: HIV Infection";"..Human Health and Social Work Activities Except Public Health Activities";1173;730
"Policy on work accomodation for workers with: HIV Infection";"..Arts, Entertainment and  Recreation";95;55
"Policy on work accomodation for workers with: HIV Infection";"..Other Service Activities Except Activities of Membership Organization";197;75
"Policy on work accomodation for workers with: Hepatitis B";"Establishments with Implemented OSH Policies/Programs";20449;14416
"Policy on work accomodation for workers with: Hepatitis B";"..Agriculture, Forestry and Fishing";382;263
"Policy on work accomodation for workers with: Hepatitis B";"..Mining and Quarrying";100;81
"Policy on work accomodation for workers with: Hepatitis B";"..Manufacturing";3726;2743
"Policy on work accomodation for workers with: Hepatitis B";"..Electricity, Gas, Steam and Air Conditioning Supply";205;186
"Policy on work accomodation for workers with: Hepatitis B";"..Water Supply; Sewerage, Waste Management and Remediation Activities";99;80
"Policy on work accomodation for workers with: Hepatitis B";"..Construction";465;399
"Policy on work accomodation for workers with: Hepatitis B";"..Wholesale and Retail Trade; Repair of Motor Vehicles and Motorcycles";4643;4144
"Policy on work accomodation for workers with: Hepatitis B";"..Transportation and Storage";626;439
"Policy on work accomodation for workers with: Hepatitis B";"..Accommodation and Food Service Activities";3051;1752
"Policy on work accomodation for workers with: Hepatitis B";"..Information and Communication";651;329
"Policy on work accomodation for workers with: Hepatitis B";"..Financial and Insurance Activities";796;690
"Policy on work accomodation for workers with: Hepatitis B";"..Real Estate Activities";376;243
"Policy on work accomodation for workers with: Hepatitis B";"..Professional, Scientific and Technical Activities";565;273
"Policy on work accomodation for workers with: Hepatitis B";"..Administrative and Support Service Activities";1933;1206
"Policy on work accomodation for workers with: Hepatitis B";"..Education Except Public Education";1310;710
"Policy on work accomodation for workers with: Hepatitis B";"..Human Health and Social Work Activities Except Public Health Activities";1208;747
"Policy on work accomodation for workers with: Hepatitis B";"..Arts, Entertainment and  Recreation";115;61
"Policy on work accomodation for workers with: Hepatitis B";"..Other Service Activities Except Activities of Membership Organization";197;71
"Policy on work accomodation for workers with: Mental health condition";"Establishments with Implemented OSH Policies/Programs";18170;12878
"Policy on work accomodation for workers with: Mental health condition";"..Agriculture, Forestry and Fishing";309;252
"Policy on work accomodation for workers with: Mental health condition";"..Mining and Quarrying";80;74
"Policy on work accomodation for workers with: Mental health condition";"..Manufacturing";3025;2211
"Policy on work accomodation for workers with: Mental health condition";"..Electricity, Gas, Steam and Air Conditioning Supply";161;163
"Policy on work accomodation for workers with: Mental health condition";"..Water Supply; Sewerage, Waste Management and Remediation Activities";88;70
"Policy on work accomodation for workers with: Mental health condition";"..Construction";413;400
"Policy on work accomodation for workers with: Mental health condition";"..Wholesale and Retail Trade; Repair of Motor Vehicles and Motorcycles";4145;3616
"Policy on work accomodation for workers with: Mental health condition";"..Transportation and Storage";575;360
"Policy on work accomodation for workers with: Mental health condition";"..Accommodation and Food Service Activities";2701;1598
"Policy on work accomodation for workers with: Mental health condition";"..Information and Communication";570;336
"Policy on work accomodation for workers with: Mental health condition";"..Financial and Insurance Activities";734;570
"Policy on work accomodation for workers with: Mental health condition";"..Real Estate Activities";322;232
"Policy on work accomodation for workers with: Mental health condition";"..Professional, Scientific and Technical Activities";525;227
"Policy on work accomodation for workers with: Mental health condition";"..Administrative and Support Service Activities";1751;1172
"Policy on work accomodation for workers with: Mental health condition";"..Education Except Public Education";1395;904
"Policy on work accomodation for workers with: Mental health condition";"..Human Health and Social Work Activities Except Public Health Activities";1072;575
"Policy on work accomodation for workers with: Mental health condition";"..Arts, Entertainment and  Recreation";107;51
"Policy on work accomodation for workers with: Mental health condition";"..Other Service Activities Except Activities of Membership Organization";197;68
"Policy on Confidentiality of Medical Information for Workers with: Tuberculosis";"Establishments with Implemented OSH Policies/Programs";23522;16314
"Policy on Confidentiality of Medical Information for Workers with: Tuberculosis";"..Agriculture, Forestry and Fishing";433;326
"Policy on Confidentiality of Medical Information for Workers with: Tuberculosis";"..Mining and Quarrying";102;89
"Policy on Confidentiality of Medical Information for Workers with: Tuberculosis";"..Manufacturing";4195;3104
"Policy on Confidentiality of Medical Information for Workers with: Tuberculosis";"..Electricity, Gas, Steam and Air Conditioning Supply";198;204
"Policy on Confidentiality of Medical Information for Workers with: Tuberculosis";"..Water Supply; Sewerage, Waste Management and Remediation Activities";128;102
"Policy on Confidentiality of Medical Information for Workers with: Tuberculosis";"..Construction";577;497
"Policy on Confidentiality of Medical Information for Workers with: Tuberculosis";"..Wholesale and Retail Trade; Repair of Motor Vehicles and Motorcycles";5663;4653
"Policy on Confidentiality of Medical Information for Workers with: Tuberculosis";"..Transportation and Storage";757;513
"Policy on Confidentiality of Medical Information for Workers with: Tuberculosis";"..Accommodation and Food Service Activities";3366;1828
"Policy on Confidentiality of Medical Information for Workers with: Tuberculosis";"..Information and Communication";722;378
"Policy on Confidentiality of Medical Information for Workers with: Tuberculosis";"..Financial and Insurance Activities";928;715
"Policy on Confidentiality of Medical Information for Workers with: Tuberculosis";"..Real Estate Activities";433;285
"Policy on Confidentiality of Medical Information for Workers with: Tuberculosis";"..Professional, Scientific and Technical Activities";627;329
"Policy on Confidentiality of Medical Information for Workers with: Tuberculosis";"..Administrative and Support Service Activities";2083;1348
"Policy on Confidentiality of Medical Information for Workers with: Tuberculosis";"..Education Except Public Education";1794;968
"Policy on Confidentiality of Medical Information for Workers with: Tuberculosis";"..Human Health and Social Work Activities Except Public Health Activities";1201;824
"Policy on Confidentiality of Medical Information for Workers with: Tuberculosis";"..Arts, Entertainment and  Recreation";117;67
"Policy on Confidentiality of Medical Information for Workers with: Tuberculosis";"..Other Service Activities Except Activities of Membership Organization";200;84
"Policy on Confidentiality of Medical Information for Workers with: HIV Infection";"Establishments with Implemented OSH Policies/Programs";22518;15059
"Policy on Confidentiality of Medical Information for Workers with: HIV Infection";"..Agriculture, Forestry and Fishing";385;263
"Policy on Confidentiality of Medical Information for Workers with: HIV Infection";"..Mining and Quarrying";83;82
"Policy on Confidentiality of Medical Information for Workers with: HIV Infection";"..Manufacturing";4208;2808
"Policy on Confidentiality of Medical Information for Workers with: HIV Infection";"..Electricity, Gas, Steam and Air Conditioning Supply";206;191
"Policy on Confidentiality of Medical Information for Workers with: HIV Infection";"..Water Supply; Sewerage, Waste Management and Remediation Activities";135;83
"Policy on Confidentiality of Medical Information for Workers with: HIV Infection";"..Construction";531;428
"Policy on Confidentiality of Medical Information for Workers with: HIV Infection";"..Wholesale and Retail Trade; Repair of Motor Vehicles and Motorcycles";5504;4276
"Policy on Confidentiality of Medical Information for Workers with: HIV Infection";"..Transportation and Storage";565;461
"Policy on Confidentiality of Medical Information for Workers with: HIV Infection";"..Accommodation and Food Service Activities";3105;1778
"Policy on Confidentiality of Medical Information for Workers with: HIV Infection";"..Information and Communication";667;385
"Policy on Confidentiality of Medical Information for Workers with: HIV Infection";"..Financial and Insurance Activities";958;676
"Policy on Confidentiality of Medical Information for Workers with: HIV Infection";"..Real Estate Activities";430;251
"Policy on Confidentiality of Medical Information for Workers with: HIV Infection";"..Professional, Scientific and Technical Activities";590;320
"Policy on Confidentiality of Medical Information for Workers with: HIV Infection";"..Administrative and Support Service Activities";2030;1290
"Policy on Confidentiality of Medical Information for Workers with: HIV Infection";"..Education Except Public Education";1587;844
"Policy on Confidentiality of Medical Information for Workers with: HIV Infection";"..Human Health and Social Work Activities Except Public Health Activities";1218;787
"Policy on Confidentiality of Medical Information for Workers with: HIV Infection";"..Arts, Entertainment and  Recreation";100;60
"Policy on Confidentiality of Medical Information for Workers with: HIV Infection";"..Other Service Activities Except Activities of Membership Organization";217;76
"Policy on Confidentiality of Medical Information for Workers with: Hepatitis B";"Establishments with Implemented OSH Policies/Programs";22484;15179
"Policy on Confidentiality of Medical Information for Workers with: Hepatitis B";"..Agriculture, Forestry and Fishing";405;269
"Policy on Confidentiality of Medical Information for Workers with: Hepatitis B";"..Mining and Quarrying";93;77
"Policy on Confidentiality of Medical Information for Workers with: Hepatitis B";"..Manufacturing";4191;2865
"Policy on Confidentiality of Medical Information for Workers with: Hepatitis B";"..Electricity, Gas, Steam and Air Conditioning Supply";206;195
"Policy on Confidentiality of Medical Information for Workers with: Hepatitis B";"..Water Supply; Sewerage, Waste Management and Remediation Activities";135;88
"Policy on Confidentiality of Medical Information for Workers with: Hepatitis B";"..Construction";562;426
"Policy on Confidentiality of Medical Information for Workers with: Hepatitis B";"..Wholesale and Retail Trade; Repair of Motor Vehicles and Motorcycles";5439;4277
"Policy on Confidentiality of Medical Information for Workers with: Hepatitis B";"..Transportation and Storage";567;479
"Policy on Confidentiality of Medical Information for Workers with: Hepatitis B";"..Accommodation and Food Service Activities";3105;1790
"Policy on Confidentiality of Medical Information for Workers with: Hepatitis B";"..Information and Communication";667;358
"Policy on Confidentiality of Medical Information for Workers with: Hepatitis B";"..Financial and Insurance Activities";956;686
"Policy on Confidentiality of Medical Information for Workers with: Hepatitis B";"..Real Estate Activities";430;261
"Policy on Confidentiality of Medical Information for Workers with: Hepatitis B";"..Professional, Scientific and Technical Activities";593;324
"Policy on Confidentiality of Medical Information for Workers with: Hepatitis B";"..Administrative and Support Service Activities";2028;1294
"Policy on Confidentiality of Medical Information for Workers with: Hepatitis B";"..Education Except Public Education";1534;827
"Policy on Confidentiality of Medical Information for Workers with: Hepatitis B";"..Human Health and Social Work Activities Except Public Health Activities";1253;815
"Policy on Confidentiality of Medical Information for Workers with: Hepatitis B";"..Arts, Entertainment and  Recreation";103;66
"Policy on Confidentiality of Medical Information for Workers with: Hepatitis B";"..Other Service Activities Except Activities of Membership Organization";217;82
"Policy on Confidentiality of Medical Information for Workers with: Mental health condition";"Establishments with Implemented OSH Policies/Programs";20572;13563
"Policy on Confidentiality of Medical Information for Workers with: Mental health condition";"..Agriculture, Forestry and Fishing";280;274
"Policy on Confidentiality of Medical Information for Workers with: Mental health condition";"..Mining and Quarrying";78;68
"Policy on Confidentiality of Medical Information for Workers with: Mental health condition";"..Manufacturing";3605;2395
"Policy on Confidentiality of Medical Information for Workers with: Mental health condition";"..Electricity, Gas, Steam and Air Conditioning Supply";159;170
"Policy on Confidentiality of Medical Information for Workers with: Mental health condition";"..Water Supply; Sewerage, Waste Management and Remediation Activities";132;72
"Policy on Confidentiality of Medical Information for Workers with: Mental health condition";"..Construction";565;404
"Policy on Confidentiality of Medical Information for Workers with: Mental health condition";"..Wholesale and Retail Trade; Repair of Motor Vehicles and Motorcycles";4965;3691
"Policy on Confidentiality of Medical Information for Workers with: Mental health condition";"..Transportation and Storage";520;388
"Policy on Confidentiality of Medical Information for Workers with: Mental health condition";"..Accommodation and Food Service Activities";2838;1680
"Policy on Confidentiality of Medical Information for Workers with: Mental health condition";"..Information and Communication";614;341
"Policy on Confidentiality of Medical Information for Workers with: Mental health condition";"..Financial and Insurance Activities";863;585
"Policy on Confidentiality of Medical Information for Workers with: Mental health condition";"..Real Estate Activities";421;235
"Policy on Confidentiality of Medical Information for Workers with: Mental health condition";"..Professional, Scientific and Technical Activities";583;283
"Policy on Confidentiality of Medical Information for Workers with: Mental health condition";"..Administrative and Support Service Activities";1876;1213
"Policy on Confidentiality of Medical Information for Workers with: Mental health condition";"..Education Except Public Education";1578;1000
"Policy on Confidentiality of Medical Information for Workers with: Mental health condition";"..Human Health and Social Work Activities Except Public Health Activities";1182;638
"Policy on Confidentiality of Medical Information for Workers with: Mental health condition";"..Arts, Entertainment and  Recreation";94;60
"Policy on Confidentiality of Medical Information for Workers with: Mental health condition";"..Other Service Activities Except Activities of Membership Organization";217;65
"Programs on Advocay/Training/Information Dissemination for: Promotion of drug-free workplace";"Establishments with Implemented OSH Policies/Programs";26876;19949
"Programs on Advocay/Training/Information Dissemination for: Promotion of drug-free workplace";"..Agriculture, Forestry and Fishing";601;489
"Programs on Advocay/Training/Information Dissemination for: Promotion of drug-free workplace";"..Mining and Quarrying";122;108
"Programs on Advocay/Training/Information Dissemination for: Promotion of drug-free workplace";"..Manufacturing";4783;3660
"Programs on Advocay/Training/Information Dissemination for: Promotion of drug-free workplace";"..Electricity, Gas, Steam and Air Conditioning Supply";246;237
"Programs on Advocay/Training/Information Dissemination for: Promotion of drug-free workplace";"..Water Supply; Sewerage, Waste Management and Remediation Activities";258;172
"Programs on Advocay/Training/Information Dissemination for: Promotion of drug-free workplace";"..Construction";856;693
"Programs on Advocay/Training/Information Dissemination for: Promotion of drug-free workplace";"..Wholesale and Retail Trade; Repair of Motor Vehicles and Motorcycles";6077;5598
"Programs on Advocay/Training/Information Dissemination for: Promotion of drug-free workplace";"..Transportation and Storage";823;726
"Programs on Advocay/Training/Information Dissemination for: Promotion of drug-free workplace";"..Accommodation and Food Service Activities";3728;2173
"Programs on Advocay/Training/Information Dissemination for: Promotion of drug-free workplace";"..Information and Communication";785;439
"Programs on Advocay/Training/Information Dissemination for: Promotion of drug-free workplace";"..Financial and Insurance Activities";1247;797
"Programs on Advocay/Training/Information Dissemination for: Promotion of drug-free workplace";"..Real Estate Activities";388;321
"Programs on Advocay/Training/Information Dissemination for: Promotion of drug-free workplace";"..Professional, Scientific and Technical Activities";650;356
"Programs on Advocay/Training/Information Dissemination for: Promotion of drug-free workplace";"..Administrative and Support Service Activities";2101;1560
"Programs on Advocay/Training/Information Dissemination for: Promotion of drug-free workplace";"..Education Except Public Education";2499;1512
"Programs on Advocay/Training/Information Dissemination for: Promotion of drug-free workplace";"..Human Health and Social Work Activities Except Public Health Activities";1293;894
"Programs on Advocay/Training/Information Dissemination for: Promotion of drug-free workplace";"..Arts, Entertainment and  Recreation";196;82
"Programs on Advocay/Training/Information Dissemination for: Promotion of drug-free workplace";"..Other Service Activities Except Activities of Membership Organization";222;133
"Programs on Advocay/Training/Information Dissemination for: Prevention and control of tuberculosis";"Establishments with Implemented OSH Policies/Programs";22464;14826
"Programs on Advocay/Training/Information Dissemination for: Prevention and control of tuberculosis";"..Agriculture, Forestry and Fishing";458;306
"Programs on Advocay/Training/Information Dissemination for: Prevention and control of tuberculosis";"..Mining and Quarrying";115;89
"Programs on Advocay/Training/Information Dissemination for: Prevention and control of tuberculosis";"..Manufacturing";4042;2791
"Programs on Advocay/Training/Information Dissemination for: Prevention and control of tuberculosis";"..Electricity, Gas, Steam and Air Conditioning Supply";214;200
"Programs on Advocay/Training/Information Dissemination for: Prevention and control of tuberculosis";"..Water Supply; Sewerage, Waste Management and Remediation Activities";129;85
"Programs on Advocay/Training/Information Dissemination for: Prevention and control of tuberculosis";"..Construction";655;459
"Programs on Advocay/Training/Information Dissemination for: Prevention and control of tuberculosis";"..Wholesale and Retail Trade; Repair of Motor Vehicles and Motorcycles";5314;4207
"Programs on Advocay/Training/Information Dissemination for: Prevention and control of tuberculosis";"..Transportation and Storage";729;476
"Programs on Advocay/Training/Information Dissemination for: Prevention and control of tuberculosis";"..Accommodation and Food Service Activities";3111;1737
"Programs on Advocay/Training/Information Dissemination for: Prevention and control of tuberculosis";"..Information and Communication";722;338
"Programs on Advocay/Training/Information Dissemination for: Prevention and control of tuberculosis";"..Financial and Insurance Activities";1038;609
"Programs on Advocay/Training/Information Dissemination for: Prevention and control of tuberculosis";"..Real Estate Activities";381;238
"Programs on Advocay/Training/Information Dissemination for: Prevention and control of tuberculosis";"..Professional, Scientific and Technical Activities";552;274
"Programs on Advocay/Training/Information Dissemination for: Prevention and control of tuberculosis";"..Administrative and Support Service Activities";1912;1188
"Programs on Advocay/Training/Information Dissemination for: Prevention and control of tuberculosis";"..Education Except Public Education";1552;854
"Programs on Advocay/Training/Information Dissemination for: Prevention and control of tuberculosis";"..Human Health and Social Work Activities Except Public Health Activities";1225;836
"Programs on Advocay/Training/Information Dissemination for: Prevention and control of tuberculosis";"..Arts, Entertainment and  Recreation";133;67
"Programs on Advocay/Training/Information Dissemination for: Prevention and control of tuberculosis";"..Other Service Activities Except Activities of Membership Organization";181;72
"Programs on Advocay/Training/Information Dissemination for: Prevention and control of HIV infection";"Establishments with Implemented OSH Policies/Programs";21834;13659
"Programs on Advocay/Training/Information Dissemination for: Prevention and control of HIV infection";"..Agriculture, Forestry and Fishing";447;249
"Programs on Advocay/Training/Information Dissemination for: Prevention and control of HIV infection";"..Mining and Quarrying";115;83
"Programs on Advocay/Training/Information Dissemination for: Prevention and control of HIV infection";"..Manufacturing";3882;2526
"Programs on Advocay/Training/Information Dissemination for: Prevention and control of HIV infection";"..Electricity, Gas, Steam and Air Conditioning Supply";207;188
"Programs on Advocay/Training/Information Dissemination for: Prevention and control of HIV infection";"..Water Supply; Sewerage, Waste Management and Remediation Activities";118;72
"Programs on Advocay/Training/Information Dissemination for: Prevention and control of HIV infection";"..Construction";536;375
"Programs on Advocay/Training/Information Dissemination for: Prevention and control of HIV infection";"..Wholesale and Retail Trade; Repair of Motor Vehicles and Motorcycles";4959;3821
"Programs on Advocay/Training/Information Dissemination for: Prevention and control of HIV infection";"..Transportation and Storage";666;436
"Programs on Advocay/Training/Information Dissemination for: Prevention and control of HIV infection";"..Accommodation and Food Service Activities";3110;1620
"Programs on Advocay/Training/Information Dissemination for: Prevention and control of HIV infection";"..Information and Communication";703;349
"Programs on Advocay/Training/Information Dissemination for: Prevention and control of HIV infection";"..Financial and Insurance Activities";1040;589
"Programs on Advocay/Training/Information Dissemination for: Prevention and control of HIV infection";"..Real Estate Activities";374;229
"Programs on Advocay/Training/Information Dissemination for: Prevention and control of HIV infection";"..Professional, Scientific and Technical Activities";540;276
"Programs on Advocay/Training/Information Dissemination for: Prevention and control of HIV infection";"..Administrative and Support Service Activities";1941;1134
"Programs on Advocay/Training/Information Dissemination for: Prevention and control of HIV infection";"..Education Except Public Education";1657;795
"Programs on Advocay/Training/Information Dissemination for: Prevention and control of HIV infection";"..Human Health and Social Work Activities Except Public Health Activities";1228;800
"Programs on Advocay/Training/Information Dissemination for: Prevention and control of HIV infection";"..Arts, Entertainment and  Recreation";133;55
"Programs on Advocay/Training/Information Dissemination for: Prevention and control of HIV infection";"..Other Service Activities Except Activities of Membership Organization";181;62
"Programs on Advocay/Training/Information Dissemination for: Prevention and control of Hepatitis B infection";"Establishments with Implemented OSH Policies/Programs";21973;13795
"Programs on Advocay/Training/Information Dissemination for: Prevention and control of Hepatitis B infection";"..Agriculture, Forestry and Fishing";445;272
"Programs on Advocay/Training/Information Dissemination for: Prevention and control of Hepatitis B infection";"..Mining and Quarrying";115;81
"Programs on Advocay/Training/Information Dissemination for: Prevention and control of Hepatitis B infection";"..Manufacturing";3933;2550
"Programs on Advocay/Training/Information Dissemination for: Prevention and control of Hepatitis B infection";"..Electricity, Gas, Steam and Air Conditioning Supply";206;192
"Programs on Advocay/Training/Information Dissemination for: Prevention and control of Hepatitis B infection";"..Water Supply; Sewerage, Waste Management and Remediation Activities";118;78
"Programs on Advocay/Training/Information Dissemination for: Prevention and control of Hepatitis B infection";"..Construction";582;394
"Programs on Advocay/Training/Information Dissemination for: Prevention and control of Hepatitis B infection";"..Wholesale and Retail Trade; Repair of Motor Vehicles and Motorcycles";4957;3848
"Programs on Advocay/Training/Information Dissemination for: Prevention and control of Hepatitis B infection";"..Transportation and Storage";678;474
"Programs on Advocay/Training/Information Dissemination for: Prevention and control of Hepatitis B infection";"..Accommodation and Food Service Activities";3178;1699
"Programs on Advocay/Training/Information Dissemination for: Prevention and control of Hepatitis B infection";"..Information and Communication";701;321
"Programs on Advocay/Training/Information Dissemination for: Prevention and control of Hepatitis B infection";"..Financial and Insurance Activities";1037;584
"Programs on Advocay/Training/Information Dissemination for: Prevention and control of Hepatitis B infection";"..Real Estate Activities";381;227
"Programs on Advocay/Training/Information Dissemination for: Prevention and control of Hepatitis B infection";"..Professional, Scientific and Technical Activities";540;268
"Programs on Advocay/Training/Information Dissemination for: Prevention and control of Hepatitis B infection";"..Administrative and Support Service Activities";1935;1134
"Programs on Advocay/Training/Information Dissemination for: Prevention and control of Hepatitis B infection";"..Education Except Public Education";1594;780
"Programs on Advocay/Training/Information Dissemination for: Prevention and control of Hepatitis B infection";"..Human Health and Social Work Activities Except Public Health Activities";1261;779
"Programs on Advocay/Training/Information Dissemination for: Prevention and control of Hepatitis B infection";"..Arts, Entertainment and  Recreation";132;55
"Programs on Advocay/Training/Information Dissemination for: Prevention and control of Hepatitis B infection";"..Other Service Activities Except Activities of Membership Organization";181;60
"Programs on Advocay/Training/Information Dissemination for: Promotion of mental health";"Establishments with Implemented OSH Policies/Programs";20933;14021
"Programs on Advocay/Training/Information Dissemination for: Promotion of mental health";"..Agriculture, Forestry and Fishing";417;294
"Programs on Advocay/Training/Information Dissemination for: Promotion of mental health";"..Mining and Quarrying";115;69
"Programs on Advocay/Training/Information Dissemination for: Promotion of mental health";"..Manufacturing";3475;2291
"Programs on Advocay/Training/Information Dissemination for: Promotion of mental health";"..Electricity, Gas, Steam and Air Conditioning Supply";198;202
"Programs on Advocay/Training/Information Dissemination for: Promotion of mental health";"..Water Supply; Sewerage, Waste Management and Remediation Activities";120;96
"Programs on Advocay/Training/Information Dissemination for: Promotion of mental health";"..Construction";521;406
"Programs on Advocay/Training/Information Dissemination for: Promotion of mental health";"..Wholesale and Retail Trade; Repair of Motor Vehicles and Motorcycles";4644;3598
"Programs on Advocay/Training/Information Dissemination for: Promotion of mental health";"..Transportation and Storage";621;437
"Programs on Advocay/Training/Information Dissemination for: Promotion of mental health";"..Accommodation and Food Service Activities";3040;1612
"Programs on Advocay/Training/Information Dissemination for: Promotion of mental health";"..Information and Communication";653;366
"Programs on Advocay/Training/Information Dissemination for: Promotion of mental health";"..Financial and Insurance Activities";1069;629
"Programs on Advocay/Training/Information Dissemination for: Promotion of mental health";"..Real Estate Activities";330;252
"Programs on Advocay/Training/Information Dissemination for: Promotion of mental health";"..Professional, Scientific and Technical Activities";518;274
"Programs on Advocay/Training/Information Dissemination for: Promotion of mental health";"..Administrative and Support Service Activities";1861;1195
"Programs on Advocay/Training/Information Dissemination for: Promotion of mental health";"..Education Except Public Education";1940;1474
"Programs on Advocay/Training/Information Dissemination for: Promotion of mental health";"..Human Health and Social Work Activities Except Public Health Activities";1101;708
"Programs on Advocay/Training/Information Dissemination for: Promotion of mental health";"..Arts, Entertainment and  Recreation";130;63
"Programs on Advocay/Training/Information Dissemination for: Promotion of mental health";"..Other Service Activities Except Activities of Membership Organization";181;56
"Program for Drug-Free Workplace with the following element: Employee Assistance Program related to illicit drug use and/or other - substances of abuse to include treatment, rehabilitation and referral services";"Establishments with Implemented OSH Policies/Programs";17877;9924
"Program for Drug-Free Workplace with the following element: Employee Assistance Program related to illicit drug use and/or other - substances of abuse to include treatment, rehabilitation and referral services";"..Agriculture, Forestry and Fishing";367;173
"Program for Drug-Free Workplace with the following element: Employee Assistance Program related to illicit drug use and/or other - substances of abuse to include treatment, rehabilitation and referral services";"..Mining and Quarrying";79;40
"Program for Drug-Free Workplace with the following element: Employee Assistance Program related to illicit drug use and/or other - substances of abuse to include treatment, rehabilitation and referral services";"..Manufacturing";3090;1848
"Program for Drug-Free Workplace with the following element: Employee Assistance Program related to illicit drug use and/or other - substances of abuse to include treatment, rehabilitation and referral services";"..Electricity, Gas, Steam and Air Conditioning Supply";153;159
"Program for Drug-Free Workplace with the following element: Employee Assistance Program related to illicit drug use and/or other - substances of abuse to include treatment, rehabilitation and referral services";"..Water Supply; Sewerage, Waste Management and Remediation Activities";138;79
"Program for Drug-Free Workplace with the following element: Employee Assistance Program related to illicit drug use and/or other - substances of abuse to include treatment, rehabilitation and referral services";"..Construction";579;334
"Program for Drug-Free Workplace with the following element: Employee Assistance Program related to illicit drug use and/or other - substances of abuse to include treatment, rehabilitation and referral services";"..Wholesale and Retail Trade; Repair of Motor Vehicles and Motorcycles";4371;2849
"Program for Drug-Free Workplace with the following element: Employee Assistance Program related to illicit drug use and/or other - substances of abuse to include treatment, rehabilitation and referral services";"..Transportation and Storage";493;281
"Program for Drug-Free Workplace with the following element: Employee Assistance Program related to illicit drug use and/or other - substances of abuse to include treatment, rehabilitation and referral services";"..Accommodation and Food Service Activities";2473;1167
"Program for Drug-Free Workplace with the following element: Employee Assistance Program related to illicit drug use and/or other - substances of abuse to include treatment, rehabilitation and referral services";"..Information and Communication";488;244
"Program for Drug-Free Workplace with the following element: Employee Assistance Program related to illicit drug use and/or other - substances of abuse to include treatment, rehabilitation and referral services";"..Financial and Insurance Activities";690;448
"Program for Drug-Free Workplace with the following element: Employee Assistance Program related to illicit drug use and/or other - substances of abuse to include treatment, rehabilitation and referral services";"..Real Estate Activities";415;162
"Program for Drug-Free Workplace with the following element: Employee Assistance Program related to illicit drug use and/or other - substances of abuse to include treatment, rehabilitation and referral services";"..Professional, Scientific and Technical Activities";449;211
"Program for Drug-Free Workplace with the following element: Employee Assistance Program related to illicit drug use and/or other - substances of abuse to include treatment, rehabilitation and referral services";"..Administrative and Support Service Activities";1532;855
"Program for Drug-Free Workplace with the following element: Employee Assistance Program related to illicit drug use and/or other - substances of abuse to include treatment, rehabilitation and referral services";"..Education Except Public Education";1431;544
"Program for Drug-Free Workplace with the following element: Employee Assistance Program related to illicit drug use and/or other - substances of abuse to include treatment, rehabilitation and referral services";"..Human Health and Social Work Activities Except Public Health Activities";877;445
"Program for Drug-Free Workplace with the following element: Employee Assistance Program related to illicit drug use and/or other - substances of abuse to include treatment, rehabilitation and referral services";"..Arts, Entertainment and  Recreation";141;40
"Program for Drug-Free Workplace with the following element: Employee Assistance Program related to illicit drug use and/or other - substances of abuse to include treatment, rehabilitation and referral services";"..Other Service Activities Except Activities of Membership Organization";112;43
"Program for Drug-Free Workplace with the following element: Random drug-testing activities";"Establishments with Implemented OSH Policies/Programs";21836;14690
"Program for Drug-Free Workplace with the following element: Random drug-testing activities";"..Agriculture, Forestry and Fishing";423;313
"Program for Drug-Free Workplace with the following element: Random drug-testing activities";"..Mining and Quarrying";88;86
"Program for Drug-Free Workplace with the following element: Random drug-testing activities";"..Manufacturing";4147;2911
"Program for Drug-Free Workplace with the following element: Random drug-testing activities";"..Electricity, Gas, Steam and Air Conditioning Supply";211;211
"Program for Drug-Free Workplace with the following element: Random drug-testing activities";"..Water Supply; Sewerage, Waste Management and Remediation Activities";312;177
"Program for Drug-Free Workplace with the following element: Random drug-testing activities";"..Construction";740;572
"Program for Drug-Free Workplace with the following element: Random drug-testing activities";"..Wholesale and Retail Trade; Repair of Motor Vehicles and Motorcycles";5324;4001
"Program for Drug-Free Workplace with the following element: Random drug-testing activities";"..Transportation and Storage";766;604
"Program for Drug-Free Workplace with the following element: Random drug-testing activities";"..Accommodation and Food Service Activities";3048;1691
"Program for Drug-Free Workplace with the following element: Random drug-testing activities";"..Information and Communication";594;361
"Program for Drug-Free Workplace with the following element: Random drug-testing activities";"..Financial and Insurance Activities";792;607
"Program for Drug-Free Workplace with the following element: Random drug-testing activities";"..Real Estate Activities";387;270
"Program for Drug-Free Workplace with the following element: Random drug-testing activities";"..Professional, Scientific and Technical Activities";525;252
"Program for Drug-Free Workplace with the following element: Random drug-testing activities";"..Administrative and Support Service Activities";1815;1295
"Program for Drug-Free Workplace with the following element: Random drug-testing activities";"..Education Except Public Education";1373;586
"Program for Drug-Free Workplace with the following element: Random drug-testing activities";"..Human Health and Social Work Activities Except Public Health Activities";985;576
"Program for Drug-Free Workplace with the following element: Random drug-testing activities";"..Arts, Entertainment and  Recreation";140;66
"Program for Drug-Free Workplace with the following element: Random drug-testing activities";"..Other Service Activities Except Activities of Membership Organization";166;111
"Program for Drug-Free Workplace with the following element: Creation of Drug Assessment Team";"Establishments with Implemented OSH Policies/Programs";13841;7230
"Program for Drug-Free Workplace with the following element: Creation of Drug Assessment Team";"..Agriculture, Forestry and Fishing";240;126
"Program for Drug-Free Workplace with the following element: Creation of Drug Assessment Team";"..Mining and Quarrying";63;31
"Program for Drug-Free Workplace with the following element: Creation of Drug Assessment Team";"..Manufacturing";2488;1357
"Program for Drug-Free Workplace with the following element: Creation of Drug Assessment Team";"..Electricity, Gas, Steam and Air Conditioning Supply";145;132
"Program for Drug-Free Workplace with the following element: Creation of Drug Assessment Team";"..Water Supply; Sewerage, Waste Management and Remediation Activities";77;55
"Program for Drug-Free Workplace with the following element: Creation of Drug Assessment Team";"..Construction";355;229
"Program for Drug-Free Workplace with the following element: Creation of Drug Assessment Team";"..Wholesale and Retail Trade; Repair of Motor Vehicles and Motorcycles";3441;2170
"Program for Drug-Free Workplace with the following element: Creation of Drug Assessment Team";"..Transportation and Storage";400;207
"Program for Drug-Free Workplace with the following element: Creation of Drug Assessment Team";"..Accommodation and Food Service Activities";1947;927
"Program for Drug-Free Workplace with the following element: Creation of Drug Assessment Team";"..Information and Communication";408;171
"Program for Drug-Free Workplace with the following element: Creation of Drug Assessment Team";"..Financial and Insurance Activities";509;318
"Program for Drug-Free Workplace with the following element: Creation of Drug Assessment Team";"..Real Estate Activities";327;97
"Program for Drug-Free Workplace with the following element: Creation of Drug Assessment Team";"..Professional, Scientific and Technical Activities";276;131
"Program for Drug-Free Workplace with the following element: Creation of Drug Assessment Team";"..Administrative and Support Service Activities";1277;558
"Program for Drug-Free Workplace with the following element: Creation of Drug Assessment Team";"..Education Except Public Education";893;307
"Program for Drug-Free Workplace with the following element: Creation of Drug Assessment Team";"..Human Health and Social Work Activities Except Public Health Activities";770;368
"Program for Drug-Free Workplace with the following element: Creation of Drug Assessment Team";"..Arts, Entertainment and  Recreation";82;21
"Program for Drug-Free Workplace with the following element: Creation of Drug Assessment Team";"..Other Service Activities Except Activities of Membership Organization";142;23
"Program for Drug-Free Workplace with the following element: Return to Work Arrangement after treatment and rehabilitation";"Establishments with Implemented OSH Policies/Programs";15217;7856
"Program for Drug-Free Workplace with the following element: Return to Work Arrangement after treatment and rehabilitation";"..Agriculture, Forestry and Fishing";290;147
"Program for Drug-Free Workplace with the following element: Return to Work Arrangement after treatment and rehabilitation";"..Mining and Quarrying";67;39
"Program for Drug-Free Workplace with the following element: Return to Work Arrangement after treatment and rehabilitation";"..Manufacturing";2902;1420
"Program for Drug-Free Workplace with the following element: Return to Work Arrangement after treatment and rehabilitation";"..Electricity, Gas, Steam and Air Conditioning Supply";155;132
"Program for Drug-Free Workplace with the following element: Return to Work Arrangement after treatment and rehabilitation";"..Water Supply; Sewerage, Waste Management and Remediation Activities";133;57
"Program for Drug-Free Workplace with the following element: Return to Work Arrangement after treatment and rehabilitation";"..Construction";417;267
"Program for Drug-Free Workplace with the following element: Return to Work Arrangement after treatment and rehabilitation";"..Wholesale and Retail Trade; Repair of Motor Vehicles and Motorcycles";3622;2325
"Program for Drug-Free Workplace with the following element: Return to Work Arrangement after treatment and rehabilitation";"..Transportation and Storage";390;242
"Program for Drug-Free Workplace with the following element: Return to Work Arrangement after treatment and rehabilitation";"..Accommodation and Food Service Activities";2162;1004
"Program for Drug-Free Workplace with the following element: Return to Work Arrangement after treatment and rehabilitation";"..Information and Communication";415;163
"Program for Drug-Free Workplace with the following element: Return to Work Arrangement after treatment and rehabilitation";"..Financial and Insurance Activities";650;336
"Program for Drug-Free Workplace with the following element: Return to Work Arrangement after treatment and rehabilitation";"..Real Estate Activities";352;143
"Program for Drug-Free Workplace with the following element: Return to Work Arrangement after treatment and rehabilitation";"..Professional, Scientific and Technical Activities";339;161
"Program for Drug-Free Workplace with the following element: Return to Work Arrangement after treatment and rehabilitation";"..Administrative and Support Service Activities";1405;665
"Program for Drug-Free Workplace with the following element: Return to Work Arrangement after treatment and rehabilitation";"..Education Except Public Education";853;347
"Program for Drug-Free Workplace with the following element: Return to Work Arrangement after treatment and rehabilitation";"..Human Health and Social Work Activities Except Public Health Activities";820;362
"Program for Drug-Free Workplace with the following element: Return to Work Arrangement after treatment and rehabilitation";"..Arts, Entertainment and  Recreation";136;25
"Program for Drug-Free Workplace with the following element: Return to Work Arrangement after treatment and rehabilitation";"..Other Service Activities Except Activities of Membership Organization";108;21
"Program for HIV Prevention and Control in the Workplace with the following elements: Promotion of non-mandatory HIV testing";"Establishments with Implemented OSH Policies/Programs";12375;7554
"Program for HIV Prevention and Control in the Workplace with the following elements: Promotion of non-mandatory HIV testing";"..Agriculture, Forestry and Fishing";195;122
"Program for HIV Prevention and Control in the Workplace with the following elements: Promotion of non-mandatory HIV testing";"..Mining and Quarrying";63;36
"Program for HIV Prevention and Control in the Workplace with the following elements: Promotion of non-mandatory HIV testing";"..Manufacturing";2219;1414
"Program for HIV Prevention and Control in the Workplace with the following elements: Promotion of non-mandatory HIV testing";"..Electricity, Gas, Steam and Air Conditioning Supply";132;125
"Program for HIV Prevention and Control in the Workplace with the following elements: Promotion of non-mandatory HIV testing";"..Water Supply; Sewerage, Waste Management and Remediation Activities";47;41
"Program for HIV Prevention and Control in the Workplace with the following elements: Promotion of non-mandatory HIV testing";"..Construction";272;196
"Program for HIV Prevention and Control in the Workplace with the following elements: Promotion of non-mandatory HIV testing";"..Wholesale and Retail Trade; Repair of Motor Vehicles and Motorcycles";3021;2195
"Program for HIV Prevention and Control in the Workplace with the following elements: Promotion of non-mandatory HIV testing";"..Transportation and Storage";213;164
"Program for HIV Prevention and Control in the Workplace with the following elements: Promotion of non-mandatory HIV testing";"..Accommodation and Food Service Activities";1706;911
"Program for HIV Prevention and Control in the Workplace with the following elements: Promotion of non-mandatory HIV testing";"..Information and Communication";374;167
"Program for HIV Prevention and Control in the Workplace with the following elements: Promotion of non-mandatory HIV testing";"..Financial and Insurance Activities";460;325
"Program for HIV Prevention and Control in the Workplace with the following elements: Promotion of non-mandatory HIV testing";"..Real Estate Activities";286;124
"Program for HIV Prevention and Control in the Workplace with the following elements: Promotion of non-mandatory HIV testing";"..Professional, Scientific and Technical Activities";360;183
"Program for HIV Prevention and Control in the Workplace with the following elements: Promotion of non-mandatory HIV testing";"..Administrative and Support Service Activities";1220;689
"Program for HIV Prevention and Control in the Workplace with the following elements: Promotion of non-mandatory HIV testing";"..Education Except Public Education";753;312
"Program for HIV Prevention and Control in the Workplace with the following elements: Promotion of non-mandatory HIV testing";"..Human Health and Social Work Activities Except Public Health Activities";867;481
"Program for HIV Prevention and Control in the Workplace with the following elements: Promotion of non-mandatory HIV testing";"..Arts, Entertainment and  Recreation";62;34
"Program for HIV Prevention and Control in the Workplace with the following elements: Promotion of non-mandatory HIV testing";"..Other Service Activities Except Activities of Membership Organization";125;32
"Program for HIV Prevention and Control in the Workplace with the following elements: Accessible diagnosis, treatment and referral mechanisms to workers";"Establishments with Implemented OSH Policies/Programs";14712;7988
"Program for HIV Prevention and Control in the Workplace with the following elements: Accessible diagnosis, treatment and referral mechanisms to workers";"..Agriculture, Forestry and Fishing";273;124
"Program for HIV Prevention and Control in the Workplace with the following elements: Accessible diagnosis, treatment and referral mechanisms to workers";"..Mining and Quarrying";66;38
"Program for HIV Prevention and Control in the Workplace with the following elements: Accessible diagnosis, treatment and referral mechanisms to workers";"..Manufacturing";2513;1455
"Program for HIV Prevention and Control in the Workplace with the following elements: Accessible diagnosis, treatment and referral mechanisms to workers";"..Electricity, Gas, Steam and Air Conditioning Supply";154;144
"Program for HIV Prevention and Control in the Workplace with the following elements: Accessible diagnosis, treatment and referral mechanisms to workers";"..Water Supply; Sewerage, Waste Management and Remediation Activities";59;43
"Program for HIV Prevention and Control in the Workplace with the following elements: Accessible diagnosis, treatment and referral mechanisms to workers";"..Construction";414;215
"Program for HIV Prevention and Control in the Workplace with the following elements: Accessible diagnosis, treatment and referral mechanisms to workers";"..Wholesale and Retail Trade; Repair of Motor Vehicles and Motorcycles";3479;2237
"Program for HIV Prevention and Control in the Workplace with the following elements: Accessible diagnosis, treatment and referral mechanisms to workers";"..Transportation and Storage";336;183
"Program for HIV Prevention and Control in the Workplace with the following elements: Accessible diagnosis, treatment and referral mechanisms to workers";"..Accommodation and Food Service Activities";2199;1004
"Program for HIV Prevention and Control in the Workplace with the following elements: Accessible diagnosis, treatment and referral mechanisms to workers";"..Information and Communication";393;179
"Program for HIV Prevention and Control in the Workplace with the following elements: Accessible diagnosis, treatment and referral mechanisms to workers";"..Financial and Insurance Activities";606;356
"Program for HIV Prevention and Control in the Workplace with the following elements: Accessible diagnosis, treatment and referral mechanisms to workers";"..Real Estate Activities";315;143
"Program for HIV Prevention and Control in the Workplace with the following elements: Accessible diagnosis, treatment and referral mechanisms to workers";"..Professional, Scientific and Technical Activities";418;183
"Program for HIV Prevention and Control in the Workplace with the following elements: Accessible diagnosis, treatment and referral mechanisms to workers";"..Administrative and Support Service Activities";1308;689
"Program for HIV Prevention and Control in the Workplace with the following elements: Accessible diagnosis, treatment and referral mechanisms to workers";"..Education Except Public Education";956;409
"Program for HIV Prevention and Control in the Workplace with the following elements: Accessible diagnosis, treatment and referral mechanisms to workers";"..Human Health and Social Work Activities Except Public Health Activities";1031;537
"Program for HIV Prevention and Control in the Workplace with the following elements: Accessible diagnosis, treatment and referral mechanisms to workers";"..Arts, Entertainment and  Recreation";84;28
"Program for HIV Prevention and Control in the Workplace with the following elements: Accessible diagnosis, treatment and referral mechanisms to workers";"..Other Service Activities Except Activities of Membership Organization";106;21
"Program for Prevention and Control of Tuberculosis in the Workplace with the following elements: Adoption of DOTS (Directly Observed Treatment Short Course) in the treatment of workers with tuberculosis";"Establishments with Implemented OSH Policies/Programs";16066;9335
"Program for Prevention and Control of Tuberculosis in the Workplace with the following elements: Adoption of DOTS (Directly Observed Treatment Short Course) in the treatment of workers with tuberculosis";"..Agriculture, Forestry and Fishing";374;237
"Program for Prevention and Control of Tuberculosis in the Workplace with the following elements: Adoption of DOTS (Directly Observed Treatment Short Course) in the treatment of workers with tuberculosis";"..Mining and Quarrying";86;44
"Program for Prevention and Control of Tuberculosis in the Workplace with the following elements: Adoption of DOTS (Directly Observed Treatment Short Course) in the treatment of workers with tuberculosis";"..Manufacturing";2928;1869
"Program for Prevention and Control of Tuberculosis in the Workplace with the following elements: Adoption of DOTS (Directly Observed Treatment Short Course) in the treatment of workers with tuberculosis";"..Electricity, Gas, Steam and Air Conditioning Supply";181;164
"Program for Prevention and Control of Tuberculosis in the Workplace with the following elements: Adoption of DOTS (Directly Observed Treatment Short Course) in the treatment of workers with tuberculosis";"..Water Supply; Sewerage, Waste Management and Remediation Activities";106;68
"Program for Prevention and Control of Tuberculosis in the Workplace with the following elements: Adoption of DOTS (Directly Observed Treatment Short Course) in the treatment of workers with tuberculosis";"..Construction";452;290
"Program for Prevention and Control of Tuberculosis in the Workplace with the following elements: Adoption of DOTS (Directly Observed Treatment Short Course) in the treatment of workers with tuberculosis";"..Wholesale and Retail Trade; Repair of Motor Vehicles and Motorcycles";3950;2603
"Program for Prevention and Control of Tuberculosis in the Workplace with the following elements: Adoption of DOTS (Directly Observed Treatment Short Course) in the treatment of workers with tuberculosis";"..Transportation and Storage";442;232
"Program for Prevention and Control of Tuberculosis in the Workplace with the following elements: Adoption of DOTS (Directly Observed Treatment Short Course) in the treatment of workers with tuberculosis";"..Accommodation and Food Service Activities";2201;936
"Program for Prevention and Control of Tuberculosis in the Workplace with the following elements: Adoption of DOTS (Directly Observed Treatment Short Course) in the treatment of workers with tuberculosis";"..Information and Communication";406;207
"Program for Prevention and Control of Tuberculosis in the Workplace with the following elements: Adoption of DOTS (Directly Observed Treatment Short Course) in the treatment of workers with tuberculosis";"..Financial and Insurance Activities";750;387
"Program for Prevention and Control of Tuberculosis in the Workplace with the following elements: Adoption of DOTS (Directly Observed Treatment Short Course) in the treatment of workers with tuberculosis";"..Real Estate Activities";323;173
"Program for Prevention and Control of Tuberculosis in the Workplace with the following elements: Adoption of DOTS (Directly Observed Treatment Short Course) in the treatment of workers with tuberculosis";"..Professional, Scientific and Technical Activities";469;189
"Program for Prevention and Control of Tuberculosis in the Workplace with the following elements: Adoption of DOTS (Directly Observed Treatment Short Course) in the treatment of workers with tuberculosis";"..Administrative and Support Service Activities";1296;753
"Program for Prevention and Control of Tuberculosis in the Workplace with the following elements: Adoption of DOTS (Directly Observed Treatment Short Course) in the treatment of workers with tuberculosis";"..Education Except Public Education";970;463
"Program for Prevention and Control of Tuberculosis in the Workplace with the following elements: Adoption of DOTS (Directly Observed Treatment Short Course) in the treatment of workers with tuberculosis";"..Human Health and Social Work Activities Except Public Health Activities";938;656
"Program for Prevention and Control of Tuberculosis in the Workplace with the following elements: Adoption of DOTS (Directly Observed Treatment Short Course) in the treatment of workers with tuberculosis";"..Arts, Entertainment and  Recreation";97;36
"Program for Prevention and Control of Tuberculosis in the Workplace with the following elements: Adoption of DOTS (Directly Observed Treatment Short Course) in the treatment of workers with tuberculosis";"..Other Service Activities Except Activities of Membership Organization";97;27
"Program for Prevention and Control of Tuberculosis in the Workplace with the following elements: Referral of workers to TB DOTS facilities";"Establishments with Implemented OSH Policies/Programs";17645;10975
"Program for Prevention and Control of Tuberculosis in the Workplace with the following elements: Referral of workers to TB DOTS facilities";"..Agriculture, Forestry and Fishing";379;271
"Program for Prevention and Control of Tuberculosis in the Workplace with the following elements: Referral of workers to TB DOTS facilities";"..Mining and Quarrying";99;55
"Program for Prevention and Control of Tuberculosis in the Workplace with the following elements: Referral of workers to TB DOTS facilities";"..Manufacturing";3341;2147
"Program for Prevention and Control of Tuberculosis in the Workplace with the following elements: Referral of workers to TB DOTS facilities";"..Electricity, Gas, Steam and Air Conditioning Supply";201;184
"Program for Prevention and Control of Tuberculosis in the Workplace with the following elements: Referral of workers to TB DOTS facilities";"..Water Supply; Sewerage, Waste Management and Remediation Activities";109;75
"Program for Prevention and Control of Tuberculosis in the Workplace with the following elements: Referral of workers to TB DOTS facilities";"..Construction";464;333
"Program for Prevention and Control of Tuberculosis in the Workplace with the following elements: Referral of workers to TB DOTS facilities";"..Wholesale and Retail Trade; Repair of Motor Vehicles and Motorcycles";4234;3085
"Program for Prevention and Control of Tuberculosis in the Workplace with the following elements: Referral of workers to TB DOTS facilities";"..Transportation and Storage";463;283
"Program for Prevention and Control of Tuberculosis in the Workplace with the following elements: Referral of workers to TB DOTS facilities";"..Accommodation and Food Service Activities";2438;1128
"Program for Prevention and Control of Tuberculosis in the Workplace with the following elements: Referral of workers to TB DOTS facilities";"..Information and Communication";479;231
"Program for Prevention and Control of Tuberculosis in the Workplace with the following elements: Referral of workers to TB DOTS facilities";"..Financial and Insurance Activities";846;438
"Program for Prevention and Control of Tuberculosis in the Workplace with the following elements: Referral of workers to TB DOTS facilities";"..Real Estate Activities";315;193
"Program for Prevention and Control of Tuberculosis in the Workplace with the following elements: Referral of workers to TB DOTS facilities";"..Professional, Scientific and Technical Activities";459;206
"Program for Prevention and Control of Tuberculosis in the Workplace with the following elements: Referral of workers to TB DOTS facilities";"..Administrative and Support Service Activities";1393;884
"Program for Prevention and Control of Tuberculosis in the Workplace with the following elements: Referral of workers to TB DOTS facilities";"..Education Except Public Education";1066;625
"Program for Prevention and Control of Tuberculosis in the Workplace with the following elements: Referral of workers to TB DOTS facilities";"..Human Health and Social Work Activities Except Public Health Activities";1104;744
"Program for Prevention and Control of Tuberculosis in the Workplace with the following elements: Referral of workers to TB DOTS facilities";"..Arts, Entertainment and  Recreation";106;41
"Program for Prevention and Control of Tuberculosis in the Workplace with the following elements: Referral of workers to TB DOTS facilities";"..Other Service Activities Except Activities of Membership Organization";149;52
"Program for Hepatitis B Prevention and Control in the Workplace with the Following Elements: Promotion of immunization for Hepatitis B";"Establishments with Implemented OSH Policies/Programs";14477;8389
"Program for Hepatitis B Prevention and Control in the Workplace with the Following Elements: Promotion of immunization for Hepatitis B";"..Agriculture, Forestry and Fishing";153;166
"Program for Hepatitis B Prevention and Control in the Workplace with the Following Elements: Promotion of immunization for Hepatitis B";"..Mining and Quarrying";66;49
"Program for Hepatitis B Prevention and Control in the Workplace with the Following Elements: Promotion of immunization for Hepatitis B";"..Manufacturing";2493;1632
"Program for Hepatitis B Prevention and Control in the Workplace with the Following Elements: Promotion of immunization for Hepatitis B";"..Electricity, Gas, Steam and Air Conditioning Supply";150;144
"Program for Hepatitis B Prevention and Control in the Workplace with the Following Elements: Promotion of immunization for Hepatitis B";"..Water Supply; Sewerage, Waste Management and Remediation Activities";66;60
"Program for Hepatitis B Prevention and Control in the Workplace with the Following Elements: Promotion of immunization for Hepatitis B";"..Construction";314;224
"Program for Hepatitis B Prevention and Control in the Workplace with the Following Elements: Promotion of immunization for Hepatitis B";"..Wholesale and Retail Trade; Repair of Motor Vehicles and Motorcycles";3266;2263
"Program for Hepatitis B Prevention and Control in the Workplace with the Following Elements: Promotion of immunization for Hepatitis B";"..Transportation and Storage";381;189
"Program for Hepatitis B Prevention and Control in the Workplace with the Following Elements: Promotion of immunization for Hepatitis B";"..Accommodation and Food Service Activities";2009;912
"Program for Hepatitis B Prevention and Control in the Workplace with the Following Elements: Promotion of immunization for Hepatitis B";"..Information and Communication";411;172
"Program for Hepatitis B Prevention and Control in the Workplace with the Following Elements: Promotion of immunization for Hepatitis B";"..Financial and Insurance Activities";763;388
"Program for Hepatitis B Prevention and Control in the Workplace with the Following Elements: Promotion of immunization for Hepatitis B";"..Real Estate Activities";275;149
"Program for Hepatitis B Prevention and Control in the Workplace with the Following Elements: Promotion of immunization for Hepatitis B";"..Professional, Scientific and Technical Activities";397;164
"Program for Hepatitis B Prevention and Control in the Workplace with the Following Elements: Promotion of immunization for Hepatitis B";"..Administrative and Support Service Activities";1333;660
"Program for Hepatitis B Prevention and Control in the Workplace with the Following Elements: Promotion of immunization for Hepatitis B";"..Education Except Public Education";1073;442
"Program for Hepatitis B Prevention and Control in the Workplace with the Following Elements: Promotion of immunization for Hepatitis B";"..Human Health and Social Work Activities Except Public Health Activities";1132;699
"Program for Hepatitis B Prevention and Control in the Workplace with the Following Elements: Promotion of immunization for Hepatitis B";"..Arts, Entertainment and  Recreation";83;33
"Program for Hepatitis B Prevention and Control in the Workplace with the Following Elements: Promotion of immunization for Hepatitis B";"..Other Service Activities Except Activities of Membership Organization";114;42
"Program for Hepatitis B Prevention and Control in the Workplace with the Following Elements: Accessible diagnosis, treatment and referral mechanism to workers";"Establishments with Implemented OSH Policies/Programs";15990;8658
"Program for Hepatitis B Prevention and Control in the Workplace with the Following Elements: Accessible diagnosis, treatment and referral mechanism to workers";"..Agriculture, Forestry and Fishing";245;176
"Program for Hepatitis B Prevention and Control in the Workplace with the Following Elements: Accessible diagnosis, treatment and referral mechanism to workers";"..Mining and Quarrying";63;51
"Program for Hepatitis B Prevention and Control in the Workplace with the Following Elements: Accessible diagnosis, treatment and referral mechanism to workers";"..Manufacturing";2870;1659
"Program for Hepatitis B Prevention and Control in the Workplace with the Following Elements: Accessible diagnosis, treatment and referral mechanism to workers";"..Electricity, Gas, Steam and Air Conditioning Supply";192;156
"Program for Hepatitis B Prevention and Control in the Workplace with the Following Elements: Accessible diagnosis, treatment and referral mechanism to workers";"..Water Supply; Sewerage, Waste Management and Remediation Activities";55;46
"Program for Hepatitis B Prevention and Control in the Workplace with the Following Elements: Accessible diagnosis, treatment and referral mechanism to workers";"..Construction";345;227
"Program for Hepatitis B Prevention and Control in the Workplace with the Following Elements: Accessible diagnosis, treatment and referral mechanism to workers";"..Wholesale and Retail Trade; Repair of Motor Vehicles and Motorcycles";3800;2383
"Program for Hepatitis B Prevention and Control in the Workplace with the Following Elements: Accessible diagnosis, treatment and referral mechanism to workers";"..Transportation and Storage";429;210
"Program for Hepatitis B Prevention and Control in the Workplace with the Following Elements: Accessible diagnosis, treatment and referral mechanism to workers";"..Accommodation and Food Service Activities";2242;994
"Program for Hepatitis B Prevention and Control in the Workplace with the Following Elements: Accessible diagnosis, treatment and referral mechanism to workers";"..Information and Communication";449;186
"Program for Hepatitis B Prevention and Control in the Workplace with the Following Elements: Accessible diagnosis, treatment and referral mechanism to workers";"..Financial and Insurance Activities";810;355
"Program for Hepatitis B Prevention and Control in the Workplace with the Following Elements: Accessible diagnosis, treatment and referral mechanism to workers";"..Real Estate Activities";320;172
"Program for Hepatitis B Prevention and Control in the Workplace with the Following Elements: Accessible diagnosis, treatment and referral mechanism to workers";"..Professional, Scientific and Technical Activities";448;192
"Program for Hepatitis B Prevention and Control in the Workplace with the Following Elements: Accessible diagnosis, treatment and referral mechanism to workers";"..Administrative and Support Service Activities";1435;685
"Program for Hepatitis B Prevention and Control in the Workplace with the Following Elements: Accessible diagnosis, treatment and referral mechanism to workers";"..Education Except Public Education";952;411
"Program for Hepatitis B Prevention and Control in the Workplace with the Following Elements: Accessible diagnosis, treatment and referral mechanism to workers";"..Human Health and Social Work Activities Except Public Health Activities";1118;675
"Program for Hepatitis B Prevention and Control in the Workplace with the Following Elements: Accessible diagnosis, treatment and referral mechanism to workers";"..Arts, Entertainment and  Recreation";107;33
"Program for Hepatitis B Prevention and Control in the Workplace with the Following Elements: Accessible diagnosis, treatment and referral mechanism to workers";"..Other Service Activities Except Activities of Membership Organization";111;46
"Program for the Promotion of Mental Health in the Workplace with the Following elements: Stress Management";"Establishments with Implemented OSH Policies/Programs";17888;11943
"Program for the Promotion of Mental Health in the Workplace with the Following elements: Stress Management";"..Agriculture, Forestry and Fishing";141;227
"Program for the Promotion of Mental Health in the Workplace with the Following elements: Stress Management";"..Mining and Quarrying";72;47
"Program for the Promotion of Mental Health in the Workplace with the Following elements: Stress Management";"..Manufacturing";2658;1864
"Program for the Promotion of Mental Health in the Workplace with the Following elements: Stress Management";"..Electricity, Gas, Steam and Air Conditioning Supply";176;177
"Program for the Promotion of Mental Health in the Workplace with the Following elements: Stress Management";"..Water Supply; Sewerage, Waste Management and Remediation Activities";80;110
"Program for the Promotion of Mental Health in the Workplace with the Following elements: Stress Management";"..Construction";344;319
"Program for the Promotion of Mental Health in the Workplace with the Following elements: Stress Management";"..Wholesale and Retail Trade; Repair of Motor Vehicles and Motorcycles";4246;3050
"Program for the Promotion of Mental Health in the Workplace with the Following elements: Stress Management";"..Transportation and Storage";470;265
"Program for the Promotion of Mental Health in the Workplace with the Following elements: Stress Management";"..Accommodation and Food Service Activities";2510;1296
"Program for the Promotion of Mental Health in the Workplace with the Following elements: Stress Management";"..Information and Communication";565;355
"Program for the Promotion of Mental Health in the Workplace with the Following elements: Stress Management";"..Financial and Insurance Activities";1010;596
"Program for the Promotion of Mental Health in the Workplace with the Following elements: Stress Management";"..Real Estate Activities";322;256
"Program for the Promotion of Mental Health in the Workplace with the Following elements: Stress Management";"..Professional, Scientific and Technical Activities";473;244
"Program for the Promotion of Mental Health in the Workplace with the Following elements: Stress Management";"..Administrative and Support Service Activities";1409;1071
"Program for the Promotion of Mental Health in the Workplace with the Following elements: Stress Management";"..Education Except Public Education";2144;1368
"Program for the Promotion of Mental Health in the Workplace with the Following elements: Stress Management";"..Human Health and Social Work Activities Except Public Health Activities";1023;601
"Program for the Promotion of Mental Health in the Workplace with the Following elements: Stress Management";"..Arts, Entertainment and  Recreation";124;58
"Program for the Promotion of Mental Health in the Workplace with the Following elements: Stress Management";"..Other Service Activities Except Activities of Membership Organization";124;39
"Program for the Promotion of Mental Health in the Workplace with the Following elements: Accessible diagnosis, treatment and referral mechanisms to workers";"Establishments with Implemented OSH Policies/Programs";16504;8438
"Program for the Promotion of Mental Health in the Workplace with the Following elements: Accessible diagnosis, treatment and referral mechanisms to workers";"..Agriculture, Forestry and Fishing";249;150
"Program for the Promotion of Mental Health in the Workplace with the Following elements: Accessible diagnosis, treatment and referral mechanisms to workers";"..Mining and Quarrying";63;42
"Program for the Promotion of Mental Health in the Workplace with the Following elements: Accessible diagnosis, treatment and referral mechanisms to workers";"..Manufacturing";2557;1452
"Program for the Promotion of Mental Health in the Workplace with the Following elements: Accessible diagnosis, treatment and referral mechanisms to workers";"..Electricity, Gas, Steam and Air Conditioning Supply";183;156
"Program for the Promotion of Mental Health in the Workplace with the Following elements: Accessible diagnosis, treatment and referral mechanisms to workers";"..Water Supply; Sewerage, Waste Management and Remediation Activities";81;51
"Program for the Promotion of Mental Health in the Workplace with the Following elements: Accessible diagnosis, treatment and referral mechanisms to workers";"..Construction";350;236
"Program for the Promotion of Mental Health in the Workplace with the Following elements: Accessible diagnosis, treatment and referral mechanisms to workers";"..Wholesale and Retail Trade; Repair of Motor Vehicles and Motorcycles";3855;2211
"Program for the Promotion of Mental Health in the Workplace with the Following elements: Accessible diagnosis, treatment and referral mechanisms to workers";"..Transportation and Storage";464;198
"Program for the Promotion of Mental Health in the Workplace with the Following elements: Accessible diagnosis, treatment and referral mechanisms to workers";"..Accommodation and Food Service Activities";2364;972
"Program for the Promotion of Mental Health in the Workplace with the Following elements: Accessible diagnosis, treatment and referral mechanisms to workers";"..Information and Communication";537;211
"Program for the Promotion of Mental Health in the Workplace with the Following elements: Accessible diagnosis, treatment and referral mechanisms to workers";"..Financial and Insurance Activities";752;368
"Program for the Promotion of Mental Health in the Workplace with the Following elements: Accessible diagnosis, treatment and referral mechanisms to workers";"..Real Estate Activities";322;165
"Program for the Promotion of Mental Health in the Workplace with the Following elements: Accessible diagnosis, treatment and referral mechanisms to workers";"..Professional, Scientific and Technical Activities";463;184
"Program for the Promotion of Mental Health in the Workplace with the Following elements: Accessible diagnosis, treatment and referral mechanisms to workers";"..Administrative and Support Service Activities";1402;761
"Program for the Promotion of Mental Health in the Workplace with the Following elements: Accessible diagnosis, treatment and referral mechanisms to workers";"..Education Except Public Education";1653;693
"Program for the Promotion of Mental Health in the Workplace with the Following elements: Accessible diagnosis, treatment and referral mechanisms to workers";"..Human Health and Social Work Activities Except Public Health Activities";1001;527
"Program for the Promotion of Mental Health in the Workplace with the Following elements: Accessible diagnosis, treatment and referral mechanisms to workers";"..Arts, Entertainment and  Recreation";137;33
"Program for the Promotion of Mental Health in the Workplace with the Following elements: Accessible diagnosis, treatment and referral mechanisms to workers";"..Other Service Activities Except Activities of Membership Organization";70;29
"Program for the Promotion of Mental Health in the Workplace with the Following elements: Program on Rewards and Recognition of Good OSH Performance or Practices of employees";"Establishments with Implemented OSH Policies/Programs";15520;7781
"Program for the Promotion of Mental Health in the Workplace with the Following elements: Program on Rewards and Recognition of Good OSH Performance or Practices of employees";"..Agriculture, Forestry and Fishing";174;132
"Program for the Promotion of Mental Health in the Workplace with the Following elements: Program on Rewards and Recognition of Good OSH Performance or Practices of employees";"..Mining and Quarrying";80;42
"Program for the Promotion of Mental Health in the Workplace with the Following elements: Program on Rewards and Recognition of Good OSH Performance or Practices of employees";"..Manufacturing";2560;1345
"Program for the Promotion of Mental Health in the Workplace with the Following elements: Program on Rewards and Recognition of Good OSH Performance or Practices of employees";"..Electricity, Gas, Steam and Air Conditioning Supply";155;144
"Program for the Promotion of Mental Health in the Workplace with the Following elements: Program on Rewards and Recognition of Good OSH Performance or Practices of employees";"..Water Supply; Sewerage, Waste Management and Remediation Activities";92;53
"Program for the Promotion of Mental Health in the Workplace with the Following elements: Program on Rewards and Recognition of Good OSH Performance or Practices of employees";"..Construction";523;263
"Program for the Promotion of Mental Health in the Workplace with the Following elements: Program on Rewards and Recognition of Good OSH Performance or Practices of employees";"..Wholesale and Retail Trade; Repair of Motor Vehicles and Motorcycles";3558;2225
"Program for the Promotion of Mental Health in the Workplace with the Following elements: Program on Rewards and Recognition of Good OSH Performance or Practices of employees";"..Transportation and Storage";427;202
"Program for the Promotion of Mental Health in the Workplace with the Following elements: Program on Rewards and Recognition of Good OSH Performance or Practices of employees";"..Accommodation and Food Service Activities";2320;1040
"Program for the Promotion of Mental Health in the Workplace with the Following elements: Program on Rewards and Recognition of Good OSH Performance or Practices of employees";"..Information and Communication";413;180
"Program for the Promotion of Mental Health in the Workplace with the Following elements: Program on Rewards and Recognition of Good OSH Performance or Practices of employees";"..Financial and Insurance Activities";834;300
"Program for the Promotion of Mental Health in the Workplace with the Following elements: Program on Rewards and Recognition of Good OSH Performance or Practices of employees";"..Real Estate Activities";214;130
"Program for the Promotion of Mental Health in the Workplace with the Following elements: Program on Rewards and Recognition of Good OSH Performance or Practices of employees";"..Professional, Scientific and Technical Activities";398;150
"Program for the Promotion of Mental Health in the Workplace with the Following elements: Program on Rewards and Recognition of Good OSH Performance or Practices of employees";"..Administrative and Support Service Activities";1253;623
"Program for the Promotion of Mental Health in the Workplace with the Following elements: Program on Rewards and Recognition of Good OSH Performance or Practices of employees";"..Education Except Public Education";1347;451
"Program for the Promotion of Mental Health in the Workplace with the Following elements: Program on Rewards and Recognition of Good OSH Performance or Practices of employees";"..Human Health and Social Work Activities Except Public Health Activities";983;434
"Program for the Promotion of Mental Health in the Workplace with the Following elements: Program on Rewards and Recognition of Good OSH Performance or Practices of employees";"..Arts, Entertainment and  Recreation";97;35
"Program for the Promotion of Mental Health in the Workplace with the Following elements: Program on Rewards and Recognition of Good OSH Performance or Practices of employees";"..Other Service Activities Except Activities of Membership Organization";92;33
"Program for the Promotion of Mental Health in the Workplace with the Following elements: COVID 19 Health and Safety Measures";"Establishments with Implemented OSH Policies/Programs";..;15828
"Program for the Promotion of Mental Health in the Workplace with the Following elements: COVID 19 Health and Safety Measures";"..Agriculture, Forestry and Fishing";..;368
"Program for the Promotion of Mental Health in the Workplace with the Following elements: COVID 19 Health and Safety Measures";"..Mining and Quarrying";..;75
"Program for the Promotion of Mental Health in the Workplace with the Following elements: COVID 19 Health and Safety Measures";"..Manufacturing";..;2730
"Program for the Promotion of Mental Health in the Workplace with the Following elements: COVID 19 Health and Safety Measures";"..Electricity, Gas, Steam and Air Conditioning Supply";..;220
"Program for the Promotion of Mental Health in the Workplace with the Following elements: COVID 19 Health and Safety Measures";"..Water Supply; Sewerage, Waste Management and Remediation Activities";..;154
"Program for the Promotion of Mental Health in the Workplace with the Following elements: COVID 19 Health and Safety Measures";"..Construction";..;498
"Program for the Promotion of Mental Health in the Workplace with the Following elements: COVID 19 Health and Safety Measures";"..Wholesale and Retail Trade; Repair of Motor Vehicles and Motorcycles";..;4355
"Program for the Promotion of Mental Health in the Workplace with the Following elements: COVID 19 Health and Safety Measures";"..Transportation and Storage";..;503
"Program for the Promotion of Mental Health in the Workplace with the Following elements: COVID 19 Health and Safety Measures";"..Accommodation and Food Service Activities";..;1566
"Program for the Promotion of Mental Health in the Workplace with the Following elements: COVID 19 Health and Safety Measures";"..Information and Communication";..;384
"Program for the Promotion of Mental Health in the Workplace with the Following elements: COVID 19 Health and Safety Measures";"..Financial and Insurance Activities";..;743
"Program for the Promotion of Mental Health in the Workplace with the Following elements: COVID 19 Health and Safety Measures";"..Real Estate Activities";..;314
"Program for the Promotion of Mental Health in the Workplace with the Following elements: COVID 19 Health and Safety Measures";"..Professional, Scientific and Technical Activities";..;323
"Program for the Promotion of Mental Health in the Workplace with the Following elements: COVID 19 Health and Safety Measures";"..Administrative and Support Service Activities";..;1252
"Program for the Promotion of Mental Health in the Workplace with the Following elements: COVID 19 Health and Safety Measures";"..Education Except Public Education";..;1420
"Program for the Promotion of Mental Health in the Workplace with the Following elements: COVID 19 Health and Safety Measures";"..Human Health and Social Work Activities Except Public Health Activities";..;742
"Program for the Promotion of Mental Health in the Workplace with the Following elements: COVID 19 Health and Safety Measures";"..Arts, Entertainment and  Recreation";..;75
"Program for the Promotion of Mental Health in the Workplace with the Following elements: COVID 19 Health and Safety Measures";"..Other Service Activities Except Activities of Membership Organization";..;104
"Program for the Promotion of Mental Health in the Workplace with the Following elements: Other Risk-Based Programs";"Establishments with Implemented OSH Policies/Programs";80;495
"Program for the Promotion of Mental Health in the Workplace with the Following elements: Other Risk-Based Programs";"..Agriculture, Forestry and Fishing";2;15
"Program for the Promotion of Mental Health in the Workplace with the Following elements: Other Risk-Based Programs";"..Mining and Quarrying";0;3
"Program for the Promotion of Mental Health in the Workplace with the Following elements: Other Risk-Based Programs";"..Manufacturing";21;151
"Program for the Promotion of Mental Health in the Workplace with the Following elements: Other Risk-Based Programs";"..Electricity, Gas, Steam and Air Conditioning Supply";1;17
"Program for the Promotion of Mental Health in the Workplace with the Following elements: Other Risk-Based Programs";"..Water Supply; Sewerage, Waste Management and Remediation Activities";0;19
"Program for the Promotion of Mental Health in the Workplace with the Following elements: Other Risk-Based Programs";"..Construction";35;11
"Program for the Promotion of Mental Health in the Workplace with the Following elements: Other Risk-Based Programs";"..Wholesale and Retail Trade; Repair of Motor Vehicles and Motorcycles";9;74
"Program for the Promotion of Mental Health in the Workplace with the Following elements: Other Risk-Based Programs";"..Transportation and Storage";0;23
"Program for the Promotion of Mental Health in the Workplace with the Following elements: Other Risk-Based Programs";"..Accommodation and Food Service Activities";3;5
"Program for the Promotion of Mental Health in the Workplace with the Following elements: Other Risk-Based Programs";"..Information and Communication";0;8
"Program for the Promotion of Mental Health in the Workplace with the Following elements: Other Risk-Based Programs";"..Financial and Insurance Activities";0;19
"Program for the Promotion of Mental Health in the Workplace with the Following elements: Other Risk-Based Programs";"..Real Estate Activities";0;3
"Program for the Promotion of Mental Health in the Workplace with the Following elements: Other Risk-Based Programs";"..Professional, Scientific and Technical Activities";0;19
"Program for the Promotion of Mental Health in the Workplace with the Following elements: Other Risk-Based Programs";"..Administrative and Support Service Activities";3;59
"Program for the Promotion of Mental Health in the Workplace with the Following elements: Other Risk-Based Programs";"..Education Except Public Education";4;46
"Program for the Promotion of Mental Health in the Workplace with the Following elements: Other Risk-Based Programs";"..Human Health and Social Work Activities Except Public Health Activities";0;22
"Program for the Promotion of Mental Health in the Workplace with the Following elements: Other Risk-Based Programs";"..Arts, Entertainment and  Recreation";2;0
"Program for the Promotion of Mental Health in the Workplace with the Following elements: Other Risk-Based Programs";"..Other Service Activities Except Activities of Membership Organization";0;0
